{
"type": "FeatureCollection",
"name": "zones",
"crs": { "type": "name", "properties": { "name": "urn:ogc:def:crs:OGC:1.3:CRS84" } },
"features": [
{ "type": "Feature", "properties": { "LocationID": 2, "zone": "Jamaica Bay", "borough": "Queens", "venues": 0, "cohort": "Low" }, "geometry": { "type": "MultiPolygon", "coordinates": [ [ [ [ -73.868962922104117, 40.581693794788862 ], [ -73.870505979183505, 40.583341953013949 ], [ -73.871159226754145, 40.586873887967521 ], [ -73.869813564821058, 40.589460926788384 ], [ -73.866350521640854, 40.591892676564861 ], [ -73.864308266925391, 40.591414744326592 ], [ -73.862741560286523, 40.590366407100149 ], [ -73.861252993773633, 40.587988085921438 ], [ -73.861922203987149, 40.585668548225755 ], [ -73.863274710719409, 40.583876848532057 ], [ -73.864492453356846, 40.583614938178989 ], [ -73.866518274303615, 40.582300538285786 ], [ -73.868962922104117, 40.581693794788862 ] ] ], [ [ [ -73.836244565520019, 40.594496397755236 ], [ -73.835271993899482, 40.594473517514686 ], [ -73.834224631394022, 40.593348241995976 ], [ -73.833083773303244, 40.592986626450852 ], [ -73.833124343230566, 40.592264070070271 ], [ -73.8325749810638, 40.59211820911414 ], [ -73.833141905317547, 40.591581773930791 ], [ -73.833559991678911, 40.592084719029131 ], [ -73.834226383582816, 40.591932562815629 ], [ -73.834150426725301, 40.591301171794285 ], [ -73.832561109700563, 40.591325729776855 ], [ -73.832535694850435, 40.590218935798546 ], [ -73.834954227676988, 40.589728155618218 ], [ -73.833328047705194, 40.589836595828913 ], [ -73.833596812593129, 40.589328625479112 ], [ -73.83719541135855, 40.589699117363111 ], [ -73.839463038184775, 40.592256568489283 ], [ -73.839963400872719, 40.591873539012099 ], [ -73.839433457359675, 40.5924396094738 ], [ -73.839890701909198, 40.592800211494051 ], [ -73.840810160810278, 40.592919686203892 ], [ -73.841358238350168, 40.592133357919813 ], [ -73.84116650852377, 40.592446064372147 ], [ -73.842205074437217, 40.593158004693009 ], [ -73.843858940839326, 40.5934253119608 ], [ -73.843311538394062, 40.594423032977197 ], [ -73.839029642480909, 40.59625348474885 ], [ -73.837434355003481, 40.595800443014056 ], [ -73.836244565520019, 40.594496397755236 ] ] ], [ [ [ -73.870208998362287, 40.596954232789578 ], [ -73.869527075489316, 40.598713750354605 ], [ -73.869670707114778, 40.596688563622315 ], [ -73.870208998362287, 40.596954232789578 ] ] ], [ [ [ -73.852690293518108, 40.597170750463491 ], [ -73.857161323507029, 40.596043697864843 ], [ -73.860444205340755, 40.596471905596474 ], [ -73.86328663134141, 40.599810042163448 ], [ -73.862975062609621, 40.601018272615782 ], [ -73.86187189847233, 40.602164325816133 ], [ -73.860781691668549, 40.60260840025645 ], [ -73.859059143277548, 40.602061431574143 ], [ -73.854825957829675, 40.601867195353819 ], [ -73.85276838155842, 40.600948854026129 ], [ -73.850767480015591, 40.598839443837591 ], [ -73.852690293518108, 40.597170750463491 ] ] ], [ [ [ -73.871081418114755, 40.598901147470293 ], [ -73.870494119147708, 40.602604446204786 ], [ -73.870194914899386, 40.598996405902092 ], [ -73.871081418114755, 40.598901147470293 ] ] ], [ [ [ -73.867026072870289, 40.604171584008412 ], [ -73.867681941542102, 40.603070766677547 ], [ -73.868308084646102, 40.603139161146352 ], [ -73.867935053726939, 40.603961135453162 ], [ -73.867026072870289, 40.604171584008412 ] ] ], [ [ [ -73.826297630158081, 40.607817072229906 ], [ -73.825900927207655, 40.606465930649627 ], [ -73.828616714576526, 40.60583848413782 ], [ -73.828150851911957, 40.60795028983312 ], [ -73.826297630158081, 40.607817072229906 ] ] ], [ [ [ -73.873001227247741, 40.610555458460055 ], [ -73.871038701117101, 40.60972358252674 ], [ -73.869664429584915, 40.606540123413126 ], [ -73.871093307680709, 40.604694173994886 ], [ -73.871056566461348, 40.606285088494438 ], [ -73.87245579811875, 40.608185530348742 ], [ -73.873001227247741, 40.610555458460055 ] ] ], [ [ [ -73.868743175591689, 40.607035179279499 ], [ -73.868684688267521, 40.608241158184128 ], [ -73.867775015611372, 40.608539488778497 ], [ -73.867023994751492, 40.608068178769621 ], [ -73.868743175591689, 40.607035179279499 ] ] ], [ [ [ -73.836101566288448, 40.607362793823505 ], [ -73.832521922753472, 40.610384993604015 ], [ -73.830329479057767, 40.608487879916694 ], [ -73.830458153927211, 40.606669201403413 ], [ -73.834541441096547, 40.605477383766079 ], [ -73.835876016230287, 40.605636907545765 ], [ -73.836101566288448, 40.607362793823505 ] ] ], [ [ [ -73.826074726045377, 40.608437799546337 ], [ -73.827711042359766, 40.608398668130903 ], [ -73.828050772600648, 40.610046296865484 ], [ -73.826883264148051, 40.609596678069607 ], [ -73.826074726045377, 40.608437799546337 ] ] ], [ [ [ -73.838256672905317, 40.613847216216612 ], [ -73.840794424083498, 40.60564326638287 ], [ -73.847148096876595, 40.603614242192187 ], [ -73.851794022151921, 40.60689716858387 ], [ -73.851240929104492, 40.607719613415163 ], [ -73.847790134058343, 40.60923538526302 ], [ -73.848167693676771, 40.612534228297662 ], [ -73.84731105470064, 40.613438461927011 ], [ -73.846148045138435, 40.617728420366539 ], [ -73.843044212967726, 40.617737696390627 ], [ -73.842835735287935, 40.61660943616382 ], [ -73.84400850201834, 40.617041366153764 ], [ -73.844541934736824, 40.614867921675348 ], [ -73.840999425396305, 40.613029126216325 ], [ -73.838256672905317, 40.613847216216612 ] ] ], [ [ [ -73.849739863064983, 40.615156058143512 ], [ -73.850108575553662, 40.610212193346207 ], [ -73.855155922883398, 40.606120513001699 ], [ -73.857086381732458, 40.606468242933744 ], [ -73.857040527277235, 40.608299488876185 ], [ -73.859017553182781, 40.609475753925281 ], [ -73.859248554521869, 40.611254830874458 ], [ -73.858020931463471, 40.612643816910797 ], [ -73.856483607492322, 40.613190694864009 ], [ -73.858580567827715, 40.616917087222042 ], [ -73.85523067631884, 40.616131453358193 ], [ -73.85530325465119, 40.613145413572994 ], [ -73.852367043848488, 40.613155989076915 ], [ -73.853768459620724, 40.614087596516981 ], [ -73.85263195046835, 40.615094081909142 ], [ -73.849739863064983, 40.615156058143512 ] ] ], [ [ [ -73.86498193495926, 40.625660706041231 ], [ -73.866261276657355, 40.618456348024139 ], [ -73.87084603194215, 40.616967426457791 ], [ -73.878247793242394, 40.615444608331728 ], [ -73.874813868650492, 40.623587189183851 ], [ -73.866843841425265, 40.627829242860443 ], [ -73.86498193495926, 40.625660706041231 ] ] ], [ [ [ -73.846147540083194, 40.622223609607957 ], [ -73.848477815812856, 40.622418784790739 ], [ -73.856655101917482, 40.619993649188544 ], [ -73.861071322142678, 40.617712079370769 ], [ -73.863649887949336, 40.617878773642573 ], [ -73.864041062764869, 40.61920759671424 ], [ -73.861518254852328, 40.619049218399425 ], [ -73.861028833833842, 40.624138986994303 ], [ -73.863478809470053, 40.623388609316017 ], [ -73.863349556702246, 40.625924908777947 ], [ -73.861376324654955, 40.625979153993249 ], [ -73.860410822708744, 40.62516691297774 ], [ -73.858613389347227, 40.627962022328241 ], [ -73.857677790282096, 40.627983758948673 ], [ -73.857863093170309, 40.62844490266761 ], [ -73.856505509775801, 40.629097353726785 ], [ -73.856134798412398, 40.628280911273087 ], [ -73.853965441911498, 40.627610943898063 ], [ -73.854369310627689, 40.628817676544074 ], [ -73.850716961085723, 40.628002992109643 ], [ -73.848468681961677, 40.629643330753375 ], [ -73.847343506669759, 40.62909473971645 ], [ -73.849846301674177, 40.626224490746125 ], [ -73.847278377279807, 40.626621669792137 ], [ -73.84504991718353, 40.625411061883803 ], [ -73.843580107555027, 40.623178164184608 ], [ -73.846147540083194, 40.622223609607957 ] ] ], [ [ [ -73.836237315978281, 40.631110861231925 ], [ -73.841102054474248, 40.624556436515341 ], [ -73.844457114622372, 40.629847794440195 ], [ -73.842423745765004, 40.631532549244426 ], [ -73.837651743624008, 40.632839732956192 ], [ -73.836237315978281, 40.631110861231925 ] ] ], [ [ [ -73.84352007697278, 40.636503685328123 ], [ -73.845048592786327, 40.633174838999857 ], [ -73.847218348321249, 40.631965686706259 ], [ -73.848589966439292, 40.630131986806752 ], [ -73.858558363479801, 40.630458288195797 ], [ -73.856137418759104, 40.635081546014888 ], [ -73.846679148402345, 40.638731711757345 ], [ -73.84352007697278, 40.636503685328123 ] ] ], [ [ [ -73.824517336554607, 40.598965808733261 ], [ -73.82395871079126, 40.598876896838732 ], [ -73.824522712764022, 40.598951263990799 ], [ -73.824770889924778, 40.598391843874388 ], [ -73.824517336554607, 40.598965808733261 ] ] ], [ [ [ -73.823031951834238, 40.599930516942337 ], [ -73.822927578112015, 40.600061428163279 ], [ -73.823004365424097, 40.599925619198267 ], [ -73.823031951834238, 40.599930516942337 ] ] ], [ [ [ -73.823117409747695, 40.600079492525531 ], [ -73.823173561681628, 40.599978005155975 ], [ -73.823180159642959, 40.600083849028316 ], [ -73.823117409747695, 40.600079492525531 ] ] ], [ [ [ -73.809921461117668, 40.601787095342459 ], [ -73.81029011586071, 40.598991670072543 ], [ -73.811575503455217, 40.598141199259757 ], [ -73.814447381362243, 40.600543168853868 ], [ -73.815014715684242, 40.602056291563734 ], [ -73.814286936985795, 40.604455666221867 ], [ -73.813396652233436, 40.604364072245538 ], [ -73.811841302647849, 40.603134665085975 ], [ -73.810853651866466, 40.603223713014529 ], [ -73.809921461117668, 40.601787095342459 ] ] ], [ [ [ -73.815460664833509, 40.606428137007597 ], [ -73.815525367236646, 40.606407380282157 ], [ -73.815741740819035, 40.606465245117903 ], [ -73.815460664833509, 40.606428137007597 ] ] ], [ [ [ -73.796963277950326, 40.604117848767991 ], [ -73.801200196678806, 40.603912200652275 ], [ -73.804285306785971, 40.604519279530777 ], [ -73.805206765833233, 40.606739538100371 ], [ -73.804196955901674, 40.608744199035783 ], [ -73.801592067441149, 40.610230962501454 ], [ -73.798781986800989, 40.6103332756893 ], [ -73.796306542154269, 40.609338032538375 ], [ -73.794201726240317, 40.607730675613553 ], [ -73.793521527154752, 40.606327591396116 ], [ -73.793997549525926, 40.606080153462813 ], [ -73.795090023191577, 40.607271060105766 ], [ -73.794247990332238, 40.605900380031834 ], [ -73.796963277950326, 40.604117848767991 ] ] ], [ [ [ -73.814502615667081, 40.611058473505643 ], [ -73.81520720849484, 40.609816733796883 ], [ -73.815598587896659, 40.610672516164904 ], [ -73.815403661898401, 40.610384802015673 ], [ -73.814502615667081, 40.611058473505643 ] ] ], [ [ [ -73.814867259721254, 40.614010649752984 ], [ -73.814857222891007, 40.614299226214968 ], [ -73.815495266375834, 40.614039815133367 ], [ -73.815036384946282, 40.612976213749612 ], [ -73.815469483171938, 40.613342929008617 ], [ -73.816156266662347, 40.612942115755146 ], [ -73.816431503897789, 40.614282334965132 ], [ -73.814209267544641, 40.614703443270223 ], [ -73.814867259721254, 40.614010649752984 ] ] ], [ [ [ -73.791428026321427, 40.622277658348139 ], [ -73.789496532244115, 40.622746646108133 ], [ -73.784194832989257, 40.62089266995531 ], [ -73.785215430766812, 40.620063493744631 ], [ -73.78446087067887, 40.617027835129903 ], [ -73.783225545300141, 40.615578730723492 ], [ -73.780985977488655, 40.61474950353729 ], [ -73.780708871952825, 40.614026809006063 ], [ -73.783552214374041, 40.611924451981075 ], [ -73.784975233533373, 40.61192957008835 ], [ -73.785778093157958, 40.610993477070885 ], [ -73.788659106275475, 40.610090594226996 ], [ -73.789018402386446, 40.609222206944757 ], [ -73.789953893623363, 40.608981566326136 ], [ -73.791397210119115, 40.607610855250122 ], [ -73.791172876724758, 40.608474599109016 ], [ -73.793651040956419, 40.608985814969337 ], [ -73.794806338750433, 40.61037836048142 ], [ -73.798985293943389, 40.611482457719347 ], [ -73.79917318059519, 40.612026246931968 ], [ -73.800257000702388, 40.611597282888305 ], [ -73.800801259194785, 40.611933904481788 ], [ -73.799316940773267, 40.613358220591749 ], [ -73.799685101530997, 40.613777474043268 ], [ -73.799039035055912, 40.615550542484208 ], [ -73.798163006117477, 40.615716090283783 ], [ -73.798060903891596, 40.616326916541261 ], [ -73.797275925377249, 40.616660412916978 ], [ -73.797004847788571, 40.618379943958125 ], [ -73.796355679042193, 40.61845468453555 ], [ -73.795237513433776, 40.621657155463467 ], [ -73.794440154823036, 40.621851573315404 ], [ -73.794566301938275, 40.622615865823029 ], [ -73.791428026321427, 40.622277658348139 ] ] ], [ [ [ -73.766719311013404, 40.615003632864905 ], [ -73.768252880033785, 40.614877725169521 ], [ -73.773976920188247, 40.616003575671662 ], [ -73.768734547557187, 40.620900868220424 ], [ -73.767459269752564, 40.620511322031447 ], [ -73.766719311013404, 40.615003632864905 ] ] ], [ [ [ -73.799214934277572, 40.624084712988704 ], [ -73.79403741688607, 40.625635195955113 ], [ -73.793629274813497, 40.625156476195158 ], [ -73.798090931071727, 40.62306294824451 ], [ -73.799510856737356, 40.621175533021173 ], [ -73.799920576326826, 40.618575240166173 ], [ -73.801724986401638, 40.619967008731876 ], [ -73.800962922423409, 40.617772369397223 ], [ -73.801280495040928, 40.615879839747748 ], [ -73.802703438678066, 40.613580652321922 ], [ -73.803398209611899, 40.613172104348742 ], [ -73.805089060122924, 40.613432560419632 ], [ -73.804765926165572, 40.615800991371067 ], [ -73.805753022222817, 40.616694857538484 ], [ -73.805659450605631, 40.617600255343916 ], [ -73.807641168961169, 40.621199654692447 ], [ -73.806985023810611, 40.623871998830175 ], [ -73.802515779469061, 40.626329137692487 ], [ -73.800111771456599, 40.626927441987291 ], [ -73.800928415650318, 40.627524104895862 ], [ -73.797835333985134, 40.627408716571715 ], [ -73.797838481569613, 40.627013466303879 ], [ -73.795662567261061, 40.626114004327995 ], [ -73.799214934277572, 40.624084712988704 ] ] ], [ [ [ -73.771806555305702, 40.623481909990879 ], [ -73.772031314313509, 40.622991212903159 ], [ -73.775118912544315, 40.619233847487536 ], [ -73.772362601627094, 40.623147326004521 ], [ -73.771806555305702, 40.623481909990879 ] ] ], [ [ [ -73.811294322076563, 40.624703779000598 ], [ -73.812100453342936, 40.62110059681509 ], [ -73.810240665049903, 40.616487640654398 ], [ -73.810899904816054, 40.616218471341156 ], [ -73.812007177733548, 40.617179371483509 ], [ -73.814495433024121, 40.622394945305487 ], [ -73.814182785596458, 40.623694631558301 ], [ -73.816790735025521, 40.626348918121394 ], [ -73.81383288662272, 40.625926233997809 ], [ -73.816270260439808, 40.627145805917294 ], [ -73.81720935727391, 40.629106351152558 ], [ -73.817305769276203, 40.630621973798036 ], [ -73.816371812001663, 40.631372728249325 ], [ -73.813917332198059, 40.630776392218323 ], [ -73.813072338926176, 40.629261099642839 ], [ -73.813525021228742, 40.627306172686154 ], [ -73.812585560381322, 40.62837191618393 ], [ -73.811294322076563, 40.624703779000598 ] ] ], [ [ [ -73.773486165225023, 40.625085118163732 ], [ -73.773832587265375, 40.624944848253634 ], [ -73.773485604094361, 40.625113148109428 ], [ -73.773486165225023, 40.625085118163732 ] ] ], [ [ [ -73.823375972606627, 40.638987047176919 ], [ -73.820591228163963, 40.628924225017499 ], [ -73.819733846018053, 40.627712304087282 ], [ -73.817964148395632, 40.627105565696972 ], [ -73.817697965932581, 40.625961622496426 ], [ -73.816114834295433, 40.624604655173236 ], [ -73.816729980585706, 40.623871514072775 ], [ -73.817952847206854, 40.624093280117648 ], [ -73.81889389047457, 40.622629158032844 ], [ -73.817787183106674, 40.621626331776298 ], [ -73.816970078208698, 40.62149155710128 ], [ -73.816530742595788, 40.622002518748182 ], [ -73.81571468044605, 40.621489551517143 ], [ -73.815431747042638, 40.620116531242402 ], [ -73.817180538784527, 40.619267274493389 ], [ -73.817774298345228, 40.617501121695852 ], [ -73.817118936222172, 40.615282192345639 ], [ -73.816526811891208, 40.614947009580256 ], [ -73.821416015999915, 40.615054763000131 ], [ -73.823824685976604, 40.611498664955292 ], [ -73.825753221052707, 40.614192081540288 ], [ -73.827256366329891, 40.613378714124742 ], [ -73.827875254717952, 40.613697628598608 ], [ -73.82750222609539, 40.614204666720397 ], [ -73.830545752859166, 40.614933060780842 ], [ -73.834341681222838, 40.614365437197627 ], [ -73.835422886833229, 40.614610454436004 ], [ -73.83585572623771, 40.615208999053138 ], [ -73.837791674841441, 40.615559650343066 ], [ -73.835941625295234, 40.616545261917331 ], [ -73.834962226455872, 40.617780308811994 ], [ -73.835747065585778, 40.619611526330004 ], [ -73.835512362934821, 40.619958106145475 ], [ -73.834958150637021, 40.619839287733939 ], [ -73.835104717624432, 40.619497834020969 ], [ -73.834772060069142, 40.619844145468392 ], [ -73.835312018533884, 40.62014537181404 ], [ -73.834645138057198, 40.621997727389918 ], [ -73.83534733990399, 40.623695778844123 ], [ -73.835143558597352, 40.625487082796859 ], [ -73.833422308099557, 40.626781983462287 ], [ -73.834643772249748, 40.627427079424571 ], [ -73.833041009077476, 40.628261271060822 ], [ -73.83196080768154, 40.629652729879545 ], [ -73.831153931796251, 40.632560527529719 ], [ -73.833406079792269, 40.638501355899166 ], [ -73.832216588191599, 40.638928490220977 ], [ -73.828085673532854, 40.635879726836727 ], [ -73.825473940482098, 40.635795019395132 ], [ -73.82443032497055, 40.636216521041 ], [ -73.824193272931566, 40.639953274487993 ], [ -73.823375972606627, 40.638987047176919 ] ] ], [ [ [ -73.798118722261989, 40.631037509261326 ], [ -73.79119486069375, 40.634148219675048 ], [ -73.790811112752493, 40.634310355755446 ], [ -73.798118722261989, 40.631037509261326 ] ] ] ] } },
{ "type": "Feature", "properties": { "LocationID": 3, "zone": "Allerton/Pelham Gardens", "borough": "Bronx", "venues": 1, "cohort": "Low" }, "geometry": { "type": "Polygon", "coordinates": [ [ [ -73.847926140999846, 40.871342234000103 ], [ -73.830893296999989, 40.862212849000137 ], [ -73.829508926999935, 40.861841213000055 ], [ -73.828473466999938, 40.860731353000105 ], [ -73.829874887, 40.859740420000094 ], [ -73.836819184999882, 40.857276809000098 ], [ -73.847397469999891, 40.858682546000139 ], [ -73.856637746999894, 40.858119172000094 ], [ -73.857803787999927, 40.863036217000079 ], [ -73.859612811999824, 40.865512718000062 ], [ -73.861562740999872, 40.865549464000104 ], [ -73.861379240999838, 40.87133651200012 ], [ -73.856613824999926, 40.871250167000092 ], [ -73.856512923999929, 40.874217793000149 ], [ -73.847926140999846, 40.871342234000103 ] ] ] } },
{ "type": "Feature", "properties": { "LocationID": 4, "zone": "Alphabet City", "borough": "Manhattan", "venues": 0, "cohort": "Low" }, "geometry": { "type": "Polygon", "coordinates": [ [ [ -73.971774109653182, 40.725821281337254 ], [ -73.973479755745117, 40.718861429113055 ], [ -73.977223791999918, 40.719309775000099 ], [ -73.983823872999807, 40.721472872000078 ], [ -73.978026979999854, 40.729433060000197 ], [ -73.972050152999884, 40.72688094600008 ], [ -73.971774109653182, 40.725821281337254 ] ] ] } },
{ "type": "Feature", "properties": { "LocationID": 5, "zone": "Arden Heights", "borough": "Staten Island", "venues": 0, "cohort": "Low" }, "geometry": { "type": "Polygon", "coordinates": [ [ [ -74.181808165999939, 40.565384579000117 ], [ -74.171851664999963, 40.561520923000117 ], [ -74.175124029999964, 40.557620038000124 ], [ -74.180185246999955, 40.548379609000122 ], [ -74.189031451999952, 40.538159342000071 ], [ -74.191353237999962, 40.536664859000041 ], [ -74.193771692999988, 40.53583384700012 ], [ -74.203148259999963, 40.556061785000047 ], [ -74.201683145999951, 40.555875693000132 ], [ -74.200467307999915, 40.556230491000072 ], [ -74.193173883999947, 40.562604344000128 ], [ -74.191010216999956, 40.562569402000129 ], [ -74.189477545999935, 40.563580990000112 ], [ -74.185253959999912, 40.564549355000111 ], [ -74.183403116999912, 40.56540496200013 ], [ -74.181808165999939, 40.565384579000117 ] ] ] } },
{ "type": "Feature", "properties": { "LocationID": 6, "zone": "Arrochar/Fort Wadsworth", "borough": "Staten Island", "venues": 0, "cohort": "Low" }, "geometry": { "type": "Polygon", "coordinates": [ [ [ -74.063673188999985, 40.602198166000143 ], [ -74.065170912999903, 40.604213508000079 ], [ -74.056858123902316, 40.608056357772753 ], [ -74.056010414108798, 40.606780566132194 ], [ -74.053810698054363, 40.605912718853183 ], [ -74.054020399590499, 40.60493472091656 ], [ -74.053033307410772, 40.601466470699265 ], [ -74.053407058394598, 40.60052266104411 ], [ -74.052228269541885, 40.599776102303835 ], [ -74.05291816194962, 40.599846257178392 ], [ -74.054474223339056, 40.598755539548598 ], [ -74.065033323781307, 40.588990998435385 ], [ -74.067284106999921, 40.590986203000078 ], [ -74.070439760999918, 40.596734747000092 ], [ -74.078881916999862, 40.593942791000131 ], [ -74.078466937999906, 40.593300012000093 ], [ -74.081733429999915, 40.592156286000069 ], [ -74.083768622999983, 40.595520957000133 ], [ -74.085875118999965, 40.595890121000068 ], [ -74.08497132899997, 40.597325110000071 ], [ -74.0814942209999, 40.599081991000148 ], [ -74.081164208999951, 40.600206554000131 ], [ -74.081844981999922, 40.601535197000125 ], [ -74.082187292999876, 40.601941008000075 ], [ -74.083838024999963, 40.601925767000125 ], [ -74.089476305999924, 40.600904322000126 ], [ -74.091720514999949, 40.599220857000041 ], [ -74.092888503999987, 40.601267851000102 ], [ -74.092692138999922, 40.606513847000073 ], [ -74.090454958999956, 40.609094526000106 ], [ -74.083419333999913, 40.606522509000108 ], [ -74.076567346999965, 40.606121664000128 ], [ -74.072981068999979, 40.605469930000048 ], [ -74.063673188999985, 40.602198166000143 ] ] ] } },
{ "type": "Feature", "properties": { "LocationID": 7, "zone": "Astoria", "borough": "Queens", "venues": 1, "cohort": "Low" }, "geometry": { "type": "Polygon", "coordinates": [ [ [ -73.918116864999917, 40.770028486000086 ], [ -73.902025165999916, 40.767416784000083 ], [ -73.907794054999869, 40.760517800000116 ], [ -73.906315050999879, 40.759843876000119 ], [ -73.909012590999922, 40.75427981500016 ], [ -73.910231246999913, 40.752976523000029 ], [ -73.917631929000052, 40.753857849000127 ], [ -73.92562743799995, 40.7521372450001 ], [ -73.924156999999852, 40.75396114200003 ], [ -73.936790916999925, 40.759882881000109 ], [ -73.933980921000014, 40.762825982000045 ], [ -73.937004785999861, 40.764239954000168 ], [ -73.93600532399995, 40.76588489500007 ], [ -73.938589768999975, 40.766817359000115 ], [ -73.936183796999927, 40.767691801000133 ], [ -73.934935110999916, 40.767013024000079 ], [ -73.933444684999927, 40.768817790000114 ], [ -73.924252887999785, 40.76472456400014 ], [ -73.922189461999949, 40.767267357000087 ], [ -73.919777647999979, 40.766152184000077 ], [ -73.918493369999979, 40.76773465700014 ], [ -73.919955968999915, 40.768440065000071 ], [ -73.918116864999917, 40.770028486000086 ] ] ] } },
{ "type": "Feature", "properties": { "LocationID": 8, "zone": "Astoria Park", "borough": "Queens", "venues": 0, "cohort": "Low" }, "geometry": { "type": "Polygon", "coordinates": [ [ [ -73.92302571499998, 40.775384309000131 ], [ -73.923981428999966, 40.774615112000092 ], [ -73.92827730816353, 40.776898975162368 ], [ -73.924233630037548, 40.77910119388288 ], [ -73.919964587964955, 40.78263506876845 ], [ -73.91796581399997, 40.781256291000084 ], [ -73.923757612999978, 40.77654701200008 ], [ -73.92302571499998, 40.775384309000131 ] ] ] } },
{ "type": "Feature", "properties": { "LocationID": 9, "zone": "Auburndale", "borough": "Queens", "venues": 0, "cohort": "Low" }, "geometry": { "type": "Polygon", "coordinates": [ [ [ -73.785719935999936, 40.762921465000048 ], [ -73.782124619999792, 40.75533931200011 ], [ -73.780520377999935, 40.753330743000099 ], [ -73.775738369999914, 40.74332564700012 ], [ -73.780366034999957, 40.742591663000077 ], [ -73.796402187000041, 40.73828235800007 ], [ -73.797256708999925, 40.740213043000104 ], [ -73.79723084999992, 40.741695507000138 ], [ -73.795012858999826, 40.74373704500006 ], [ -73.794458691999893, 40.745436954000184 ], [ -73.794722648999965, 40.747599330000092 ], [ -73.797295246999951, 40.749435053000063 ], [ -73.794719010999899, 40.750647617000098 ], [ -73.794932461999935, 40.757798030000153 ], [ -73.79031517, 40.757823451000093 ], [ -73.790760045999875, 40.760985769000108 ], [ -73.793439911999883, 40.760764128000119 ], [ -73.793025513999851, 40.764621192000078 ], [ -73.793959146999896, 40.764695320000087 ], [ -73.79317944599984, 40.770403178000102 ], [ -73.788368566000031, 40.764438429000073 ], [ -73.785719935999936, 40.762921465000048 ] ] ] } },
{ "type": "Feature", "properties": { "LocationID": 10, "zone": "Baisley Park", "borough": "Queens", "venues": 1, "cohort": "Low" }, "geometry": { "type": "Polygon", "coordinates": [ [ [ -73.783266249999883, 40.689994293000119 ], [ -73.782344527999882, 40.688407437000173 ], [ -73.781486756999954, 40.688697183000102 ], [ -73.779668505999979, 40.68537712300013 ], [ -73.776997675999965, 40.686282689000116 ], [ -73.774184148999836, 40.683237921000128 ], [ -73.773287039999971, 40.683454731000062 ], [ -73.772202752999874, 40.681610339000116 ], [ -73.777742112999903, 40.679446576000039 ], [ -73.78025859499995, 40.677840924000094 ], [ -73.783973840999863, 40.675117609000154 ], [ -73.785737308999927, 40.672385035000083 ], [ -73.788086473999854, 40.673009627000106 ], [ -73.789409993999911, 40.666841158000132 ], [ -73.801555653000037, 40.66675336400008 ], [ -73.801428367999875, 40.673666834000066 ], [ -73.805768401999913, 40.682932391000122 ], [ -73.798982090999885, 40.684858737000106 ], [ -73.79995042799996, 40.686827719000092 ], [ -73.795614867999873, 40.688656891000093 ], [ -73.793908417, 40.686304691000075 ], [ -73.783266249999883, 40.689994293000119 ] ] ] } },
{ "type": "Feature", "properties": { "LocationID": 11, "zone": "Bath Beach", "borough": "Brooklyn", "venues": 0, "cohort": "Low" }, "geometry": { "type": "Polygon", "coordinates": [ [ [ -74.004934488999922, 40.605074406000071 ], [ -74.000323537999932, 40.602620292000125 ], [ -74.000022660999917, 40.602907316000092 ], [ -73.995593207999946, 40.600232222000059 ], [ -74.002003947546669, 40.594132371138016 ], [ -74.005526219861309, 40.597539154070908 ], [ -74.010412388865234, 40.600475181746404 ], [ -74.014783637167355, 40.602082102970996 ], [ -74.019427608619026, 40.602871578425471 ], [ -74.015498549999975, 40.606841524000117 ], [ -74.017019101999949, 40.607654417000127 ], [ -74.010504035999972, 40.613896611000058 ], [ -74.000944083999968, 40.60863971000007 ], [ -74.004934488999922, 40.605074406000071 ] ] ] } },
{ "type": "Feature", "properties": { "LocationID": 12, "zone": "Battery Park", "borough": "Manhattan", "venues": 0, "cohort": "Low" }, "geometry": { "type": "Polygon", "coordinates": [ [ [ -74.016686130999986, 40.704799338000107 ], [ -74.014258613999942, 40.704489443000107 ], [ -74.014429831999976, 40.703150648000104 ], [ -74.01376867799992, 40.701143263000091 ], [ -74.014220631954998, 40.700111491868498 ], [ -74.014643232349016, 40.700817304325291 ], [ -74.015068182693099, 40.700318257555146 ], [ -74.015098322701306, 40.700334265523672 ], [ -74.014673656284998, 40.700834609531171 ], [ -74.016138906359984, 40.701646017102874 ], [ -74.017647975068499, 40.703494599879754 ], [ -74.017570357030223, 40.704183880993384 ], [ -74.016686130999986, 40.704799338000107 ] ] ] } },
{ "type": "Feature", "properties": { "LocationID": 13, "zone": "Battery Park City", "borough": "Manhattan", "venues": 0, "cohort": "Low" }, "geometry": { "type": "Polygon", "coordinates": [ [ [ -74.012441092999907, 40.719057673000101 ], [ -74.014954153999952, 40.709432692000142 ], [ -74.016687146999928, 40.704743942000057 ], [ -74.017817586979461, 40.703937922496827 ], [ -74.018668308379659, 40.704435240621443 ], [ -74.017480861525783, 40.704667487696341 ], [ -74.018887466493652, 40.7047291488376 ], [ -74.019342546244829, 40.706093673029912 ], [ -74.018190292596415, 40.707821626110174 ], [ -74.018855009119719, 40.708047534447537 ], [ -74.01777014254499, 40.712834574789355 ], [ -74.017800378883891, 40.712345124158794 ], [ -74.016624244252853, 40.712157318995466 ], [ -74.01632006627581, 40.713407982478444 ], [ -74.017544433346572, 40.71361122266449 ], [ -74.017724962192844, 40.713070181622946 ], [ -74.01671018605829, 40.718624176058192 ], [ -74.013213227191827, 40.71831571989599 ], [ -74.013030681132079, 40.719131455909753 ], [ -74.012441092999907, 40.719057673000101 ] ] ] } },
{ "type": "Feature", "properties": { "LocationID": 14, "zone": "Bay Ridge", "borough": "Brooklyn", "venues": 0, "cohort": "Low" }, "geometry": { "type": "Polygon", "coordinates": [ [ [ -74.034073292971286, 40.644313932982051 ], [ -74.029059688999936, 40.641726673000122 ], [ -74.02890829899998, 40.641173411000096 ], [ -74.026262673, 40.640094381000083 ], [ -74.026952446999928, 40.639446065000186 ], [ -74.024754375999976, 40.638121418000082 ], [ -74.021080513999976, 40.64149093700015 ], [ -74.021760408999967, 40.639824346000076 ], [ -74.021410383999921, 40.638584903000051 ], [ -74.016835401, 40.635355429000178 ], [ -74.016020101, 40.633317114000164 ], [ -74.015146306999952, 40.633221938000119 ], [ -74.01970491599991, 40.622184965000123 ], [ -74.020086673, 40.622420952000063 ], [ -74.025253271999915, 40.616678458000159 ], [ -74.027542972999981, 40.612937183000092 ], [ -74.02637609099996, 40.612450603000127 ], [ -74.027106605999947, 40.610243956000126 ], [ -74.024783762999988, 40.60969962900004 ], [ -74.024578554999906, 40.610223302000136 ], [ -74.024304375999918, 40.609456969000135 ], [ -74.021506028999937, 40.607822099000131 ], [ -74.022477694999935, 40.606674216000066 ], [ -74.02078541, 40.605673686000095 ], [ -74.021394672999989, 40.604493998000116 ], [ -74.018691357999955, 40.60360792400013 ], [ -74.019427608619026, 40.602871578425471 ], [ -74.021016629910804, 40.603555553161186 ], [ -74.030051465476845, 40.604759173812141 ], [ -74.032131595513093, 40.605901836264444 ], [ -74.036039777779052, 40.609295639002063 ], [ -74.036916284338815, 40.611180791065692 ], [ -74.040381323386725, 40.615341782328628 ], [ -74.041891237417886, 40.624060414930007 ], [ -74.041086566114927, 40.630098523895491 ], [ -74.036806620488576, 40.638984221545776 ], [ -74.038762979207519, 40.63958825898073 ], [ -74.036724843748772, 40.639141190206885 ], [ -74.035712761507241, 40.640640154046686 ], [ -74.036758403175128, 40.641611762714184 ], [ -74.034073292971286, 40.644313932982051 ] ] ] } },
{ "type": "Feature", "properties": { "LocationID": 15, "zone": "Bay Terrace/Fort Totten", "borough": "Queens", "venues": 2, "cohort": "Low" }, "geometry": { "type": "Polygon", "coordinates": [ [ [ -73.777403912908696, 40.796598241268036 ], [ -73.774377844291067, 40.794495188274688 ], [ -73.773632481889138, 40.792749756215258 ], [ -73.772326481735405, 40.791480824626703 ], [ -73.772132928264682, 40.79017877433462 ], [ -73.770631245374176, 40.788462906037353 ], [ -73.771737563506662, 40.787463608912034 ], [ -73.774268360589588, 40.78675665865493 ], [ -73.77633728818715, 40.788487225753947 ], [ -73.768200554600327, 40.779444179191159 ], [ -73.767023923464976, 40.780086234158468 ], [ -73.76677570373937, 40.779812458698515 ], [ -73.768161730515757, 40.779396821242194 ], [ -73.76782207615058, 40.778810376156805 ], [ -73.768337889999827, 40.7786825250001 ], [ -73.768573049999901, 40.779105429000118 ], [ -73.77553732199992, 40.777025598000122 ], [ -73.775839582999936, 40.77861237200009 ], [ -73.79565702099984, 40.773036086000126 ], [ -73.798530093999872, 40.775190729000116 ], [ -73.803790228999887, 40.775610112000116 ], [ -73.802427916999875, 40.786068274000094 ], [ -73.797842054999805, 40.785894259000095 ], [ -73.794919776000015, 40.78633880800006 ], [ -73.790582989999876, 40.788192910000099 ], [ -73.79179280401884, 40.78935161654946 ], [ -73.790282023531958, 40.790316963399945 ], [ -73.785681013014056, 40.790340671660175 ], [ -73.782530806635194, 40.791276789432104 ], [ -73.78434153059591, 40.791749353795076 ], [ -73.781747087630961, 40.791133406644661 ], [ -73.780775031390149, 40.792990705340713 ], [ -73.781660115553791, 40.793482020313235 ], [ -73.780724350698307, 40.793333618824391 ], [ -73.780791820726463, 40.794035919864577 ], [ -73.781903854210327, 40.794901203894369 ], [ -73.783252710258779, 40.79492032976615 ], [ -73.782003261033623, 40.79497546250375 ], [ -73.781541500327435, 40.79565973732015 ], [ -73.77936246804822, 40.796685392535117 ], [ -73.777403912908696, 40.796598241268036 ] ] ] } },
{ "type": "Feature", "properties": { "LocationID": 16, "zone": "Bayside", "borough": "Queens", "venues": 4, "cohort": "Low" }, "geometry": { "type": "Polygon", "coordinates": [ [ [ -73.768573049999901, 40.779105429000118 ], [ -73.768337889999827, 40.7786825250001 ], [ -73.76782207615058, 40.778810376156805 ], [ -73.765104368202046, 40.773799038723261 ], [ -73.758935120936854, 40.768334328516154 ], [ -73.758642643580728, 40.767357170035645 ], [ -73.757870305670565, 40.766946428452314 ], [ -73.7573902080387, 40.767166672358691 ], [ -73.756500719378167, 40.76634450501826 ], [ -73.755473104397979, 40.766365580416682 ], [ -73.753770364822657, 40.765304631241634 ], [ -73.75921689799992, 40.76432485600008 ], [ -73.758864313999879, 40.763274541000129 ], [ -73.758446720999871, 40.764115146000059 ], [ -73.757848586999927, 40.762566800000123 ], [ -73.758480750999951, 40.761994737000116 ], [ -73.758001317999955, 40.760379867000104 ], [ -73.762395104999911, 40.759496998000095 ], [ -73.761843439999865, 40.755537269000079 ], [ -73.75684127399991, 40.74932207700008 ], [ -73.772414609999899, 40.743884845000117 ], [ -73.775738369999914, 40.74332564700012 ], [ -73.780520377999935, 40.753330743000099 ], [ -73.784289918999932, 40.759440299000104 ], [ -73.785463830999845, 40.762591925000095 ], [ -73.788368566000031, 40.764438429000073 ], [ -73.79565702099984, 40.773036086000126 ], [ -73.776783632999908, 40.778409583000048 ], [ -73.775839582999936, 40.77861237200009 ], [ -73.77553732199992, 40.777025598000122 ], [ -73.768573049999901, 40.779105429000118 ] ] ] } },
{ "type": "Feature", "properties": { "LocationID": 17, "zone": "Bedford", "borough": "Brooklyn", "venues": 3, "cohort": "Low" }, "geometry": { "type": "Polygon", "coordinates": [ [ [ -73.947052052999908, 40.703663949000067 ], [ -73.941930788999827, 40.700725234000082 ], [ -73.944387885999859, 40.700424523000116 ], [ -73.94032794, 40.679889975000073 ], [ -73.953370174999904, 40.680640508000117 ], [ -73.954684188999977, 40.687244854000056 ], [ -73.959567701999845, 40.686682555000154 ], [ -73.960292816999981, 40.690346250000132 ], [ -73.955410579999963, 40.690908292000152 ], [ -73.956142392999851, 40.694579019000095 ], [ -73.960158546999864, 40.694117309000134 ], [ -73.961051006999909, 40.698326079000083 ], [ -73.957019931999909, 40.698973914000135 ], [ -73.957457363999922, 40.700822603000127 ], [ -73.953811969000029, 40.703180980000106 ], [ -73.951288193999886, 40.700922365000082 ], [ -73.947052052999908, 40.703663949000067 ] ] ] } },
{ "type": "Feature", "properties": { "LocationID": 18, "zone": "Bedford Park", "borough": "Bronx", "venues": 0, "cohort": "Low" }, "geometry": { "type": "Polygon", "coordinates": [ [ [ -73.881468896999834, 40.868573646000122 ], [ -73.888122787999905, 40.864254571000082 ], [ -73.888895660999907, 40.864754153000078 ], [ -73.893810260999871, 40.858986565000144 ], [ -73.894693263999898, 40.859426282000086 ], [ -73.895739246999781, 40.858138207000039 ], [ -73.898838145999832, 40.859307308000098 ], [ -73.897143798, 40.862445065000095 ], [ -73.899436707999982, 40.862116912000054 ], [ -73.901079669999945, 40.862756383000118 ], [ -73.897403232999807, 40.867474190000088 ], [ -73.894381302999932, 40.866068851000158 ], [ -73.891574000999952, 40.869684252000162 ], [ -73.887851962999861, 40.872114176000082 ], [ -73.88937163799983, 40.873382298000131 ], [ -73.887735775999928, 40.87703388200007 ], [ -73.885276831999875, 40.879217669000099 ], [ -73.88345579299984, 40.876056095000138 ], [ -73.883400353, 40.873946626000176 ], [ -73.881468896999834, 40.868573646000122 ] ] ] } },
{ "type": "Feature", "properties": { "LocationID": 19, "zone": "Bellerose", "borough": "Queens", "venues": 0, "cohort": "Low" }, "geometry": { "type": "Polygon", "coordinates": [ [ [ -73.723395962999874, 40.75038907600004 ], [ -73.722585718999781, 40.748850451000123 ], [ -73.720101482999937, 40.749775686000113 ], [ -73.715449467999889, 40.739216804000137 ], [ -73.711478048999851, 40.732501401000079 ], [ -73.710499953810285, 40.727227087206828 ], [ -73.718287067892646, 40.726041111135366 ], [ -73.728162339106959, 40.723084139891505 ], [ -73.728364153999934, 40.723614352000048 ], [ -73.729905124999775, 40.723272495000167 ], [ -73.731472150999906, 40.727411795000116 ], [ -73.745556671999893, 40.730636898000135 ], [ -73.746491621999965, 40.731414589000103 ], [ -73.746721404000041, 40.73247715100009 ], [ -73.742947859, 40.735456552000137 ], [ -73.739012103999855, 40.739746479000196 ], [ -73.733754848999851, 40.742747628000195 ], [ -73.731064618999895, 40.744888376000077 ], [ -73.728962516, 40.747632888000062 ], [ -73.728290941999887, 40.747458957000113 ], [ -73.727664654, 40.749654642000138 ], [ -73.726272132999924, 40.749306491000056 ], [ -73.723395962999874, 40.75038907600004 ] ] ] } },
{ "type": "Feature", "properties": { "LocationID": 20, "zone": "Belmont", "borough": "Bronx", "venues": 3, "cohort": "Low" }, "geometry": { "type": "Polygon", "coordinates": [ [ [ -73.883867920999862, 40.864290889000088 ], [ -73.880608968999908, 40.860357093000076 ], [ -73.880730427999922, 40.856676605000096 ], [ -73.883119826000012, 40.848221092000131 ], [ -73.889878713999849, 40.852070221000119 ], [ -73.889609780999862, 40.853621880000162 ], [ -73.891097104000025, 40.856779814000078 ], [ -73.891125687999875, 40.860061825000109 ], [ -73.890275555999935, 40.861109073000151 ], [ -73.891771887999923, 40.86187171600011 ], [ -73.888895660999907, 40.864754153000078 ], [ -73.888122787999905, 40.864254571000082 ], [ -73.883625181000028, 40.867257588000101 ], [ -73.882676247, 40.866089141000053 ], [ -73.883767491999919, 40.865314753000128 ], [ -73.883867920999862, 40.864290889000088 ] ] ] } },
{ "type": "Feature", "properties": { "LocationID": 21, "zone": "Bensonhurst East", "borough": "Brooklyn", "venues": 0, "cohort": "Low" }, "geometry": { "type": "Polygon", "coordinates": [ [ [ -73.97477658, 40.612638475000097 ], [ -73.97403097799986, 40.608702310000112 ], [ -73.972994339999829, 40.608814142000071 ], [ -73.972177428000023, 40.604194712000073 ], [ -73.972911169000014, 40.599315804000177 ], [ -73.971910804999894, 40.59942305900011 ], [ -73.971483508999867, 40.597171585000147 ], [ -73.980357854999951, 40.596191541000103 ], [ -73.979954434999854, 40.594073812000126 ], [ -73.984639653999821, 40.593552176000067 ], [ -73.98601936799993, 40.594446049000091 ], [ -73.989621500999917, 40.590981993000156 ], [ -73.99036425099996, 40.591431932000134 ], [ -73.99330855, 40.589583899000139 ], [ -73.993757618999922, 40.590331844000076 ], [ -73.998018670614712, 40.588425400020732 ], [ -73.998672933755543, 40.589195549939795 ], [ -73.999236903969532, 40.58893532826923 ], [ -73.999464468110517, 40.58923326938082 ], [ -73.998378348821149, 40.589770445088732 ], [ -73.99883618014556, 40.589625489542492 ], [ -73.998443870794858, 40.589860399177795 ], [ -73.998778005895929, 40.590314355342102 ], [ -73.997107303652243, 40.591390755943266 ], [ -73.997228280627084, 40.591654471870456 ], [ -73.998064382676617, 40.591209464731648 ], [ -73.997282697037761, 40.591714814868304 ], [ -73.997548510583954, 40.591917579175743 ], [ -73.999167618620788, 40.591149135815961 ], [ -74.000043149449169, 40.591204286654843 ], [ -74.000232533445924, 40.59153130855956 ], [ -73.999006511771782, 40.592347779399915 ], [ -73.999483048861819, 40.592969199948975 ], [ -73.997368024999844, 40.593974311000153 ], [ -73.996339512999839, 40.593622475000153 ], [ -73.995308295999919, 40.594427587000105 ], [ -73.996747068999952, 40.595643126000105 ], [ -73.9868476259999, 40.60509723600012 ], [ -73.989131914999945, 40.606456137000087 ], [ -73.97963821799982, 40.615564547000112 ], [ -73.97477658, 40.612638475000097 ] ] ] } },
{ "type": "Feature", "properties": { "LocationID": 22, "zone": "Bensonhurst West", "borough": "Brooklyn", "venues": 0, "cohort": "Low" }, "geometry": { "type": "Polygon", "coordinates": [ [ [ -73.996788475999949, 40.626826051000101 ], [ -73.985693577999896, 40.620131514000114 ], [ -73.98627524699981, 40.619566617000082 ], [ -73.97963821799982, 40.615564547000112 ], [ -73.989131914999945, 40.606456137000087 ], [ -73.9868476259999, 40.60509723600012 ], [ -73.996747068999952, 40.595643126000105 ], [ -73.995308295999919, 40.594427587000105 ], [ -73.996339512999839, 40.593622475000153 ], [ -73.997368024999844, 40.593974311000153 ], [ -74.001057484457093, 40.592537005062503 ], [ -74.002003948046735, 40.594132371138016 ], [ -73.995593207999946, 40.600232222000059 ], [ -74.000022660999917, 40.602907316000092 ], [ -74.000323538999965, 40.602620292000104 ], [ -74.004934488999922, 40.605074406000071 ], [ -74.000944083999968, 40.60863971000007 ], [ -74.010504035999972, 40.613896611000058 ], [ -73.999320902999983, 40.624655247000142 ], [ -73.997713589999975, 40.623680270000179 ], [ -73.996788475999949, 40.626826051000101 ] ] ] } },
{ "type": "Feature", "properties": { "LocationID": 23, "zone": "Bloomfield/Emerson Hill", "borough": "Staten Island", "venues": 0, "cohort": "Low" }, "geometry": { "type": "Polygon", "coordinates": [ [ [ -74.195686092233771, 40.635016864640235 ], [ -74.179937060999976, 40.626601297000093 ], [ -74.17459706299995, 40.622364011000087 ], [ -74.168080862999929, 40.6209362560001 ], [ -74.161630102999965, 40.617934936000104 ], [ -74.150186664999964, 40.609497811000118 ], [ -74.143918163999942, 40.607989837000076 ], [ -74.132150511999981, 40.608551964000142 ], [ -74.132104596999909, 40.608152924000123 ], [ -74.130940022999951, 40.608214312000058 ], [ -74.121351795999942, 40.609765268000118 ], [ -74.121168798999918, 40.60883437600009 ], [ -74.117424665, 40.609289009000108 ], [ -74.11706965299993, 40.608206250000137 ], [ -74.115877163999926, 40.607257471000032 ], [ -74.114870584999878, 40.60213666000007 ], [ -74.120595462999958, 40.60180975800008 ], [ -74.120704242999949, 40.600705981000097 ], [ -74.125061154999969, 40.598180056000068 ], [ -74.130919094, 40.598855048000097 ], [ -74.13385485799995, 40.59635784600011 ], [ -74.138644585999955, 40.589060805000109 ], [ -74.147905764999919, 40.588556346000132 ], [ -74.160257560999966, 40.595343938000077 ], [ -74.161899405999961, 40.595298771000152 ], [ -74.162310733999902, 40.593608034000141 ], [ -74.163698881999949, 40.592258339000153 ], [ -74.163602681999933, 40.593374199000053 ], [ -74.166390049, 40.593737926000117 ], [ -74.168863623999968, 40.594728087000149 ], [ -74.167196348999951, 40.602075312000117 ], [ -74.172602297999916, 40.602971491000133 ], [ -74.174889594999954, 40.602216573000156 ], [ -74.178224572999923, 40.59982806100011 ], [ -74.179322774999946, 40.596760579000033 ], [ -74.187302486999869, 40.588488222000095 ], [ -74.185371048, 40.587451015000077 ], [ -74.187600541999913, 40.586902767000105 ], [ -74.190789021999947, 40.585188367000114 ], [ -74.191317835999868, 40.58570448900015 ], [ -74.192321131999904, 40.584913242000127 ], [ -74.194232613999901, 40.585146806000097 ], [ -74.199649812999979, 40.582262626000109 ], [ -74.200488488999937, 40.579949778000099 ], [ -74.203541506999898, 40.580436098000156 ], [ -74.205838291999925, 40.579841261000098 ], [ -74.204119992954219, 40.585859206997839 ], [ -74.204580656948025, 40.588217603682814 ], [ -74.20412200974495, 40.588881474412688 ], [ -74.204323021423818, 40.589136617473471 ], [ -74.204705298486218, 40.588772370830753 ], [ -74.204646089432003, 40.589285745466043 ], [ -74.203858866092702, 40.590249525361834 ], [ -74.203885504565122, 40.589786110741599 ], [ -74.202014055335837, 40.590895799627752 ], [ -74.202467759565749, 40.590838824857535 ], [ -74.203052549115029, 40.591140541809985 ], [ -74.202027339206992, 40.59099907929216 ], [ -74.201840929145575, 40.591636483382075 ], [ -74.202003498130281, 40.59178076479526 ], [ -74.202302845917444, 40.591469321774511 ], [ -74.202316457683196, 40.591523965102844 ], [ -74.200925404963471, 40.592866379305086 ], [ -74.199740609695667, 40.593564669243484 ], [ -74.19751357718701, 40.59679898603698 ], [ -74.197305917080101, 40.598059355862468 ], [ -74.198759582052944, 40.601711975176428 ], [ -74.202218498510518, 40.605969679616656 ], [ -74.202816283745946, 40.60827082796753 ], [ -74.202443744495184, 40.613284693932165 ], [ -74.200383484289702, 40.616428098243958 ], [ -74.200914232382772, 40.617798822398747 ], [ -74.200352038562471, 40.61834219855487 ], [ -74.201069974693795, 40.620381540777821 ], [ -74.200428001919207, 40.620495411017025 ], [ -74.201432399980348, 40.62161260896557 ], [ -74.201632011041227, 40.623121565457552 ], [ -74.201076627903291, 40.624078346589975 ], [ -74.201416706679069, 40.626070513895876 ], [ -74.200986254994419, 40.629344148107734 ], [ -74.200425737851177, 40.629821165953558 ], [ -74.200787299830907, 40.630346274468025 ], [ -74.200403116430593, 40.630292362267539 ], [ -74.200403803739775, 40.631445820694211 ], [ -74.198343582637051, 40.633141487707711 ], [ -74.197286752228678, 40.633291931082255 ], [ -74.197193196100926, 40.633882317446833 ], [ -74.195686092233771, 40.635016864640235 ] ] ] } },
{ "type": "Feature", "properties": { "LocationID": 24, "zone": "Bloomingdale", "borough": "Manhattan", "venues": 5, "cohort": "Medium" }, "geometry": { "type": "Polygon", "coordinates": [ [ [ -73.958172970999868, 40.800582541000068 ], [ -73.960044565, 40.798041235000099 ], [ -73.972871790907263, 40.803356187574103 ], [ -73.971107658761369, 40.805790139589831 ], [ -73.958172970999868, 40.800582541000068 ] ] ] } },
{ "type": "Feature", "properties": { "LocationID": 25, "zone": "Boerum Hill", "borough": "Brooklyn", "venues": 2, "cohort": "Low" }, "geometry": { "type": "Polygon", "coordinates": [ [ [ -73.98902944799994, 40.692123861000084 ], [ -73.980928228999915, 40.688902477000077 ], [ -73.978042895999877, 40.684856615000044 ], [ -73.981756422999851, 40.679314624000085 ], [ -73.986103881999853, 40.681008522000134 ], [ -73.986533029999933, 40.68037263900009 ], [ -73.987668039999903, 40.680817810000129 ], [ -73.987224138999849, 40.681447302000073 ], [ -73.994901135999754, 40.684430238000118 ], [ -73.992363669999847, 40.689690124000116 ], [ -73.990544745999856, 40.689168105000128 ], [ -73.98902944799994, 40.692123861000084 ] ] ] } },
{ "type": "Feature", "properties": { "LocationID": 26, "zone": "Borough Park", "borough": "Brooklyn", "venues": 0, "cohort": "Low" }, "geometry": { "type": "Polygon", "coordinates": [ [ [ -73.98331628499983, 40.641478682000098 ], [ -73.980420578999883, 40.642385227000098 ], [ -73.979111886999931, 40.635440386000099 ], [ -73.976888611999897, 40.635674862000101 ], [ -73.976049356999937, 40.63127590600007 ], [ -73.977165119999839, 40.630746654000077 ], [ -73.976234537000011, 40.625976350000094 ], [ -73.977261499999898, 40.625852773000105 ], [ -73.976565838999889, 40.621994903000115 ], [ -73.977053528999988, 40.621532522000081 ], [ -73.975393804999982, 40.620769987000187 ], [ -73.977850092999859, 40.617287606000104 ], [ -73.975373355000016, 40.615754722000091 ], [ -73.97548096999985, 40.616311925000083 ], [ -73.973358793999921, 40.616541715000075 ], [ -73.972903268999957, 40.614152968000063 ], [ -73.97399319500002, 40.614029894000112 ], [ -73.975171769999918, 40.61472418600011 ], [ -73.97477658, 40.612638475000097 ], [ -73.98627524699981, 40.619566617000082 ], [ -73.985693577999896, 40.620131514000114 ], [ -73.994892805999953, 40.62546179400011 ], [ -73.994649729999949, 40.625697179000113 ], [ -73.996788475999949, 40.626826051000101 ], [ -73.997240670999872, 40.625288687000115 ], [ -74.002514547999965, 40.628474210000064 ], [ -74.001930113999975, 40.629032767000083 ], [ -74.007023024999967, 40.632109995000135 ], [ -74.005564903999925, 40.633083176000113 ], [ -74.007356366999957, 40.634163627000106 ], [ -73.99917564799992, 40.642025442000055 ], [ -73.995510336999899, 40.639809667000137 ], [ -73.988349866999911, 40.64456224400012 ], [ -73.98331628499983, 40.641478682000098 ] ] ] } },
{ "type": "Feature", "properties": { "LocationID": 27, "zone": "Breezy Point/Fort Tilden/Riis Beach", "borough": "Queens", "venues": 0, "cohort": "Low" }, "geometry": { "type": "Polygon", "coordinates": [ [ [ -73.86662812000003, 40.573057649000113 ], [ -73.864541760999927, 40.569242922000136 ], [ -73.864103100999912, 40.569354610000133 ], [ -73.862683912512352, 40.566505656043716 ], [ -73.863493063602149, 40.567034311734218 ], [ -73.865537572574112, 40.566571610437535 ], [ -73.866617205546376, 40.566091942910518 ], [ -73.866309412324455, 40.56554606412503 ], [ -73.866884010598454, 40.566083976276254 ], [ -73.868486948458795, 40.56552701030175 ], [ -73.868251175501698, 40.565069489459816 ], [ -73.868623218270997, 40.56553800877515 ], [ -73.870622148152592, 40.56481330949434 ], [ -73.870275884646929, 40.56417465359759 ], [ -73.870913162064625, 40.564764585510915 ], [ -73.872639712804528, 40.56408418402696 ], [ -73.872378780472857, 40.563575116561715 ], [ -73.873219528302471, 40.564063906185837 ], [ -73.88029675110954, 40.56137495524964 ], [ -73.883247415622336, 40.560855921485377 ], [ -73.886975108011526, 40.559400482998697 ], [ -73.887892561063907, 40.559510651379703 ], [ -73.892138643961033, 40.557871541996775 ], [ -73.893470650505563, 40.557945578638844 ], [ -73.894918172663097, 40.557078796298505 ], [ -73.89551188771064, 40.557414270149877 ], [ -73.897079561167629, 40.55665743308483 ], [ -73.897995147968132, 40.557102137180387 ], [ -73.900580604627038, 40.556432922907902 ], [ -73.902794226797297, 40.556732995095757 ], [ -73.906585749238999, 40.555710625377493 ], [ -73.940474038572901, 40.542850072149385 ], [ -73.940736816826956, 40.541820087077745 ], [ -73.940129757957862, 40.548002561293707 ], [ -73.940652732384464, 40.552497817400798 ], [ -73.939851074604221, 40.554560053746123 ], [ -73.935706125608405, 40.557224545883557 ], [ -73.931921186705935, 40.557819319455227 ], [ -73.926157232754207, 40.561552609723265 ], [ -73.917660819000915, 40.562826149686607 ], [ -73.914553369612861, 40.56435343243399 ], [ -73.911883196630086, 40.564990405238902 ], [ -73.912161818932617, 40.565836251568236 ], [ -73.911970247525034, 40.565869417532646 ], [ -73.911858090293833, 40.564995438003407 ], [ -73.910037629057925, 40.564793710602125 ], [ -73.909771706118732, 40.565305405307711 ], [ -73.909716849259638, 40.565287425461364 ], [ -73.909762584369687, 40.564284836928358 ], [ -73.908725451368298, 40.563931291537763 ], [ -73.907948214866295, 40.56415832398455 ], [ -73.907975517960779, 40.563555722113243 ], [ -73.906838946386557, 40.562856359344757 ], [ -73.905495336172564, 40.562765757785407 ], [ -73.902906697275327, 40.563478510994351 ], [ -73.902205686308932, 40.562965485870855 ], [ -73.901215072720049, 40.563008460632538 ], [ -73.896281262089786, 40.565232721707616 ], [ -73.895332594197427, 40.566340904174176 ], [ -73.895659806615143, 40.56705946098046 ], [ -73.892610134456092, 40.568587247286864 ], [ -73.889111030722233, 40.56791623669109 ], [ -73.884309731052966, 40.56869611953887 ], [ -73.884887071247206, 40.568470205668881 ], [ -73.884336847748187, 40.568487934478199 ], [ -73.884456657761788, 40.567895763406163 ], [ -73.883791037030747, 40.56812391132469 ], [ -73.884023400924121, 40.568503115611023 ], [ -73.883576706727212, 40.568209769754425 ], [ -73.883904278844071, 40.568906204259399 ], [ -73.883369273162771, 40.568331859248453 ], [ -73.88192258910135, 40.568731441525756 ], [ -73.877808089957327, 40.568800630063357 ], [ -73.862883019454287, 40.576059761127517 ], [ -73.86396642099993, 40.575026787000063 ], [ -73.863611329999969, 40.57382305700007 ], [ -73.86662812000003, 40.573057649000113 ] ] ] } },
{ "type": "Feature", "properties": { "LocationID": 28, "zone": "Briarwood/Jamaica Hills", "borough": "Queens", "venues": 0, "cohort": "Low" }, "geometry": { "type": "Polygon", "coordinates": [ [ [ -73.792013765999968, 40.717967687000147 ], [ -73.793620912999955, 40.71397534700008 ], [ -73.793038000999886, 40.710711075000084 ], [ -73.797768101999893, 40.709143188000084 ], [ -73.798701506999919, 40.710663377000074 ], [ -73.80130625, 40.709742149000164 ], [ -73.803024147999878, 40.70813965700016 ], [ -73.801657255999942, 40.705761475000038 ], [ -73.805647730999894, 40.704671728000143 ], [ -73.806948562999921, 40.707367100000106 ], [ -73.812012485999816, 40.705944945000127 ], [ -73.81152856899989, 40.702272875000105 ], [ -73.816378244999925, 40.702451964000062 ], [ -73.820452364999909, 40.709774549000109 ], [ -73.823638606999836, 40.712666644000073 ], [ -73.825919451999923, 40.715989876000123 ], [ -73.825247316999835, 40.716455445000072 ], [ -73.821874176999899, 40.716917118000048 ], [ -73.817204178999859, 40.715840728000131 ], [ -73.804941484999873, 40.715996231000176 ], [ -73.800216726999906, 40.716737859000069 ], [ -73.793154935000018, 40.718917579000063 ], [ -73.790732488999822, 40.719208757000075 ], [ -73.792013765999968, 40.717967687000147 ] ] ] } },
{ "type": "Feature", "properties": { "LocationID": 29, "zone": "Brighton Beach", "borough": "Brooklyn", "venues": 0, "cohort": "Low" }, "geometry": { "type": "Polygon", "coordinates": [ [ [ -73.960047986999953, 40.583269872000159 ], [ -73.956457290999822, 40.582658851000112 ], [ -73.95414287899986, 40.583106140000119 ], [ -73.952358467713211, 40.574274685845474 ], [ -73.955694840443641, 40.574326996263409 ], [ -73.956345066816255, 40.574207221989717 ], [ -73.956345334546072, 40.573797578292044 ], [ -73.956567509059099, 40.574170778493119 ], [ -73.958434763590034, 40.574088815549096 ], [ -73.958987189725505, 40.573430655732089 ], [ -73.95941778299985, 40.575177983000131 ], [ -73.964711288999908, 40.574782618000029 ], [ -73.968889958999895, 40.575261239000056 ], [ -73.965143851999954, 40.591101916000113 ], [ -73.960679840999902, 40.591597583000187 ], [ -73.960047986999953, 40.583269872000159 ] ] ] } },
{ "type": "Feature", "properties": { "LocationID": 30, "zone": "Broad Channel", "borough": "Queens", "venues": 0, "cohort": "Low" }, "geometry": { "type": "Polygon", "coordinates": [ [ [ -73.820758924999922, 40.615232679000115 ], [ -73.81652681189118, 40.614947010080179 ], [ -73.814752871052448, 40.608632796752509 ], [ -73.81598548513719, 40.605733505216385 ], [ -73.816425299615375, 40.605224123787117 ], [ -73.817391921032467, 40.605158124143578 ], [ -73.817253705967588, 40.603940324594781 ], [ -73.818490661103681, 40.599389559239803 ], [ -73.819281422008103, 40.597529610938452 ], [ -73.820384063695116, 40.596568761815305 ], [ -73.820712067890554, 40.595170514962298 ], [ -73.821357582601337, 40.594691009121298 ], [ -73.824802512462554, 40.595083161176667 ], [ -73.830482060136731, 40.594585938135722 ], [ -73.834655995074868, 40.595168458826258 ], [ -73.83439612701622, 40.596464205721468 ], [ -73.832393644768388, 40.597803353191409 ], [ -73.831541059700683, 40.597951026027708 ], [ -73.830628521894951, 40.597433425862221 ], [ -73.829483418116226, 40.598133941951438 ], [ -73.828061596877021, 40.597680402824608 ], [ -73.825979859814197, 40.599472067181694 ], [ -73.825567907372161, 40.598548147926714 ], [ -73.824654206486642, 40.59814924685169 ], [ -73.823766122906122, 40.600040070910573 ], [ -73.821469298669115, 40.599993722634032 ], [ -73.824436437812267, 40.600344983674937 ], [ -73.824452180544554, 40.60079696284437 ], [ -73.822944847202436, 40.602582909234059 ], [ -73.822467467512169, 40.605524982911497 ], [ -73.822904633887504, 40.605851277214946 ], [ -73.821264703214254, 40.607002850205383 ], [ -73.81961795381072, 40.610479041032328 ], [ -73.820822742778859, 40.612280992376149 ], [ -73.821284210763608, 40.611096929143208 ], [ -73.820487006107626, 40.610224379146864 ], [ -73.82161460094558, 40.608480319114101 ], [ -73.821862052207379, 40.609869212533134 ], [ -73.823824685976604, 40.611498664955292 ], [ -73.822349610999865, 40.614260026000146 ], [ -73.820758924999922, 40.615232679000115 ] ] ] } },
{ "type": "Feature", "properties": { "LocationID": 31, "zone": "Bronx Park", "borough": "Bronx", "venues": 0, "cohort": "Low" }, "geometry": { "type": "Polygon", "coordinates": [ [ [ -73.870944621999811, 40.85726608100012 ], [ -73.868415396999936, 40.857780358000149 ], [ -73.869904216000037, 40.855773293000077 ], [ -73.868234660999946, 40.850913737000049 ], [ -73.869414027999838, 40.848788025000125 ], [ -73.868892432999942, 40.848112322000098 ], [ -73.871092078999951, 40.844324781000104 ], [ -73.873992954999821, 40.842561506000131 ], [ -73.874591753999823, 40.841520648000106 ], [ -73.878171756, 40.842624437000062 ], [ -73.877329240999885, 40.843983125000143 ], [ -73.883119826000012, 40.848221092000131 ], [ -73.880730427999922, 40.856676605000096 ], [ -73.880608968999908, 40.860357093000076 ], [ -73.883969222999824, 40.864817741000024 ], [ -73.882676247, 40.866089141000053 ], [ -73.883090031999899, 40.866591509000138 ], [ -73.876192249000027, 40.870476711000087 ], [ -73.872552508999817, 40.875175183000096 ], [ -73.870943675000021, 40.878510767000165 ], [ -73.869434713000047, 40.878129199000135 ], [ -73.870312566999914, 40.875833078000063 ], [ -73.870944621999811, 40.85726608100012 ] ] ] } },
{ "type": "Feature", "properties": { "LocationID": 32, "zone": "Bronxdale", "borough": "Bronx", "venues": 0, "cohort": "Low" }, "geometry": { "type": "Polygon", "coordinates": [ [ [ -73.856637746999894, 40.858119172000094 ], [ -73.868188305999894, 40.858063834000149 ], [ -73.871049449999816, 40.857304837000179 ], [ -73.870461317999954, 40.863271498000138 ], [ -73.870561924999876, 40.871510778000129 ], [ -73.861379240999838, 40.87133651200012 ], [ -73.861562740999872, 40.865549464000104 ], [ -73.859612811999824, 40.865512718000062 ], [ -73.857803787999927, 40.863036217000079 ], [ -73.856637746999894, 40.858119172000094 ] ] ] } },
{ "type": "Feature", "properties": { "LocationID": 33, "zone": "Brooklyn Heights", "borough": "Brooklyn", "venues": 0, "cohort": "Low" }, "geometry": { "type": "Polygon", "coordinates": [ [ [ -73.996192272643427, 40.703377140932218 ], [ -73.993253881999948, 40.702411971000089 ], [ -73.990874538000028, 40.700673117000115 ], [ -73.991433470999851, 40.698281859000176 ], [ -73.990444740999976, 40.693828251000092 ], [ -73.99097187, 40.692548800000111 ], [ -73.98902944799994, 40.692123861000084 ], [ -73.990544745999856, 40.689168105000128 ], [ -74.001105193999877, 40.692056595000153 ], [ -74.001743620725023, 40.69240674985285 ], [ -74.000958684584901, 40.694069083791248 ], [ -74.003013938145415, 40.694777844239759 ], [ -74.002398025837948, 40.695711654864674 ], [ -74.00026872377785, 40.694965802578196 ], [ -73.999413024332014, 40.696357676453502 ], [ -74.000431473404234, 40.697052466178732 ], [ -73.999474068205828, 40.696704134462188 ], [ -73.998764580277168, 40.697120733094174 ], [ -74.001049030575203, 40.697908236697614 ], [ -74.000487685625075, 40.698757777634711 ], [ -73.998377606857602, 40.69806329614628 ], [ -73.998021027251013, 40.698761736573971 ], [ -74.000018404336146, 40.699466048073774 ], [ -73.999474638389302, 40.700322778018474 ], [ -73.997160542439161, 40.699792812644297 ], [ -73.996697689974638, 40.700876976917328 ], [ -73.99813879899439, 40.701518788248592 ], [ -73.996192272643427, 40.703377140932218 ] ] ] } },
{ "type": "Feature", "properties": { "LocationID": 34, "zone": "Brooklyn Navy Yard", "borough": "Brooklyn", "venues": 0, "cohort": "Low" }, "geometry": { "type": "MultiPolygon", "coordinates": [ [ [ [ -73.97066975742996, 40.707259708821674 ], [ -73.970180755728052, 40.704929270567035 ], [ -73.967515166910857, 40.703437356878325 ], [ -73.967476744930337, 40.703949870956407 ], [ -73.969296938377013, 40.705088331229838 ], [ -73.969292963742433, 40.70709333104795 ], [ -73.968389336999948, 40.706829187000089 ], [ -73.967209619999849, 40.704255709000115 ], [ -73.962179781999978, 40.700220710000096 ], [ -73.963054801999874, 40.69739287200013 ], [ -73.964550704999894, 40.696107592000061 ], [ -73.969394500999897, 40.696080389000052 ], [ -73.969727898999906, 40.697804014000042 ], [ -73.980544191999883, 40.698246512000082 ], [ -73.980740794999932, 40.701277310000172 ], [ -73.979121792850279, 40.705527034036329 ], [ -73.978865177553743, 40.705867956200507 ], [ -73.978927658237254, 40.705496199169261 ], [ -73.978639066585657, 40.705830648221955 ], [ -73.978465578489534, 40.705562221864618 ], [ -73.978399094391378, 40.705982745202569 ], [ -73.978853033607109, 40.706065535284786 ], [ -73.978344748528713, 40.705999964987839 ], [ -73.978593136201269, 40.704978584142964 ], [ -73.978020673266627, 40.704290966456398 ], [ -73.977211963392392, 40.704213926624419 ], [ -73.977512154949636, 40.703196752663693 ], [ -73.977135626253755, 40.703005581402707 ], [ -73.975960963448415, 40.704715506440685 ], [ -73.976927491883401, 40.702797820400576 ], [ -73.976159372920222, 40.702171280357042 ], [ -73.975329873939756, 40.702951924338542 ], [ -73.976005878454359, 40.701946133781995 ], [ -73.974550233883463, 40.701590344304968 ], [ -73.975735410845417, 40.699570447705774 ], [ -73.974115139264782, 40.701305271419479 ], [ -73.972392013974641, 40.700166322752466 ], [ -73.973757007131994, 40.701534138882053 ], [ -73.973186766708864, 40.701669803673838 ], [ -73.970782005879883, 40.699978663011422 ], [ -73.973324561039405, 40.702412656010935 ], [ -73.97283512788735, 40.702728740744234 ], [ -73.969825565595144, 40.700245070368126 ], [ -73.96948655218084, 40.700519061258369 ], [ -73.972838899749505, 40.703346428602003 ], [ -73.969245392073518, 40.701364741883772 ], [ -73.968985174289656, 40.701747088786732 ], [ -73.972312462761167, 40.703844539538792 ], [ -73.971103422988264, 40.703459735839964 ], [ -73.971019631185186, 40.703815613686572 ], [ -73.974655696080461, 40.706074262994434 ], [ -73.974390835023172, 40.706325774144972 ], [ -73.973476295984611, 40.705686283391522 ], [ -73.972548800578124, 40.706204490003984 ], [ -73.974629666044152, 40.70768106076838 ], [ -73.974236169685398, 40.708024386122609 ], [ -73.971096554891076, 40.705850056558468 ], [ -73.971056923061724, 40.706946433816888 ], [ -73.97275756998387, 40.708831278547876 ], [ -73.972320321199021, 40.709082883152391 ], [ -73.97066975742996, 40.707259708821674 ] ] ], [ [ [ -73.982458986207575, 40.705542414486345 ], [ -73.981023906182742, 40.705898913893741 ], [ -73.981017339009469, 40.705797506467981 ], [ -73.982458986207575, 40.705542414486345 ] ] ], [ [ [ -73.978931102855228, 40.705924906230528 ], [ -73.979057670061422, 40.705952889050522 ], [ -73.978929201375379, 40.705931589879413 ], [ -73.978931102855228, 40.705924906230528 ] ] ] ] } },
{ "type": "Feature", "properties": { "LocationID": 35, "zone": "Brownsville", "borough": "Brooklyn", "venues": 0, "cohort": "Low" }, "geometry": { "type": "Polygon", "coordinates": [ [ [ -73.901451147000017, 40.663658365000167 ], [ -73.900661186999855, 40.660586158000122 ], [ -73.89965233299985, 40.660735416000144 ], [ -73.89880698499995, 40.657406662000078 ], [ -73.90048767199994, 40.657148679000066 ], [ -73.903178583999932, 40.6553116340001 ], [ -73.907843463999939, 40.654591530000076 ], [ -73.907400357, 40.6528439900001 ], [ -73.908557904999952, 40.652095938000087 ], [ -73.909334992999973, 40.652808592000085 ], [ -73.910122556999951, 40.655851771000137 ], [ -73.912364588999949, 40.655513565000049 ], [ -73.919594797999807, 40.661995679000043 ], [ -73.920081670999863, 40.65985763300008 ], [ -73.926379704999917, 40.665514892000097 ], [ -73.90347422300006, 40.675506683000066 ], [ -73.90041654099997, 40.663806527000148 ], [ -73.901451147000017, 40.663658365000167 ] ] ] } },
{ "type": "Feature", "properties": { "LocationID": 36, "zone": "Bushwick North", "borough": "Brooklyn", "venues": 4, "cohort": "Low" }, "geometry": { "type": "Polygon", "coordinates": [ [ [ -73.921891847000055, 40.709396097000131 ], [ -73.911807100999852, 40.703434952000123 ], [ -73.912904041, 40.702361891000102 ], [ -73.910678826999984, 40.701045969000113 ], [ -73.911808200999872, 40.699938003000071 ], [ -73.904260183999895, 40.695700371000086 ], [ -73.905795970999932, 40.694127155000075 ], [ -73.901232906999937, 40.691442279000171 ], [ -73.904055772, 40.688546278000068 ], [ -73.931155338999872, 40.703772335000068 ], [ -73.932697848999936, 40.703170391000079 ], [ -73.933918707999879, 40.707487026000109 ], [ -73.921891847000055, 40.709396097000131 ] ] ] } },
{ "type": "Feature", "properties": { "LocationID": 37, "zone": "Bushwick South", "borough": "Brooklyn", "venues": 2, "cohort": "Low" }, "geometry": { "type": "Polygon", "coordinates": [ [ [ -73.933918707999879, 40.707487026000109 ], [ -73.932697848999936, 40.703170391000079 ], [ -73.931155338999872, 40.703772335000068 ], [ -73.904824996999878, 40.688808570000155 ], [ -73.904055772, 40.688546278000068 ], [ -73.90180467199994, 40.690766298000106 ], [ -73.900424650999881, 40.688183898000048 ], [ -73.901161549999884, 40.687877935000103 ], [ -73.896466250999936, 40.682336422000077 ], [ -73.897493121000011, 40.680073776000114 ], [ -73.900470011000024, 40.679535244000121 ], [ -73.9026226229999, 40.680664503000088 ], [ -73.904046397999892, 40.679220598000079 ], [ -73.938568547999807, 40.698848136000066 ], [ -73.943949472999961, 40.698221279000123 ], [ -73.944387885999859, 40.700424523000116 ], [ -73.940420578999934, 40.701076598000057 ], [ -73.941030096999867, 40.704636177000104 ], [ -73.942734483999971, 40.704473306000096 ], [ -73.943787995999941, 40.710900379000144 ], [ -73.940422519999942, 40.711217648000137 ], [ -73.940688030999922, 40.711962048000053 ], [ -73.934802819000026, 40.713372496000098 ], [ -73.932297086000048, 40.70774944700009 ], [ -73.933918707999879, 40.707487026000109 ] ] ] } },
{ "type": "Feature", "properties": { "LocationID": 38, "zone": "Cambria Heights", "borough": "Queens", "venues": 0, "cohort": "Low" }, "geometry": { "type": "Polygon", "coordinates": [ [ [ -73.74077675800001, 40.702679838000122 ], [ -73.734304036999845, 40.702478131000113 ], [ -73.734264553999822, 40.703219542000113 ], [ -73.726777595169565, 40.703059291199601 ], [ -73.725862641911746, 40.683241080974092 ], [ -73.7475517539999, 40.689347336000054 ], [ -73.744679555999852, 40.693412263000099 ], [ -73.743592860999897, 40.696215325000082 ], [ -73.74618157999997, 40.696121926000103 ], [ -73.747730121999908, 40.699553137000123 ], [ -73.745001191000043, 40.700262213000087 ], [ -73.745908710000037, 40.702287274000106 ], [ -73.741092939999888, 40.703481063000105 ], [ -73.740503364999824, 40.703433556000114 ], [ -73.74077675800001, 40.702679838000122 ] ] ] } },
{ "type": "Feature", "properties": { "LocationID": 39, "zone": "Canarsie", "borough": "Brooklyn", "venues": 0, "cohort": "Low" }, "geometry": { "type": "MultiPolygon", "coordinates": [ [ [ [ -73.890567929612757, 40.649208632967358 ], [ -73.891015778416147, 40.649342007892791 ], [ -73.891108203345908, 40.648832679772759 ], [ -73.888796908486711, 40.646050258056576 ], [ -73.889376029750494, 40.646974754423304 ], [ -73.888865417782071, 40.647220035735778 ], [ -73.888599325520289, 40.646712468821121 ], [ -73.888081388920327, 40.646620569814502 ], [ -73.888289814207496, 40.646044215545786 ], [ -73.887409601565011, 40.6453292801244 ], [ -73.888055871828826, 40.645119787257485 ], [ -73.887343616656835, 40.645224153871204 ], [ -73.886236467918067, 40.64381678772115 ], [ -73.883735787818921, 40.642450349094425 ], [ -73.879538880085306, 40.638217839160475 ], [ -73.878638639040119, 40.63829360613024 ], [ -73.878634881181611, 40.637551781647304 ], [ -73.877144348842762, 40.635976498003942 ], [ -73.878205904897726, 40.634572943662739 ], [ -73.883644517282249, 40.630943312138768 ], [ -73.883454129234607, 40.629907669935115 ], [ -73.884047261493691, 40.629560118546692 ], [ -73.882632484334025, 40.628274273127076 ], [ -73.883692315714967, 40.627559373914245 ], [ -73.885129540237685, 40.628827258671564 ], [ -73.887526737061947, 40.628331824482643 ], [ -73.890487103947422, 40.626224779058269 ], [ -73.890904714447458, 40.625016198464067 ], [ -73.892376565519356, 40.623733236347938 ], [ -73.89577374598754, 40.622519071384978 ], [ -73.898261030118448, 40.622989159921985 ], [ -73.90114685492415, 40.625685387598217 ], [ -73.904127932076278, 40.626306200134451 ], [ -73.916331954275762, 40.632038732558534 ], [ -73.917160714927235, 40.631730125998644 ], [ -73.91860649599991, 40.632090415000079 ], [ -73.919950629999988, 40.644707630000092 ], [ -73.909448463999937, 40.651521599000091 ], [ -73.903982005999907, 40.646628568000068 ], [ -73.895861549, 40.651880527000074 ], [ -73.897610132999873, 40.653453816000109 ], [ -73.893546770999876, 40.655202714000062 ], [ -73.890005891999891, 40.651148697000131 ], [ -73.891251471999951, 40.650025597000116 ], [ -73.890567929612757, 40.649208632967358 ] ] ], [ [ [ -73.888291831215142, 40.646718719035846 ], [ -73.888536400004242, 40.646788426899796 ], [ -73.888467879616471, 40.64689973402546 ], [ -73.888291831215142, 40.646718719035846 ] ] ] ] } },
{ "type": "Feature", "properties": { "LocationID": 40, "zone": "Carroll Gardens", "borough": "Brooklyn", "venues": 0, "cohort": "Low" }, "geometry": { "type": "Polygon", "coordinates": [ [ [ -74.000048651999975, 40.682803356000157 ], [ -73.996208462999903, 40.681723425000108 ], [ -73.994901135999754, 40.684430238000118 ], [ -73.987224138999849, 40.681447302000073 ], [ -73.990698618999943, 40.675807419000165 ], [ -73.993491024, 40.676183302000069 ], [ -73.995064510999825, 40.675840475000065 ], [ -73.998618879999896, 40.671830172000085 ], [ -74.003292312999989, 40.679643288000122 ], [ -74.000647379999961, 40.685253947000099 ], [ -73.999080660999937, 40.684815992000068 ], [ -74.000048651999975, 40.682803356000157 ] ] ] } },
{ "type": "Feature", "properties": { "LocationID": 41, "zone": "Central Harlem", "borough": "Manhattan", "venues": 1, "cohort": "Low" }, "geometry": { "type": "Polygon", "coordinates": [ [ [ -73.952101251999906, 40.811442854000141 ], [ -73.941771401999901, 40.807089000000147 ], [ -73.942753671999938, 40.805744013000059 ], [ -73.944301945999911, 40.806390825000101 ], [ -73.944782081999932, 40.805761256000117 ], [ -73.94613131, 40.803877358000129 ], [ -73.944597512999977, 40.803228145000098 ], [ -73.949220456999839, 40.796909859000081 ], [ -73.959646853999871, 40.801156423000137 ], [ -73.958248782999874, 40.803106486000075 ], [ -73.958181672999956, 40.805596791000106 ], [ -73.954966572, 40.810064555000075 ], [ -73.953575777999902, 40.809476698000111 ], [ -73.952101251999906, 40.811442854000141 ] ] ] } },
{ "type": "Feature", "properties": { "LocationID": 42, "zone": "Central Harlem North", "borough": "Manhattan", "venues": 1, "cohort": "Low" }, "geometry": { "type": "Polygon", "coordinates": [ [ [ -73.934361215910556, 40.836200619617976 ], [ -73.935167252945817, 40.832874992778635 ], [ -73.933830892871072, 40.819521063761748 ], [ -73.934400399999859, 40.819667783000121 ], [ -73.934074639999963, 40.81782651400011 ], [ -73.934454001000034, 40.817188529000163 ], [ -73.939017532999983, 40.810856557000093 ], [ -73.935807801999857, 40.809497638000074 ], [ -73.938544078999882, 40.8057296530001 ], [ -73.952101251999906, 40.811442854000141 ], [ -73.949199600999847, 40.814720854000058 ], [ -73.946078287000049, 40.821263216000091 ], [ -73.945154569999943, 40.820876265000123 ], [ -73.939248855999878, 40.828296351000091 ], [ -73.938640266999968, 40.829738874000071 ], [ -73.940170898999895, 40.830384391000166 ], [ -73.938683162999851, 40.83280078900011 ], [ -73.934361215910556, 40.836200619617976 ] ] ] } },
{ "type": "Feature", "properties": { "LocationID": 43, "zone": "Central Park", "borough": "Manhattan", "venues": 1, "cohort": "Low" }, "geometry": { "type": "Polygon", "coordinates": [ [ [ -73.949220456999839, 40.796909859000081 ], [ -73.973014871999951, 40.764278879000095 ], [ -73.981362136999948, 40.767836739000082 ], [ -73.981648045999947, 40.768436322000134 ], [ -73.957864992999916, 40.800515272000091 ], [ -73.949220456999839, 40.796909859000081 ] ] ] } },
{ "type": "Feature", "properties": { "LocationID": 44, "zone": "Charleston/Tottenville", "borough": "Staten Island", "venues": 4, "cohort": "Low" }, "geometry": { "type": "Polygon", "coordinates": [ [ [ -74.212200340999928, 40.556443430000073 ], [ -74.213501756, 40.555667618000072 ], [ -74.217843978999937, 40.554432718000101 ], [ -74.217783776999966, 40.553049188000145 ], [ -74.221315626999981, 40.550253074000118 ], [ -74.217769415999925, 40.541126630000136 ], [ -74.218315151999903, 40.53531207900015 ], [ -74.218006764999956, 40.532298590000124 ], [ -74.215743410999934, 40.52646400500015 ], [ -74.215672303999895, 40.523957628000105 ], [ -74.214098067999856, 40.524097196000127 ], [ -74.213545933999953, 40.521235716000092 ], [ -74.217605700999968, 40.520871687000117 ], [ -74.223795958999915, 40.518196346000074 ], [ -74.226909932999945, 40.519171398000111 ], [ -74.226634071999911, 40.51725101000018 ], [ -74.222902513999969, 40.508936539000103 ], [ -74.223215824999969, 40.508658611000058 ], [ -74.221593002781731, 40.502500438221134 ], [ -74.22304657854346, 40.502478179056979 ], [ -74.225070578377014, 40.501764645244471 ], [ -74.227294135109958, 40.50229749945597 ], [ -74.231144949585754, 40.501851215882198 ], [ -74.23678845619574, 40.5000008352565 ], [ -74.239848512439792, 40.497583013207219 ], [ -74.244211577859971, 40.497565436888983 ], [ -74.246761027741897, 40.496133987611962 ], [ -74.248715015430378, 40.496371317905975 ], [ -74.250854894222485, 40.498006163595321 ], [ -74.25116773245702, 40.498993090653883 ], [ -74.253297715511692, 40.500314550516585 ], [ -74.255309697651953, 40.504136410724833 ], [ -74.255591363152092, 40.507712950729264 ], [ -74.254628567099004, 40.508674825727205 ], [ -74.254981300094798, 40.508771172775951 ], [ -74.254972903709699, 40.508805662133426 ], [ -74.253994785741114, 40.50896808987838 ], [ -74.25431454169312, 40.509413694649112 ], [ -74.253689118810613, 40.509425596439286 ], [ -74.254646512629051, 40.509826245924543 ], [ -74.254526217326188, 40.509973015886267 ], [ -74.253648125182565, 40.50947053043641 ], [ -74.253315798051318, 40.509861504541099 ], [ -74.253008472775591, 40.511193989705532 ], [ -74.253526850767102, 40.511677766031994 ], [ -74.253036353815489, 40.511433160458935 ], [ -74.253089508705472, 40.512121961378547 ], [ -74.25195197488479, 40.512997002547444 ], [ -74.252125913970502, 40.513710379800159 ], [ -74.250045877565697, 40.51510851049445 ], [ -74.250560072721967, 40.516106741535197 ], [ -74.249215286760958, 40.515084861299449 ], [ -74.249941588080361, 40.516137488191191 ], [ -74.249430968990907, 40.515687885597643 ], [ -74.248545892916724, 40.516169917148595 ], [ -74.248284220838897, 40.516486949553858 ], [ -74.248946246656033, 40.517194539786828 ], [ -74.249407707892829, 40.516980831423858 ], [ -74.248514490560311, 40.517475626265231 ], [ -74.248919106530536, 40.517208433692559 ], [ -74.247518118355217, 40.515735864778797 ], [ -74.246440396513179, 40.515965028508738 ], [ -74.246128576792927, 40.516137392573903 ], [ -74.246995569966003, 40.517182085195735 ], [ -74.246478997053231, 40.516687327211045 ], [ -74.245208615283559, 40.517289743624318 ], [ -74.245634731699397, 40.518075580745979 ], [ -74.24429835217606, 40.518515003107893 ], [ -74.242324778332758, 40.518326525021941 ], [ -74.241031229185324, 40.519542512688126 ], [ -74.240490696876918, 40.519191628970297 ], [ -74.239919378523879, 40.520046996530127 ], [ -74.241172935521973, 40.521060131432179 ], [ -74.242932350365166, 40.52122716113297 ], [ -74.242801570095764, 40.524007296286804 ], [ -74.243965007588585, 40.524905366338061 ], [ -74.241507333228967, 40.531041342795312 ], [ -74.242177996632307, 40.53257613847682 ], [ -74.242045702860139, 40.534346377050561 ], [ -74.244124959884942, 40.536196295729233 ], [ -74.244147825386875, 40.536881409917228 ], [ -74.245336511760527, 40.536905994434825 ], [ -74.244442596717732, 40.538066765993101 ], [ -74.245602056983245, 40.540949594577469 ], [ -74.246486148157857, 40.542213392655853 ], [ -74.248034637356881, 40.543093240441642 ], [ -74.246184223838824, 40.545633625854478 ], [ -74.243363465527764, 40.547865135236037 ], [ -74.243584476513433, 40.547623990878776 ], [ -74.242203184634306, 40.546948678300325 ], [ -74.240391828100513, 40.547663310173967 ], [ -74.237619634673266, 40.550123468578732 ], [ -74.236416234489653, 40.55050862684358 ], [ -74.236415597331074, 40.552328066345353 ], [ -74.234898658008035, 40.553005216671536 ], [ -74.233324000803179, 40.55250914356602 ], [ -74.230710361981096, 40.555557594259142 ], [ -74.229319541857137, 40.555491586962894 ], [ -74.228332143719982, 40.556390354311652 ], [ -74.227436827305382, 40.556038533516563 ], [ -74.223442651063124, 40.556046569903735 ], [ -74.22378606709124, 40.555880268009936 ], [ -74.222574868013723, 40.555406209779846 ], [ -74.221298646044559, 40.555366224685763 ], [ -74.220867150934012, 40.55594020227786 ], [ -74.219743569307226, 40.554612672072601 ], [ -74.219080608993508, 40.554847002198159 ], [ -74.219337012789751, 40.555691366981257 ], [ -74.219217163709274, 40.55579696987872 ], [ -74.218593257827976, 40.554674210247974 ], [ -74.218707675601649, 40.556041016201348 ], [ -74.217753423917259, 40.555005284776371 ], [ -74.214740531988141, 40.556242389132322 ], [ -74.21501817201802, 40.556755638380146 ], [ -74.214623404782927, 40.556913362221081 ], [ -74.213764673175802, 40.556396943325524 ], [ -74.205696051999894, 40.558516006000062 ], [ -74.206998852999973, 40.557567489000085 ], [ -74.212200340999928, 40.556443430000073 ] ] ] } },
{ "type": "Feature", "properties": { "LocationID": 45, "zone": "Chinatown", "borough": "Manhattan", "venues": 0, "cohort": "Low" }, "geometry": { "type": "Polygon", "coordinates": [ [ [ -73.997504452999877, 40.714069132000148 ], [ -73.992562421999892, 40.714388077000145 ], [ -73.991908242710309, 40.70953292664354 ], [ -73.997282871955676, 40.708731619843064 ], [ -73.999194511544275, 40.707947376675911 ], [ -74.003661182999977, 40.711487283000132 ], [ -74.005891750999893, 40.712007160000091 ], [ -74.002722861999942, 40.71438970900013 ], [ -73.999956209, 40.718017095000071 ], [ -73.996058726999976, 40.716231640000089 ], [ -73.997504452999877, 40.714069132000148 ] ] ] } },
{ "type": "Feature", "properties": { "LocationID": 46, "zone": "City Island", "borough": "Bronx", "venues": 0, "cohort": "Low" }, "geometry": { "type": "MultiPolygon", "coordinates": [ [ [ [ -73.789510198723221, 40.83536404252596 ], [ -73.788457000152093, 40.835309914315587 ], [ -73.78833349834521, 40.834667129759545 ], [ -73.789312236066237, 40.83446488655364 ], [ -73.789510198723221, 40.83536404252596 ] ] ], [ [ [ -73.790091415376338, 40.858538745329518 ], [ -73.788983850131132, 40.858470843740072 ], [ -73.788784028545692, 40.857420690336745 ], [ -73.788043429758005, 40.857559917687247 ], [ -73.788778985440175, 40.857400925199826 ], [ -73.788896549571845, 40.856573386709989 ], [ -73.788477326533496, 40.854400520532408 ], [ -73.786907347026968, 40.854063972299322 ], [ -73.787962642880771, 40.853474720935679 ], [ -73.785881865066301, 40.851788672441117 ], [ -73.783381586103772, 40.85158673391453 ], [ -73.784600776975978, 40.851095692195393 ], [ -73.783841193079837, 40.850692899498505 ], [ -73.784200471343766, 40.850060644240806 ], [ -73.78303535537907, 40.849071908128018 ], [ -73.781544490885992, 40.84940043464352 ], [ -73.782141086978314, 40.849100662667865 ], [ -73.781493865874893, 40.848580475825955 ], [ -73.782674670787046, 40.848139672946836 ], [ -73.78097820938946, 40.848458347913692 ], [ -73.782637403978882, 40.848072649246035 ], [ -73.78148431950568, 40.84788219384879 ], [ -73.78216393435585, 40.846636337780957 ], [ -73.780403269586003, 40.846931134166283 ], [ -73.781060439730041, 40.846802551854495 ], [ -73.781151825785628, 40.846246304627293 ], [ -73.781106757607844, 40.846746997141345 ], [ -73.781742889032515, 40.846412290116099 ], [ -73.781093018851834, 40.846798491587606 ], [ -73.782513451168498, 40.846408771551324 ], [ -73.782495972589444, 40.8456615619492 ], [ -73.783094420486378, 40.845518285564836 ], [ -73.783146442273633, 40.845309942026198 ], [ -73.783074558306566, 40.845509764292153 ], [ -73.782424871555108, 40.845676336667196 ], [ -73.781816461042908, 40.845764978051214 ], [ -73.783050749407792, 40.845496823176028 ], [ -73.783060231265779, 40.84508570856724 ], [ -73.781815359004497, 40.845480582880583 ], [ -73.783074574466809, 40.84505636873412 ], [ -73.783152455057277, 40.845295983327965 ], [ -73.783365361353404, 40.844444722981891 ], [ -73.783011298295492, 40.844172690347357 ], [ -73.783484287487966, 40.843678545998628 ], [ -73.78290650949755, 40.843936125840308 ], [ -73.780527360485522, 40.844525140338341 ], [ -73.77992703744448, 40.84388308135604 ], [ -73.780533027145665, 40.84445302176286 ], [ -73.780396232820053, 40.843966408179966 ], [ -73.780584647288791, 40.844434572698404 ], [ -73.781062613642987, 40.844328317876901 ], [ -73.780876901987156, 40.843862220487978 ], [ -73.781089777978551, 40.844320127077765 ], [ -73.781546025233354, 40.844215889747908 ], [ -73.781376740983575, 40.843704486540219 ], [ -73.781575903025214, 40.844207703973247 ], [ -73.782007705366809, 40.844109600669931 ], [ -73.781833065993553, 40.843575518305158 ], [ -73.782037575862702, 40.844103474973672 ], [ -73.782436798954436, 40.844009431100105 ], [ -73.78224871668732, 40.843436168417767 ], [ -73.782822439713954, 40.843919481199677 ], [ -73.782572107237755, 40.843294582445971 ], [ -73.783091861123694, 40.843685054811374 ], [ -73.782873882431687, 40.84312410236253 ], [ -73.783132525686653, 40.843697496731941 ], [ -73.782806615065539, 40.843779316122252 ], [ -73.782841516176958, 40.843894787202146 ], [ -73.783474812492457, 40.843654738109997 ], [ -73.782887783014857, 40.842494828849802 ], [ -73.782299412709179, 40.842605896413559 ], [ -73.782444524045843, 40.843042034416939 ], [ -73.781800483624338, 40.842696145793845 ], [ -73.781933065936499, 40.843228088076707 ], [ -73.781771969277372, 40.842702273492101 ], [ -73.781246566344961, 40.842797107289648 ], [ -73.781427851884388, 40.843370874281767 ], [ -73.781216011192683, 40.842804777395841 ], [ -73.780674299250165, 40.842907304537889 ], [ -73.780829036813103, 40.843507297145806 ], [ -73.780295525320653, 40.842973044894094 ], [ -73.780227738726779, 40.843778181297914 ], [ -73.780226624180756, 40.842883268935687 ], [ -73.782864993049131, 40.842478101882882 ], [ -73.780597358225947, 40.842786599941178 ], [ -73.782368559535044, 40.842428493149839 ], [ -73.78162055021906, 40.84232949488824 ], [ -73.782306433175833, 40.842211116312789 ], [ -73.782332572158708, 40.841922844111572 ], [ -73.781440031078489, 40.84214213349361 ], [ -73.782166244189625, 40.841689144110227 ], [ -73.780348051582308, 40.842109098224633 ], [ -73.780425771815203, 40.842494394207087 ], [ -73.78019599955293, 40.842046210976349 ], [ -73.781850481977656, 40.84165394639453 ], [ -73.781660512134238, 40.841124175588362 ], [ -73.780892206101569, 40.841553084198502 ], [ -73.78079752923469, 40.841256146048629 ], [ -73.7816485529559, 40.841097763528985 ], [ -73.78113875725964, 40.839494278801908 ], [ -73.781884557202702, 40.837650276604954 ], [ -73.782906291908787, 40.837320006073 ], [ -73.782822601397271, 40.836338155888036 ], [ -73.783381680593195, 40.836909271680874 ], [ -73.784980603280943, 40.836746426080701 ], [ -73.784503339653398, 40.837057765171309 ], [ -73.784850092226421, 40.837470489178642 ], [ -73.785639978454469, 40.837064434585564 ], [ -73.785830679641279, 40.837209980004708 ], [ -73.785165844286482, 40.837471334061959 ], [ -73.785735092986798, 40.839234231776004 ], [ -73.787407587459896, 40.839677623197183 ], [ -73.787491664125838, 40.840842341674275 ], [ -73.788159211665118, 40.840490778567229 ], [ -73.787612377825923, 40.841198005296064 ], [ -73.788366174748248, 40.841504611016724 ], [ -73.788020035503521, 40.84178384145897 ], [ -73.788838648951327, 40.842350395961319 ], [ -73.789058255013614, 40.843235331770224 ], [ -73.789930933882289, 40.843042264363838 ], [ -73.789471822140939, 40.844292978352236 ], [ -73.790988583759017, 40.845652832062747 ], [ -73.790973333106663, 40.846357311525146 ], [ -73.791490765135521, 40.846251004965445 ], [ -73.791181287853448, 40.846555675930013 ], [ -73.791793436254508, 40.846731672329476 ], [ -73.791013623389901, 40.848985209717071 ], [ -73.789757110706105, 40.849531469287818 ], [ -73.789858369521752, 40.849972559362044 ], [ -73.790947768576203, 40.849739179644004 ], [ -73.790988771246532, 40.849828349532395 ], [ -73.78986630313652, 40.84998939070335 ], [ -73.79040506054308, 40.85027276271417 ], [ -73.789918724828638, 40.850611727137917 ], [ -73.791023811304171, 40.850432275424296 ], [ -73.789929536266726, 40.850626122555219 ], [ -73.790268245072539, 40.850961088074023 ], [ -73.789513715161732, 40.851300771713269 ], [ -73.79098717984283, 40.85126401529925 ], [ -73.789664903445129, 40.851500382132294 ], [ -73.790892179300755, 40.851546903549085 ], [ -73.790195886672791, 40.851752904563106 ], [ -73.790463705280999, 40.851767006154191 ], [ -73.790083969041063, 40.852034527382393 ], [ -73.79015509260995, 40.852251285236001 ], [ -73.792483593571816, 40.851523791407089 ], [ -73.790170071262949, 40.852280661153621 ], [ -73.793118371838318, 40.85157829524104 ], [ -73.793237867876414, 40.851931174674633 ], [ -73.791245567837734, 40.852304681410921 ], [ -73.791380526955137, 40.852602038304902 ], [ -73.793409876311685, 40.852021883730572 ], [ -73.793507628319134, 40.852264043924997 ], [ -73.790420537801609, 40.853022978212785 ], [ -73.79281511966937, 40.852494819309101 ], [ -73.790807587299213, 40.853199060064561 ], [ -73.79126573165874, 40.853706864233324 ], [ -73.792524087288939, 40.85340992070514 ], [ -73.792409310369251, 40.853053336114975 ], [ -73.79297928311027, 40.853302944909615 ], [ -73.792876100485842, 40.852944181328581 ], [ -73.793039911702607, 40.853371249285317 ], [ -73.791057212548253, 40.853918412426829 ], [ -73.792458168448107, 40.85360070875506 ], [ -73.791070027659416, 40.85394495666484 ], [ -73.79253714604873, 40.853849327813059 ], [ -73.791292821606319, 40.854584025977047 ], [ -73.792503066854351, 40.855788666137222 ], [ -73.792017122285287, 40.856176948606475 ], [ -73.792705239851372, 40.856192328905934 ], [ -73.792687682226557, 40.856335218720538 ], [ -73.79315700296155, 40.856350911074983 ], [ -73.793146860859579, 40.856467828471352 ], [ -73.792010500090527, 40.856225127718574 ], [ -73.791901833402505, 40.85654691136817 ], [ -73.793094921523817, 40.856686441404264 ], [ -73.791894229588749, 40.856568889329822 ], [ -73.791707042573577, 40.856851842855221 ], [ -73.792827132379756, 40.857435789918092 ], [ -73.793012643830053, 40.85700302604333 ], [ -73.792884038889042, 40.857479202493828 ], [ -73.791859787152035, 40.857004107259556 ], [ -73.792683385754628, 40.857420393592896 ], [ -73.791894519130764, 40.857437121865459 ], [ -73.792569704405778, 40.857639625362424 ], [ -73.792395217232823, 40.857845547752376 ], [ -73.791742540823492, 40.857393950004436 ], [ -73.791843032173816, 40.857028702011554 ], [ -73.790942022603659, 40.857552748188972 ], [ -73.791785294232497, 40.857775425855756 ], [ -73.791436959081054, 40.858154685123282 ], [ -73.790932228007435, 40.857567787470721 ], [ -73.790091415376338, 40.858538745329518 ] ] ], [ [ [ -73.769044389871397, 40.853290924693752 ], [ -73.769385291396944, 40.852536133996949 ], [ -73.768608176871055, 40.850788395378324 ], [ -73.769596743114633, 40.847594519098386 ], [ -73.767894926726356, 40.84528943351981 ], [ -73.76901389181107, 40.84509734272212 ], [ -73.771572188332371, 40.847500058580486 ], [ -73.770889202211706, 40.849751771338283 ], [ -73.772049636684599, 40.851618289757624 ], [ -73.772963566112836, 40.852159253958824 ], [ -73.771730604119043, 40.852476831319294 ], [ -73.772349174548225, 40.853851420736852 ], [ -73.772962853348673, 40.853800062246656 ], [ -73.772140368418135, 40.854412712600805 ], [ -73.772192230554069, 40.859986638597164 ], [ -73.770845623802671, 40.860101012928567 ], [ -73.769473054239967, 40.859330136668774 ], [ -73.768362772907949, 40.858358288851996 ], [ -73.768360859187993, 40.857655363706094 ], [ -73.765332439952758, 40.855043595125053 ], [ -73.767832056371745, 40.854442205742302 ], [ -73.768556603270596, 40.853238322959648 ], [ -73.769044389871397, 40.853290924693752 ] ] ], [ [ [ -73.781563896999401, 40.85500128643411 ], [ -73.78156303268149, 40.855744796001062 ], [ -73.781227823320165, 40.85608778916297 ], [ -73.780617308297181, 40.85573517581021 ], [ -73.780904768512897, 40.854968133162508 ], [ -73.781563896999401, 40.85500128643411 ] ] ], [ [ [ -73.783946997220056, 40.855630437526813 ], [ -73.783434875013853, 40.856362865959092 ], [ -73.782832914478519, 40.855870308445922 ], [ -73.783023715225028, 40.855092766665159 ], [ -73.783946997220056, 40.855630437526813 ] ] ], [ [ [ -73.7844800977429, 40.8602928363822 ], [ -73.785196643871117, 40.858827023637588 ], [ -73.78601763836582, 40.859300920107145 ], [ -73.787431861941755, 40.858935245614624 ], [ -73.786858867732988, 40.860045057839741 ], [ -73.7844800977429, 40.8602928363822 ] ] ] ] } },
{ "type": "Feature", "properties": { "LocationID": 47, "zone": "Claremont/Bathgate", "borough": "Bronx", "venues": 0, "cohort": "Low" }, "geometry": { "type": "Polygon", "coordinates": [ [ [ -73.890389539999831, 40.854689058000162 ], [ -73.892166873999813, 40.852769462000097 ], [ -73.893071409000015, 40.85324998700009 ], [ -73.894317740999767, 40.851891311000024 ], [ -73.894787649999927, 40.851081667000074 ], [ -73.894072589999908, 40.85071319000015 ], [ -73.896177129999984, 40.846658321000092 ], [ -73.892901022999951, 40.846268330000107 ], [ -73.895378361999946, 40.84293877900015 ], [ -73.896661616999879, 40.843524607000127 ], [ -73.905531167999882, 40.829104133000094 ], [ -73.910490106999916, 40.830737373000076 ], [ -73.905383579999921, 40.839768983000106 ], [ -73.904831219999892, 40.844800342000084 ], [ -73.901344046, 40.844428751000123 ], [ -73.89106280699994, 40.861529412000095 ], [ -73.890275555999935, 40.861109073000151 ], [ -73.891125687999875, 40.860061825000109 ], [ -73.89108676599993, 40.85659725700004 ], [ -73.890389539999831, 40.854689058000162 ] ] ] } },
{ "type": "Feature", "properties": { "LocationID": 48, "zone": "Clinton East", "borough": "Manhattan", "venues": 1, "cohort": "Low" }, "geometry": { "type": "Polygon", "coordinates": [ [ [ -73.982365451, 40.76739215300011 ], [ -73.991632712999959, 40.754706805000147 ], [ -73.997306714999979, 40.757110507000093 ], [ -73.98806289599996, 40.769790800000109 ], [ -73.982365451, 40.76739215300011 ] ] ] } },
{ "type": "Feature", "properties": { "LocationID": 49, "zone": "Clinton Hill", "borough": "Brooklyn", "venues": 2, "cohort": "Low" }, "geometry": { "type": "Polygon", "coordinates": [ [ [ -73.961051006999909, 40.698326079000083 ], [ -73.960158546999864, 40.694117309000134 ], [ -73.956142392999851, 40.694579019000095 ], [ -73.955410579999963, 40.690908292000152 ], [ -73.960292816999981, 40.690346250000132 ], [ -73.959567701999845, 40.686682555000154 ], [ -73.954684188999977, 40.687244854000056 ], [ -73.953281873999956, 40.680200031000041 ], [ -73.955436815999846, 40.679957855000119 ], [ -73.955293615999963, 40.679203151000038 ], [ -73.968689614000013, 40.682005258000068 ], [ -73.970131541999919, 40.689506308000055 ], [ -73.969103624999931, 40.689467522000044 ], [ -73.969831184999833, 40.693134244000163 ], [ -73.968809896000053, 40.693120382000167 ], [ -73.969394500999897, 40.696080389000052 ], [ -73.964550704999894, 40.696107592000061 ], [ -73.963475151999916, 40.69680066800013 ], [ -73.962839636999931, 40.698038668000137 ], [ -73.961051006999909, 40.698326079000083 ] ] ] } },
{ "type": "Feature", "properties": { "LocationID": 50, "zone": "Clinton West", "borough": "Manhattan", "venues": 0, "cohort": "Low" }, "geometry": { "type": "Polygon", "coordinates": [ [ [ -73.996677057847364, 40.773510053942402 ], [ -73.994163284563058, 40.772487191524029 ], [ -73.993831082015475, 40.772931787425534 ], [ -73.99387445099994, 40.772238168000143 ], [ -73.98806289599996, 40.769790800000109 ], [ -73.995474501999922, 40.7596268570001 ], [ -74.003757350188366, 40.763582241820416 ], [ -74.001386036985977, 40.762850095002058 ], [ -74.000973080220106, 40.763420271725778 ], [ -74.003149769889959, 40.764332888184775 ], [ -74.003100881630658, 40.764745748135994 ], [ -73.999622634581925, 40.763559081210651 ], [ -73.999150980879079, 40.764205259582837 ], [ -74.002274366423677, 40.765525181099697 ], [ -74.002024543303392, 40.765893266570565 ], [ -73.99888473174974, 40.764569377048765 ], [ -73.99857638530527, 40.764998607271032 ], [ -73.998281607095279, 40.765567775437539 ], [ -74.00157335385272, 40.766977192210859 ], [ -74.001314696359941, 40.767251120050126 ], [ -73.998066759053501, 40.765871881135908 ], [ -73.997378084479536, 40.766823386379755 ], [ -74.000649505304139, 40.768245236105777 ], [ -74.000385864890717, 40.768504195429465 ], [ -73.997155889492063, 40.767128696172968 ], [ -73.996457154050404, 40.768098815795838 ], [ -73.999735902478591, 40.769506177331728 ], [ -73.999472537340068, 40.769764214969335 ], [ -73.997071760393155, 40.768732643577003 ], [ -73.996571264395598, 40.769424568274118 ], [ -73.999026828329107, 40.77046327298229 ], [ -73.998762069143098, 40.770825056709405 ], [ -73.996313270220853, 40.769798836336626 ], [ -73.995424744362921, 40.771031615168148 ], [ -73.995899901009366, 40.771450298582288 ], [ -73.994935016589949, 40.771468146578165 ], [ -73.99711218538603, 40.772553236699714 ], [ -73.996909469027884, 40.772832945660156 ], [ -73.994774079308272, 40.771929547530391 ], [ -73.994445012933781, 40.772377126588466 ], [ -73.996448946676182, 40.773056841996954 ], [ -73.996143291330867, 40.773247541563663 ], [ -73.996677057847364, 40.773510053942402 ] ] ] } },
{ "type": "Feature", "properties": { "LocationID": 51, "zone": "Co-Op City", "borough": "Bronx", "venues": 0, "cohort": "Low" }, "geometry": { "type": "Polygon", "coordinates": [ [ [ -73.820916171999968, 40.86891693400009 ], [ -73.815787640999986, 40.865758061000101 ], [ -73.820375529999964, 40.861033005000117 ], [ -73.82444012099991, 40.859501384000076 ], [ -73.826996531999981, 40.859087786000039 ], [ -73.827994449999821, 40.86084018600009 ], [ -73.82954731199996, 40.862164087000103 ], [ -73.833159603999846, 40.868319756000119 ], [ -73.835657664999886, 40.867512756000124 ], [ -73.838292214999839, 40.872951339000124 ], [ -73.83746027699992, 40.873222650000095 ], [ -73.839247889999882, 40.87661873800009 ], [ -73.838148421999904, 40.876953299000107 ], [ -73.843241137999868, 40.879108913000117 ], [ -73.83664134299984, 40.88212002500012 ], [ -73.833422226000039, 40.884275396000092 ], [ -73.830653590999873, 40.884852939000091 ], [ -73.823871405999981, 40.887783628000165 ], [ -73.820774086999961, 40.886710603000068 ], [ -73.819925864999945, 40.882119333000048 ], [ -73.823295993999864, 40.873097418000079 ], [ -73.820916171999968, 40.86891693400009 ] ] ] } },
{ "type": "Feature", "properties": { "LocationID": 52, "zone": "Cobble Hill", "borough": "Brooklyn", "venues": 0, "cohort": "Low" }, "geometry": { "type": "Polygon", "coordinates": [ [ [ -73.992363669999847, 40.689690124000116 ], [ -73.996208462999903, 40.681723425000108 ], [ -74.000048651999975, 40.682803356000157 ], [ -73.999080660999937, 40.684815992000068 ], [ -74.000647379999961, 40.685253947000099 ], [ -73.997769243999926, 40.691194698000146 ], [ -73.992363669999847, 40.689690124000116 ] ] ] } },
{ "type": "Feature", "properties": { "LocationID": 53, "zone": "College Point", "borough": "Queens", "venues": 0, "cohort": "Low" }, "geometry": { "type": "MultiPolygon", "coordinates": [ [ [ [ -73.837899675035928, 40.798508971186813 ], [ -73.840258608091276, 40.797588858432313 ], [ -73.839970995900273, 40.796905641892423 ], [ -73.83840083088981, 40.796755258653633 ], [ -73.836632889116856, 40.792516375769459 ], [ -73.83922303099996, 40.793043046000101 ], [ -73.840678283000059, 40.793907892000142 ], [ -73.840815325999941, 40.791504885000101 ], [ -73.838956760999835, 40.791438431000159 ], [ -73.839005240999938, 40.790617322000152 ], [ -73.83992306199994, 40.790649902000105 ], [ -73.840081574999971, 40.78785153100015 ], [ -73.838244290999938, 40.787785916000146 ], [ -73.838699212999956, 40.781676957000087 ], [ -73.825137402999928, 40.781699706000168 ], [ -73.830000110999833, 40.773732407000175 ], [ -73.836140524999934, 40.769527374000155 ], [ -73.839131892817136, 40.765991105784337 ], [ -73.839753879820336, 40.767120445441094 ], [ -73.840311703152935, 40.766294797898617 ], [ -73.844488958841964, 40.765459602584102 ], [ -73.847805751044248, 40.766772948171813 ], [ -73.849012870790574, 40.769215304351476 ], [ -73.848601014251273, 40.76981782588814 ], [ -73.849504271784767, 40.769510223882449 ], [ -73.849774077932182, 40.769936012943148 ], [ -73.848726718243142, 40.770106189088914 ], [ -73.848671528688399, 40.770761572902749 ], [ -73.84994241882967, 40.771927193260034 ], [ -73.850338088185239, 40.771743668538946 ], [ -73.851301083744758, 40.77180636079791 ], [ -73.849951625173034, 40.771958298877351 ], [ -73.848976198671892, 40.773561667957175 ], [ -73.84895559325399, 40.777961673731546 ], [ -73.849933532961757, 40.778769123381238 ], [ -73.849639689330502, 40.779483275176887 ], [ -73.851476060602224, 40.778964409730833 ], [ -73.849817200660141, 40.779630348054368 ], [ -73.852352678813006, 40.779480672833536 ], [ -73.852320862422175, 40.779169284703919 ], [ -73.852388327784141, 40.779528902387099 ], [ -73.849821022597609, 40.779651339304074 ], [ -73.849553155500786, 40.779990415384198 ], [ -73.851690280854228, 40.779867508478368 ], [ -73.851670991622186, 40.780035228878319 ], [ -73.84949381208321, 40.780065828114438 ], [ -73.849889320817937, 40.781089134798556 ], [ -73.85093646396534, 40.781119575156197 ], [ -73.849887280637475, 40.781121511317103 ], [ -73.849836600142652, 40.78159962491646 ], [ -73.849187094184614, 40.781641811549697 ], [ -73.849252581828495, 40.782264775014241 ], [ -73.855282427865887, 40.781975384350183 ], [ -73.855450628349288, 40.783143079138505 ], [ -73.856311078026437, 40.783382166716294 ], [ -73.856649510905868, 40.78289231927662 ], [ -73.856841290146662, 40.783371363485401 ], [ -73.858083181033166, 40.783724078841871 ], [ -73.85797685542525, 40.784678164568341 ], [ -73.859529091972277, 40.785530560534248 ], [ -73.858990488050168, 40.785491599434884 ], [ -73.858128171584937, 40.787051561058483 ], [ -73.856811337654847, 40.786672613697341 ], [ -73.855958689130503, 40.787675178773945 ], [ -73.852842301338669, 40.788211371740118 ], [ -73.854801947331836, 40.788619154726092 ], [ -73.854471940712301, 40.79025897531973 ], [ -73.852658306930451, 40.791106420610539 ], [ -73.853778549106949, 40.792421274007211 ], [ -73.853733515937321, 40.793935375091287 ], [ -73.852766271983995, 40.794389247829507 ], [ -73.852630982562403, 40.794944854244946 ], [ -73.85159077157229, 40.794086531580653 ], [ -73.84906160835088, 40.793362610298722 ], [ -73.848559887389811, 40.795495060218578 ], [ -73.846245284063372, 40.796161950667262 ], [ -73.844599150444395, 40.794911549875323 ], [ -73.84354668938991, 40.79491394401068 ], [ -73.843306323869101, 40.795500933489109 ], [ -73.842848653223967, 40.79521340167188 ], [ -73.843284971941898, 40.796174392685231 ], [ -73.842808752412196, 40.795418222413282 ], [ -73.842259593683309, 40.795584968937561 ], [ -73.842920690252868, 40.796903686184187 ], [ -73.841587211743942, 40.795401069221448 ], [ -73.84129943545976, 40.796219669330156 ], [ -73.840139303644492, 40.796879187836254 ], [ -73.84041517975831, 40.797678437258902 ], [ -73.837899675035928, 40.798508971186813 ] ] ], [ [ [ -73.868099122578883, 40.78745866181859 ], [ -73.868130320000162, 40.787232777844387 ], [ -73.869234917329194, 40.785969914958386 ], [ -73.868099122578883, 40.78745866181859 ] ] ] ] } },
{ "type": "Feature", "properties": { "LocationID": 54, "zone": "Columbia Street", "borough": "Brooklyn", "venues": 0, "cohort": "Low" }, "geometry": { "type": "MultiPolygon", "coordinates": [ [ [ [ -74.011932599555223, 40.683887749077726 ], [ -74.012175966146359, 40.684095185628692 ], [ -74.008353285488241, 40.686400129472403 ], [ -74.008163205714155, 40.686173644858648 ], [ -74.011932599555223, 40.683887749077726 ] ] ], [ [ [ -74.001743620725023, 40.69240674985285 ], [ -73.997769243999926, 40.691194698000146 ], [ -74.003292312999989, 40.679643288000122 ], [ -74.005960410999876, 40.683362871000128 ], [ -74.004852416999967, 40.685668131000106 ], [ -74.007171096999897, 40.686357010000108 ], [ -74.007530831999929, 40.686074487000106 ], [ -74.007019886826427, 40.686526417194216 ], [ -74.005882241832211, 40.686195768893789 ], [ -74.005629863303952, 40.686784206043818 ], [ -74.007832937666791, 40.687385055162956 ], [ -74.007420121540918, 40.688206290436185 ], [ -74.005003733150645, 40.687605985401078 ], [ -74.004592705217661, 40.688215222986813 ], [ -74.00678438439806, 40.688826879958441 ], [ -74.006364612252611, 40.689669668637144 ], [ -74.00382038919723, 40.688929644699456 ], [ -74.00340921624516, 40.689613261160297 ], [ -74.005759006703443, 40.690236400016346 ], [ -74.005342096249095, 40.69109160297802 ], [ -74.0009615685494, 40.690128768350235 ], [ -74.000699058418746, 40.690611858419302 ], [ -74.004794152945522, 40.691761620374635 ], [ -74.004409412599756, 40.692528800389532 ], [ -74.001969385260736, 40.691843208317721 ], [ -74.001743620725023, 40.69240674985285 ] ] ], [ [ [ -74.004007959710876, 40.693208199632537 ], [ -74.003462180925297, 40.694057015074925 ], [ -74.00127014951309, 40.693296061837088 ], [ -74.001743620725023, 40.69240674985285 ], [ -74.004007959710876, 40.693208199632537 ] ] ] ] } },
{ "type": "Feature", "properties": { "LocationID": 55, "zone": "Coney Island", "borough": "Brooklyn", "venues": 0, "cohort": "Low" }, "geometry": { "type": "Polygon", "coordinates": [ [ [ -73.987101202999966, 40.584644592000089 ], [ -73.984927309999989, 40.584595953000118 ], [ -73.984821928999878, 40.58416852300013 ], [ -73.977425252999879, 40.582906593000118 ], [ -73.966615314999828, 40.584571037000124 ], [ -73.968889958999895, 40.575261239000056 ], [ -73.964711288999908, 40.574782618000029 ], [ -73.95941778299985, 40.575177983000131 ], [ -73.959391822236853, 40.573912109376323 ], [ -73.968390378288689, 40.573154442940293 ], [ -73.969451262023782, 40.572857280363394 ], [ -73.969246212155724, 40.572304075654742 ], [ -73.969558951517442, 40.572808580460965 ], [ -73.970853630743676, 40.572770515280034 ], [ -73.971350445874805, 40.572599460045474 ], [ -73.971183063557021, 40.571941899084372 ], [ -73.971607064523781, 40.572628223920034 ], [ -73.972496737470777, 40.57257625674761 ], [ -73.973345022298105, 40.572321214006259 ], [ -73.973249901151362, 40.57162668661185 ], [ -73.973732099711896, 40.572286925094211 ], [ -73.975470819027905, 40.571969003817131 ], [ -73.975405640942071, 40.57142104064075 ], [ -73.975925520915354, 40.572018657437717 ], [ -73.97730110158642, 40.571862385946595 ], [ -73.977670875238132, 40.571171020079206 ], [ -73.978075997982131, 40.571229570128864 ], [ -73.977807965186457, 40.571756200726483 ], [ -73.978454865111829, 40.571892204299424 ], [ -73.979846944694003, 40.571539319610395 ], [ -73.979443283676147, 40.57122092594819 ], [ -73.980325922260121, 40.571737702218776 ], [ -73.982040758525102, 40.571480370522622 ], [ -73.981571554234293, 40.571249988425016 ], [ -73.983672701532669, 40.571407057687566 ], [ -73.983043288837081, 40.570145860988234 ], [ -73.983360580392727, 40.569529994486864 ], [ -73.98375790448641, 40.571396227251071 ], [ -73.990262675274238, 40.57070834011747 ], [ -73.99079264766938, 40.570248648755708 ], [ -73.991193375236108, 40.570611874968485 ], [ -73.992980980721612, 40.570196773309398 ], [ -73.994937632299525, 40.570354674512579 ], [ -73.995187260857364, 40.570021877633309 ], [ -73.995764696770948, 40.570392962362654 ], [ -74.001064386345092, 40.57040154143565 ], [ -74.002011670539005, 40.570208758524394 ], [ -74.002085476397284, 40.569585983985199 ], [ -74.002487077376983, 40.571738388872625 ], [ -74.003031861648083, 40.572185594759247 ], [ -74.006669156326012, 40.573393648375529 ], [ -74.010074107854209, 40.573830809517851 ], [ -74.012015401911256, 40.574885052474364 ], [ -74.01302222952468, 40.577804459633718 ], [ -74.012749824703732, 40.57855731173543 ], [ -74.011329324830257, 40.58018363022498 ], [ -74.008120300803654, 40.581622268715726 ], [ -74.006047342358059, 40.581983653036012 ], [ -74.002205828768041, 40.581365886020542 ], [ -73.998219464959206, 40.581474377214512 ], [ -73.997808624569373, 40.580595800916072 ], [ -73.988428337694401, 40.578815842619775 ], [ -73.986695399970614, 40.579814908132704 ], [ -73.987021385776998, 40.580022764875444 ], [ -73.98588567394853, 40.581144424565032 ], [ -73.986045099162084, 40.581720685151787 ], [ -73.988009733767385, 40.579670687155968 ], [ -73.98995504960881, 40.580661669765817 ], [ -73.988299482999821, 40.583466747000081 ], [ -73.986544570999882, 40.583658591000138 ], [ -73.987101202999966, 40.584644592000089 ] ] ] } },
{ "type": "Feature", "properties": { "LocationID": 56, "zone": "Corona", "borough": "Queens", "venues": 0, "cohort": "Low" }, "geometry": { "type": "MultiPolygon", "coordinates": [ [ [ [ -73.854425752999987, 40.74885172600009 ], [ -73.850115565999886, 40.740723563000159 ], [ -73.847801646999983, 40.740049677000073 ], [ -73.848236279999824, 40.739290401000162 ], [ -73.847508202999933, 40.739007807000142 ], [ -73.851870674999859, 40.73734292900015 ], [ -73.864621932999952, 40.734282757000145 ], [ -73.867562533999831, 40.74094188900014 ], [ -73.867909638999862, 40.744933716000084 ], [ -73.854425752999987, 40.74885172600009 ] ] ], [ [ [ -73.854425752999987, 40.74885172600009 ], [ -73.855834956, 40.751577272000105 ], [ -73.854555522999931, 40.751961919000117 ], [ -73.855799090999867, 40.754409528000139 ], [ -73.853126354999944, 40.755109343000072 ], [ -73.85086439699991, 40.749995642000044 ], [ -73.854425752999987, 40.74885172600009 ] ] ] ] } },
{ "type": "Feature", "properties": { "LocationID": 58, "zone": "Country Club", "borough": "Bronx", "venues": 0, "cohort": "Low" }, "geometry": { "type": "Polygon", "coordinates": [ [ [ -73.815071659042388, 40.849133619794685 ], [ -73.816026851149033, 40.846400458770226 ], [ -73.814645946975418, 40.847219613529226 ], [ -73.815703531894485, 40.846291340424031 ], [ -73.813686347381989, 40.847274325509261 ], [ -73.813563728616714, 40.84715141127873 ], [ -73.814908582032004, 40.84646876487917 ], [ -73.814423525798205, 40.846187825072597 ], [ -73.815026276042801, 40.845499995058603 ], [ -73.813188650724967, 40.846229536475413 ], [ -73.81403198219364, 40.845589297868102 ], [ -73.813632582326989, 40.845280769031561 ], [ -73.813359055850199, 40.845845499331212 ], [ -73.813289326928555, 40.845951022731839 ], [ -73.813212952442512, 40.845922939842033 ], [ -73.813259977246886, 40.845233990458404 ], [ -73.812849399585232, 40.846318799498412 ], [ -73.813243263509179, 40.845235908352741 ], [ -73.813100506268455, 40.845172414533465 ], [ -73.812877035975802, 40.845134667946091 ], [ -73.813155970442438, 40.845212100376536 ], [ -73.812855369576326, 40.845186285461665 ], [ -73.812414453281278, 40.846559380748936 ], [ -73.812277909004834, 40.846543458279484 ], [ -73.812857743379396, 40.845129544589319 ], [ -73.812544578156192, 40.844979598008457 ], [ -73.811884588447697, 40.846594967061407 ], [ -73.812436250606694, 40.846737712075743 ], [ -73.811699718236653, 40.846681700813811 ], [ -73.812661413490488, 40.844207649501008 ], [ -73.813117950235664, 40.844787603569834 ], [ -73.812549091207089, 40.844952275146269 ], [ -73.813655806658801, 40.845059122465877 ], [ -73.814144620491845, 40.844818173262951 ], [ -73.813699792878026, 40.844848456863602 ], [ -73.814170975642057, 40.844639947154882 ], [ -73.813369917884529, 40.843800827878084 ], [ -73.814374582525446, 40.843088925999616 ], [ -73.815697929480748, 40.84438642811309 ], [ -73.816311103902166, 40.843979534121004 ], [ -73.817500729744239, 40.844367444910574 ], [ -73.818237227462021, 40.844355041712817 ], [ -73.816626773250945, 40.843944898560423 ], [ -73.815723001319981, 40.842536565987082 ], [ -73.815171136648729, 40.842577161624028 ], [ -73.815702078464071, 40.842519721689811 ], [ -73.815262633976559, 40.841259839423167 ], [ -73.814733458175326, 40.841375728310986 ], [ -73.815234048872455, 40.841009641496719 ], [ -73.81480646696015, 40.83980436738922 ], [ -73.814365965024862, 40.839865363765142 ], [ -73.814723196844824, 40.839588886600218 ], [ -73.814315788000812, 40.839649526509696 ], [ -73.814309001336824, 40.839622416379477 ], [ -73.816264706409029, 40.838263655717327 ], [ -73.816060682173244, 40.83603019622862 ], [ -73.824633465000034, 40.833855808000116 ], [ -73.825158839000068, 40.834614472000148 ], [ -73.826012526000028, 40.834020778000045 ], [ -73.825404825999769, 40.83565927500014 ], [ -73.826241329999959, 40.84299359400012 ], [ -73.825179989999981, 40.842700059000073 ], [ -73.824956976999857, 40.846105445000056 ], [ -73.820484055999827, 40.848501026000136 ], [ -73.820140437000035, 40.848020599000108 ], [ -73.816301192, 40.848572172000118 ], [ -73.815071659042388, 40.849133619794685 ] ] ] } },
{ "type": "Feature", "properties": { "LocationID": 59, "zone": "Crotona Park", "borough": "Bronx", "venues": 0, "cohort": "Low" }, "geometry": { "type": "Polygon", "coordinates": [ [ [ -73.896661616999879, 40.843524607000127 ], [ -73.88869040799986, 40.839158026000071 ], [ -73.888137521999923, 40.839862002000089 ], [ -73.886598022999891, 40.839279050000101 ], [ -73.887303732000021, 40.838127191000154 ], [ -73.888411871999963, 40.838553391000112 ], [ -73.890573632999832, 40.836901048000101 ], [ -73.893856242999945, 40.836395102000111 ], [ -73.896972202999947, 40.834345254000077 ], [ -73.901215783999902, 40.835410141000082 ], [ -73.896661616999879, 40.843524607000127 ] ] ] } },
{ "type": "Feature", "properties": { "LocationID": 60, "zone": "Crotona Park East", "borough": "Bronx", "venues": 0, "cohort": "Low" }, "geometry": { "type": "Polygon", "coordinates": [ [ [ -73.880061996, 40.84016223500003 ], [ -73.872772046999813, 40.839751282000151 ], [ -73.873147146999969, 40.838263899000118 ], [ -73.874010512999888, 40.837310005000106 ], [ -73.874908511, 40.837359610000192 ], [ -73.874822281999855, 40.836859480000051 ], [ -73.877565245999961, 40.83581875200008 ], [ -73.879252394999924, 40.834424790000099 ], [ -73.880051884999872, 40.834702059000094 ], [ -73.883900948000033, 40.829802816000061 ], [ -73.883520187999906, 40.82926018100013 ], [ -73.884613359999975, 40.825276503000104 ], [ -73.884398548999897, 40.822965576000058 ], [ -73.887534295999856, 40.822509339000142 ], [ -73.886012626999914, 40.828238531000125 ], [ -73.889911064999893, 40.830124192000063 ], [ -73.893360418, 40.830152531000159 ], [ -73.894692052, 40.830619094000056 ], [ -73.897172209999823, 40.8303688330002 ], [ -73.896302, 40.833543218000095 ], [ -73.896972202999947, 40.834345254000077 ], [ -73.893856242999945, 40.836395102000111 ], [ -73.890573632999832, 40.836901048000101 ], [ -73.888411871999963, 40.838553391000112 ], [ -73.887303732000021, 40.838127191000154 ], [ -73.886184320999917, 40.840105044000076 ], [ -73.882747698999921, 40.838592341000094 ], [ -73.882003841000028, 40.837443782000101 ], [ -73.880061996, 40.84016223500003 ] ] ] } },
{ "type": "Feature", "properties": { "LocationID": 61, "zone": "Crown Heights North", "borough": "Brooklyn", "venues": 6, "cohort": "Medium" }, "geometry": { "type": "Polygon", "coordinates": [ [ [ -73.929161306999916, 40.683436324000112 ], [ -73.929008839999852, 40.682702905000106 ], [ -73.922813742999949, 40.68341443000012 ], [ -73.921646663999923, 40.678869923000121 ], [ -73.922752571999979, 40.667097333000072 ], [ -73.928722045999848, 40.664495569000088 ], [ -73.928684043999908, 40.665086023000136 ], [ -73.936983623999936, 40.665535508000154 ], [ -73.936749469999981, 40.668127371000111 ], [ -73.947818574999843, 40.668783754000088 ], [ -73.947729962999901, 40.669713442000102 ], [ -73.955269636999972, 40.670124905000094 ], [ -73.961318779999914, 40.671406676000082 ], [ -73.960074283000012, 40.674878071000158 ], [ -73.963182388999826, 40.675529504000089 ], [ -73.961346558999935, 40.680463524000103 ], [ -73.955293615999963, 40.679203151000038 ], [ -73.955436815999846, 40.679957855000119 ], [ -73.953281873999956, 40.680200031000041 ], [ -73.953370174999904, 40.680640508000117 ], [ -73.934350664999926, 40.679563408000107 ], [ -73.935008216999918, 40.682763768000051 ], [ -73.929161306999916, 40.683436324000112 ] ] ] } },
{ "type": "Feature", "properties": { "LocationID": 62, "zone": "Crown Heights South", "borough": "Brooklyn", "venues": 0, "cohort": "Low" }, "geometry": { "type": "Polygon", "coordinates": [ [ [ -73.929167521999972, 40.664299532000101 ], [ -73.930684654999851, 40.66362047700013 ], [ -73.942828921999919, 40.662847486000103 ], [ -73.942696289999887, 40.664055129000154 ], [ -73.945462936999832, 40.664226104000079 ], [ -73.957209354999961, 40.663517397000135 ], [ -73.957291726999912, 40.664302633000048 ], [ -73.95787061899992, 40.664273358000145 ], [ -73.960336828999814, 40.664108698000149 ], [ -73.96095595499996, 40.663285055000124 ], [ -73.962587848999959, 40.671711597000105 ], [ -73.955269636999972, 40.670124905000094 ], [ -73.947729962999901, 40.669713442000102 ], [ -73.947818574999843, 40.668783754000088 ], [ -73.936749469999981, 40.668127371000111 ], [ -73.936983623999936, 40.665535508000154 ], [ -73.928684044999926, 40.665086023000107 ], [ -73.929167521999972, 40.664299532000101 ] ] ] } },
{ "type": "Feature", "properties": { "LocationID": 63, "zone": "Cypress Hills", "borough": "Brooklyn", "venues": 0, "cohort": "Low" }, "geometry": { "type": "Polygon", "coordinates": [ [ [ -73.868684542999887, 40.694034692000109 ], [ -73.866026667999918, 40.681918052000128 ], [ -73.864100967000027, 40.682372850000085 ], [ -73.863286408000036, 40.679077197000041 ], [ -73.862345804999833, 40.679164786000129 ], [ -73.861062949999891, 40.674342935000055 ], [ -73.861764096999849, 40.674232260000089 ], [ -73.872310180000014, 40.677755747000084 ], [ -73.875316275999978, 40.680110984000088 ], [ -73.876889551999852, 40.680164997000126 ], [ -73.880613777999926, 40.679110032000075 ], [ -73.881167303000041, 40.68135366300006 ], [ -73.884892546999879, 40.680811116000029 ], [ -73.88467046600006, 40.679940285000107 ], [ -73.889874391999982, 40.678302150000064 ], [ -73.896217736999859, 40.677358184000099 ], [ -73.896536764999894, 40.678593581000065 ], [ -73.9000462609999, 40.676893090000142 ], [ -73.904046397999892, 40.679220598000079 ], [ -73.9026226229999, 40.680664503000088 ], [ -73.900470011000024, 40.679535244000121 ], [ -73.897862998999855, 40.679875011000078 ], [ -73.894174632999921, 40.685283248000111 ], [ -73.892523167999954, 40.683424533000071 ], [ -73.890154186999823, 40.685003990000077 ], [ -73.889627875999977, 40.684236454000107 ], [ -73.88452250999984, 40.686684749000072 ], [ -73.883776986000015, 40.687863411000123 ], [ -73.879506411999955, 40.691146769000071 ], [ -73.874020531999918, 40.694191295000152 ], [ -73.868917043999943, 40.695150423000058 ], [ -73.868424896999898, 40.694718119000115 ], [ -73.868684542999887, 40.694034692000109 ] ] ] } },
{ "type": "Feature", "properties": { "LocationID": 64, "zone": "Douglaston", "borough": "Queens", "venues": 1, "cohort": "Low" }, "geometry": { "type": "Polygon", "coordinates": [ [ [ -73.750805936068772, 40.782893378834153 ], [ -73.723059241862586, 40.766144406157245 ], [ -73.713518281860416, 40.759837730916374 ], [ -73.717672370999964, 40.759311212000085 ], [ -73.720315952999982, 40.757897258000135 ], [ -73.723266734999982, 40.753947599000142 ], [ -73.727713561999948, 40.750626895000089 ], [ -73.729066709999785, 40.747390959000093 ], [ -73.731064618999895, 40.744888376000077 ], [ -73.734369658999796, 40.742351599000116 ], [ -73.738571758999981, 40.740092123000125 ], [ -73.740169517999931, 40.738481898000067 ], [ -73.741281138999881, 40.738788692000135 ], [ -73.743068207999912, 40.738440818000079 ], [ -73.743961935999877, 40.740789126000116 ], [ -73.749968042999868, 40.739745753000165 ], [ -73.750982301, 40.74002146300009 ], [ -73.753473, 40.742404844000149 ], [ -73.748876972999938, 40.743288375000148 ], [ -73.74477587099986, 40.743281097000157 ], [ -73.746259843999852, 40.746711475000112 ], [ -73.74384322099985, 40.747690096000071 ], [ -73.745779487999982, 40.751560805000125 ], [ -73.747098853999901, 40.752346829000075 ], [ -73.747741164999852, 40.753849945000098 ], [ -73.747111138999912, 40.754173286000125 ], [ -73.750047644999853, 40.758404658000153 ], [ -73.750577106999842, 40.758014895000116 ], [ -73.751155829999831, 40.759069769000071 ], [ -73.752302593999929, 40.759455199000122 ], [ -73.753209971999951, 40.758244873000102 ], [ -73.755116483999942, 40.758479498000106 ], [ -73.755837132999872, 40.757742062000155 ], [ -73.756820621999964, 40.759734806000033 ], [ -73.758001317999955, 40.760379867000104 ], [ -73.758480750999951, 40.761994737000116 ], [ -73.757848586999927, 40.762566800000123 ], [ -73.758446720999871, 40.764115146000059 ], [ -73.758864313999879, 40.763274541000129 ], [ -73.75921689799992, 40.76432485600008 ], [ -73.753770364822586, 40.765304631741643 ], [ -73.752192615365061, 40.763830418515255 ], [ -73.751074322525483, 40.761763671336425 ], [ -73.748612250725614, 40.760927803076179 ], [ -73.747535134750635, 40.759857196187511 ], [ -73.746559818679287, 40.759339147688607 ], [ -73.746261363136611, 40.757774541449294 ], [ -73.746103342528812, 40.757679382258615 ], [ -73.74577582220617, 40.757848636632382 ], [ -73.744558640307773, 40.75655788583272 ], [ -73.744866183386492, 40.757204304879174 ], [ -73.745759849542054, 40.75791351710884 ], [ -73.746311967054865, 40.758054814022955 ], [ -73.746162243718871, 40.759024799277093 ], [ -73.748158659046169, 40.760726377280406 ], [ -73.748374564394652, 40.761558789630989 ], [ -73.749290071441195, 40.76186230015076 ], [ -73.749173944623777, 40.76137774482811 ], [ -73.750570493653001, 40.761915474821699 ], [ -73.75507210849031, 40.767533106787624 ], [ -73.754393882693407, 40.768753462748847 ], [ -73.755573326493206, 40.771529125922882 ], [ -73.754380747575368, 40.772041271642401 ], [ -73.753366919992928, 40.773207847763544 ], [ -73.755185753943152, 40.776498070830392 ], [ -73.754813228934253, 40.777619032305786 ], [ -73.755517816047174, 40.777584144020125 ], [ -73.755517375817917, 40.77770404836437 ], [ -73.75455791105837, 40.77777659066448 ], [ -73.75299839296423, 40.781289489522308 ], [ -73.750805936068772, 40.782893378834153 ] ] ] } },
{ "type": "Feature", "properties": { "LocationID": 65, "zone": "Downtown Brooklyn/MetroTech", "borough": "Brooklyn", "venues": 0, "cohort": "Low" }, "geometry": { "type": "Polygon", "coordinates": [ [ [ -73.987124914999882, 40.70063448000019 ], [ -73.986968922999935, 40.698503614000145 ], [ -73.983051470999882, 40.698377934000106 ], [ -73.983117939999886, 40.697542043000134 ], [ -73.980509261999885, 40.69744627500009 ], [ -73.980135180999923, 40.694698017000164 ], [ -73.979167184, 40.693488323000118 ], [ -73.982511229999886, 40.693614334000138 ], [ -73.982539836999919, 40.693002616000143 ], [ -73.981758889999895, 40.692955173000087 ], [ -73.982131801999955, 40.691227237000099 ], [ -73.98147568199991, 40.689930944000061 ], [ -73.983720110999926, 40.690006719000117 ], [ -73.990971868999935, 40.692548800000132 ], [ -73.990444740999976, 40.693828251000092 ], [ -73.991422897999925, 40.697780993000073 ], [ -73.990932017999839, 40.700766216000105 ], [ -73.987124914999882, 40.70063448000019 ] ] ] } },
{ "type": "Feature", "properties": { "LocationID": 66, "zone": "DUMBO/Vinegar Hill", "borough": "Brooklyn", "venues": 0, "cohort": "Low" }, "geometry": { "type": "Polygon", "coordinates": [ [ [ -73.979060848699589, 40.705946029005915 ], [ -73.980740794999932, 40.701277310000172 ], [ -73.980509261999885, 40.69744627500009 ], [ -73.983117941, 40.697542043000105 ], [ -73.983051470999882, 40.698377934000106 ], [ -73.986968922999935, 40.698503614000145 ], [ -73.986793827999961, 40.70063322300016 ], [ -73.990932017999839, 40.700766216000105 ], [ -73.992860161999786, 40.702202767000102 ], [ -73.995445643120689, 40.703275305472033 ], [ -73.994662903436023, 40.703430608056756 ], [ -73.994776143534537, 40.704245861052627 ], [ -73.993508814036048, 40.704623505274164 ], [ -73.99212703535072, 40.704689642033713 ], [ -73.991861591893169, 40.704086642104521 ], [ -73.990947553507937, 40.704032442139386 ], [ -73.990227211960061, 40.704934044487288 ], [ -73.988303322085315, 40.704540468955251 ], [ -73.987956764915026, 40.70513421741267 ], [ -73.986529730120878, 40.704979099173961 ], [ -73.986434298266616, 40.705348607419708 ], [ -73.983438062609409, 40.705644094924068 ], [ -73.980925103059718, 40.705369255100457 ], [ -73.980906346688073, 40.705906059210413 ], [ -73.979060848699589, 40.705946029005915 ] ] ] } },
{ "type": "Feature", "properties": { "LocationID": 67, "zone": "Dyker Heights", "borough": "Brooklyn", "venues": 0, "cohort": "Low" }, "geometry": { "type": "Polygon", "coordinates": [ [ [ -74.015146306999952, 40.633221938000119 ], [ -74.010003407999946, 40.630113089000112 ], [ -74.007023024999967, 40.632109995000135 ], [ -74.001930113999975, 40.629032767000083 ], [ -74.002514547999965, 40.628474210000064 ], [ -73.997240670999872, 40.625288687000115 ], [ -73.997713589999975, 40.623680270000179 ], [ -73.999320902999983, 40.624655247000142 ], [ -74.017019101999949, 40.607654417000127 ], [ -74.015498549999975, 40.606841524000117 ], [ -74.018691356999881, 40.603607924000151 ], [ -74.021394671999929, 40.604493998000116 ], [ -74.020785408999956, 40.605673686000117 ], [ -74.022477694999935, 40.606674216000066 ], [ -74.021506028999937, 40.607822099000131 ], [ -74.024304375999975, 40.609456970000117 ], [ -74.024578554999906, 40.610223302000136 ], [ -74.024783762999988, 40.60969962900004 ], [ -74.027106605999947, 40.610243956000126 ], [ -74.02637609099996, 40.612450603000127 ], [ -74.027542972999981, 40.612937183000092 ], [ -74.025253271999915, 40.616678458000159 ], [ -74.020086673, 40.622420952000063 ], [ -74.01970491599991, 40.622184965000123 ], [ -74.015146306999952, 40.633221938000119 ] ] ] } },
{ "type": "Feature", "properties": { "LocationID": 68, "zone": "East Chelsea", "borough": "Manhattan", "venues": 0, "cohort": "Low" }, "geometry": { "type": "Polygon", "coordinates": [ [ [ -73.991632712999959, 40.754706805000147 ], [ -74.002523813999943, 40.739752644000085 ], [ -74.008204018999876, 40.742147518000074 ], [ -73.997306714999979, 40.757110507000093 ], [ -73.991632712999959, 40.754706805000147 ] ] ] } },
{ "type": "Feature", "properties": { "LocationID": 69, "zone": "East Concourse/Concourse Village", "borough": "Bronx", "venues": 0, "cohort": "Low" }, "geometry": { "type": "Polygon", "coordinates": [ [ [ -73.911694302999834, 40.827758716000119 ], [ -73.911309744999926, 40.824848558000092 ], [ -73.91316674499997, 40.825456455000079 ], [ -73.913511916999809, 40.824804944000128 ], [ -73.915411081999977, 40.825773909000119 ], [ -73.916613684999845, 40.824992308000134 ], [ -73.916087828999835, 40.824837852000073 ], [ -73.922652611999951, 40.820494315000111 ], [ -73.925184864999977, 40.818012669000083 ], [ -73.927316530999988, 40.818559634000096 ], [ -73.919860893999854, 40.831947227000136 ], [ -73.91371372699993, 40.838808935000095 ], [ -73.91193751499992, 40.843202388000108 ], [ -73.905148939999876, 40.842547195000151 ], [ -73.905383580999853, 40.839768983000091 ], [ -73.910490106999916, 40.830737373000076 ], [ -73.908959903, 40.83022623300009 ], [ -73.911694302999834, 40.827758716000119 ] ] ] } },
{ "type": "Feature", "properties": { "LocationID": 70, "zone": "East Elmhurst", "borough": "Queens", "venues": 0, "cohort": "Low" }, "geometry": { "type": "Polygon", "coordinates": [ [ [ -73.859123758999871, 40.761275499000135 ], [ -73.856039808999938, 40.759725787000043 ], [ -73.854495932999868, 40.758278639000039 ], [ -73.875138743000036, 40.756633816000075 ], [ -73.876013718999957, 40.761443732000103 ], [ -73.874995750999858, 40.761264322000116 ], [ -73.876387924000014, 40.768999558000132 ], [ -73.876089496999839, 40.771536903000055 ], [ -73.87143357299982, 40.771576467000067 ], [ -73.868098735, 40.770172009000149 ], [ -73.863402149, 40.766455512000086 ], [ -73.859123758999871, 40.761275499000135 ] ] ] } },
{ "type": "Feature", "properties": { "LocationID": 71, "zone": "East Flatbush/Farragut", "borough": "Brooklyn", "venues": 0, "cohort": "Low" }, "geometry": { "type": "Polygon", "coordinates": [ [ [ -73.931907438, 40.656537653000136 ], [ -73.931391166999902, 40.651689608000105 ], [ -73.930381443999977, 40.651734054000059 ], [ -73.929106230999849, 40.639795106000122 ], [ -73.925743893999851, 40.640014466000054 ], [ -73.926524908999923, 40.636492723000075 ], [ -73.927448222999857, 40.63525841000007 ], [ -73.9372670019998, 40.634650625000091 ], [ -73.937017462000028, 40.632310979000117 ], [ -73.944628854999948, 40.631837735000119 ], [ -73.94537272499997, 40.638786955000057 ], [ -73.948264996999825, 40.63860719000013 ], [ -73.948413434000031, 40.63998746400015 ], [ -73.94744296799982, 40.640047665000097 ], [ -73.947789946999762, 40.643305736000094 ], [ -73.945868791999885, 40.643423744000089 ], [ -73.946674144999832, 40.650948119000134 ], [ -73.945706061999843, 40.651006784000089 ], [ -73.946066905999828, 40.65441026200012 ], [ -73.947032575999984, 40.654338714000069 ], [ -73.947158962999836, 40.655593787000129 ], [ -73.931907438, 40.656537653000136 ] ] ] } },
{ "type": "Feature", "properties": { "LocationID": 72, "zone": "East Flatbush/Remsen Village", "borough": "Brooklyn", "venues": 0, "cohort": "Low" }, "geometry": { "type": "Polygon", "coordinates": [ [ [ -73.920213130999841, 40.659975441000057 ], [ -73.919594797999807, 40.661995679000043 ], [ -73.912364588999949, 40.655513565000049 ], [ -73.910122556999951, 40.655851771000137 ], [ -73.909334992999973, 40.652808592000085 ], [ -73.908557904999952, 40.652095938000087 ], [ -73.919950629999988, 40.644707630000092 ], [ -73.919737369999865, 40.642778148000076 ], [ -73.923326545999856, 40.639900216000107 ], [ -73.92356525899983, 40.642499298000097 ], [ -73.925382330999852, 40.642384532000094 ], [ -73.925743894999869, 40.640014466000046 ], [ -73.92910623199991, 40.639795106000093 ], [ -73.930381442999945, 40.651734054000073 ], [ -73.931391166999902, 40.651689608000105 ], [ -73.931907438999886, 40.656537653000164 ], [ -73.927994651999882, 40.656802101000075 ], [ -73.928340175999864, 40.660060036000075 ], [ -73.927255053999943, 40.659337564000076 ], [ -73.926464242999828, 40.659814362000141 ], [ -73.930684654999851, 40.66362047700013 ], [ -73.926379704999917, 40.665514892000097 ], [ -73.920213130999841, 40.659975441000057 ] ] ] } },
{ "type": "Feature", "properties": { "LocationID": 73, "zone": "East Flushing", "borough": "Queens", "venues": 0, "cohort": "Low" }, "geometry": { "type": "Polygon", "coordinates": [ [ [ -73.794719010999899, 40.750647617000098 ], [ -73.797295247999884, 40.749435053000134 ], [ -73.794675687999799, 40.747211928000155 ], [ -73.803352141999895, 40.746431965000063 ], [ -73.802876664999872, 40.749765149000062 ], [ -73.807505992999907, 40.750136587000142 ], [ -73.814161720999977, 40.746138580000057 ], [ -73.820849288, 40.752241545000096 ], [ -73.818407828999895, 40.753830422000171 ], [ -73.820300677, 40.755514980000115 ], [ -73.817892456999914, 40.7570863380001 ], [ -73.820635932999863, 40.758872268000076 ], [ -73.811049631999836, 40.761417021000156 ], [ -73.799400888999884, 40.759397219000128 ], [ -73.794932461999935, 40.757798030000153 ], [ -73.794719010999899, 40.750647617000098 ] ] ] } },
{ "type": "Feature", "properties": { "LocationID": 74, "zone": "East Harlem North", "borough": "Manhattan", "venues": 2, "cohort": "Low" }, "geometry": { "type": "MultiPolygon", "coordinates": [ [ [ [ -73.927202997851609, 40.797386747900099 ], [ -73.927671226208574, 40.797217014266451 ], [ -73.927706941270628, 40.797298663882316 ], [ -73.927202997851609, 40.797386747900099 ] ] ], [ [ [ -73.926695726147713, 40.800146977076437 ], [ -73.92711464230625, 40.800563756229778 ], [ -73.926665654901811, 40.800182714018035 ], [ -73.926695726147713, 40.800146977076437 ] ] ], [ [ [ -73.926538464450161, 40.800333898154129 ], [ -73.926742638929767, 40.800403498972969 ], [ -73.926736839530861, 40.800411471482114 ], [ -73.926538464450161, 40.800333898154129 ] ] ], [ [ [ -73.926509548836407, 40.800657031262432 ], [ -73.927046402979144, 40.800651743031516 ], [ -73.926886060220028, 40.800840648369039 ], [ -73.926509548836407, 40.800657031262432 ] ] ], [ [ [ -73.933830892871072, 40.819521063761748 ], [ -73.934120734842921, 40.808656451977612 ], [ -73.930306410125382, 40.803788035634064 ], [ -73.929034902403032, 40.801080903852139 ], [ -73.929036401796196, 40.796762594101494 ], [ -73.930068810355436, 40.794700828605627 ], [ -73.935053000027665, 40.791687202954662 ], [ -73.937736120999801, 40.792815804000163 ], [ -73.938648832999874, 40.791557755000071 ], [ -73.943272511999965, 40.793488103000108 ], [ -73.941876046999937, 40.795405869000042 ], [ -73.948311255000036, 40.79812921800012 ], [ -73.944597512999977, 40.803228145000098 ], [ -73.94613131, 40.803877358000129 ], [ -73.944301945999911, 40.806390825000101 ], [ -73.942753671999938, 40.805744013000059 ], [ -73.941771401999901, 40.807089000000147 ], [ -73.938544078999882, 40.8057296530001 ], [ -73.935807801999857, 40.809497638000074 ], [ -73.939017532999983, 40.810856557000093 ], [ -73.934074639999963, 40.81782651400011 ], [ -73.934400399999859, 40.819667783000121 ], [ -73.933830892871072, 40.819521063761748 ] ] ] ] } },
{ "type": "Feature", "properties": { "LocationID": 75, "zone": "East Harlem South", "borough": "Manhattan", "venues": 0, "cohort": "Low" }, "geometry": { "type": "Polygon", "coordinates": [ [ [ -73.943272511999965, 40.793488103000108 ], [ -73.938648832999874, 40.791557755000071 ], [ -73.937736120999801, 40.792815804000163 ], [ -73.935053000027665, 40.791687202954662 ], [ -73.937081043823071, 40.789366395710204 ], [ -73.93621859869944, 40.788800497574499 ], [ -73.937149654610991, 40.789168449059588 ], [ -73.939826196964603, 40.785256552415667 ], [ -73.943544207062232, 40.782880524162756 ], [ -73.955777358999896, 40.787913924000144 ], [ -73.948311255000036, 40.79812921800012 ], [ -73.941876046999937, 40.795405869000042 ], [ -73.943272511999965, 40.793488103000108 ] ] ] } },
{ "type": "Feature", "properties": { "LocationID": 76, "zone": "East New York", "borough": "Brooklyn", "venues": 0, "cohort": "Low" }, "geometry": { "type": "Polygon", "coordinates": [ [ [ -73.880639005999825, 40.679176985000055 ], [ -73.876889551999852, 40.680164997000126 ], [ -73.875316275999978, 40.680110984000088 ], [ -73.872310180000014, 40.677755747000084 ], [ -73.861764096999877, 40.674232261000121 ], [ -73.861062949999891, 40.674342935000055 ], [ -73.860389379000011, 40.671268775000087 ], [ -73.857633231999984, 40.67165619400005 ], [ -73.855684611999877, 40.663867492000129 ], [ -73.858429508999919, 40.663453360000048 ], [ -73.857610527999853, 40.660108356000102 ], [ -73.860359781999904, 40.659645829000127 ], [ -73.863170832999955, 40.658276512000143 ], [ -73.862697782997657, 40.657618309006345 ], [ -73.863276230685855, 40.656941215328295 ], [ -73.862641173431598, 40.655667537007901 ], [ -73.860989173769454, 40.655209767052753 ], [ -73.859755336866328, 40.654104176095132 ], [ -73.85695870295892, 40.650587373487319 ], [ -73.858403153410137, 40.647003901237561 ], [ -73.857169782982055, 40.643678558886151 ], [ -73.862894632243851, 40.642550679682643 ], [ -73.866704119737832, 40.640021763495689 ], [ -73.865486370005243, 40.638765183481816 ], [ -73.868672828950821, 40.640925079203555 ], [ -73.870614924610663, 40.644856741886933 ], [ -73.872570431028919, 40.645575612359849 ], [ -73.879216582309027, 40.65459108377317 ], [ -73.879719790342918, 40.654375929776556 ], [ -73.873185933309372, 40.645445013361758 ], [ -73.873270312552364, 40.643903214345094 ], [ -73.870085442244331, 40.639844181366428 ], [ -73.869895833862472, 40.638934528919741 ], [ -73.86799709668125, 40.638115265209798 ], [ -73.869609721365592, 40.637085534608914 ], [ -73.869208461106297, 40.637465809261215 ], [ -73.869559024903026, 40.637947484327697 ], [ -73.873340873471633, 40.636295149630506 ], [ -73.874981895507489, 40.636944714169211 ], [ -73.877233871889871, 40.638711010501787 ], [ -73.878415894069249, 40.638912189353505 ], [ -73.874580810999916, 40.645610106000134 ], [ -73.876103980000039, 40.646214789000112 ], [ -73.882213648999937, 40.654518638000155 ], [ -73.890005891999891, 40.651148697000131 ], [ -73.893546770999876, 40.655202714000062 ], [ -73.897610132999873, 40.653453816000109 ], [ -73.895861549, 40.651880527000074 ], [ -73.903982005999907, 40.646628568000068 ], [ -73.909448463999937, 40.651521599000091 ], [ -73.907400357, 40.6528439900001 ], [ -73.907843463999939, 40.654591530000076 ], [ -73.903178583999932, 40.6553116340001 ], [ -73.900394866999903, 40.657184205000149 ], [ -73.896125872999932, 40.657814664000128 ], [ -73.881855572999854, 40.66414998800014 ], [ -73.883308833999749, 40.666112005000059 ], [ -73.888108173999939, 40.664047412000087 ], [ -73.889906696, 40.663778290000053 ], [ -73.890693853999849, 40.666852234000103 ], [ -73.889769885999854, 40.666989915000102 ], [ -73.890878051000016, 40.67131808700006 ], [ -73.892710907000037, 40.671045828000111 ], [ -73.893670363999874, 40.674821771000083 ], [ -73.899306753999866, 40.673982042000127 ], [ -73.900046261999933, 40.676893090000164 ], [ -73.896536764999894, 40.678593581000065 ], [ -73.896217736999859, 40.677358184000099 ], [ -73.889874391999982, 40.678302150000064 ], [ -73.88467046600006, 40.679940285000107 ], [ -73.884892546999879, 40.680811116000029 ], [ -73.881167303000041, 40.68135366300006 ], [ -73.880639005999825, 40.679176985000055 ] ] ] } },
{ "type": "Feature", "properties": { "LocationID": 77, "zone": "East New York/Pennsylvania Avenue", "borough": "Brooklyn", "venues": 0, "cohort": "Low" }, "geometry": { "type": "Polygon", "coordinates": [ [ [ -73.900046261999933, 40.676893090000164 ], [ -73.899306753999866, 40.673982042000127 ], [ -73.893670363999874, 40.674821771000083 ], [ -73.892710906999923, 40.671045829000143 ], [ -73.890878051000016, 40.67131808700006 ], [ -73.889769885999854, 40.666989915000102 ], [ -73.890693853999849, 40.666852234000103 ], [ -73.889906696, 40.663778290000053 ], [ -73.888108173999939, 40.664047412000087 ], [ -73.883308833999749, 40.666112005000059 ], [ -73.881855572999854, 40.66414998800014 ], [ -73.896125873999836, 40.657814664000121 ], [ -73.89880698499995, 40.657406662000078 ], [ -73.89965233299985, 40.660735416000144 ], [ -73.900661186999855, 40.660586158000122 ], [ -73.901451147000017, 40.663658365000167 ], [ -73.90041654099997, 40.663806527000148 ], [ -73.90347422300006, 40.675506683000066 ], [ -73.900046261999933, 40.676893090000164 ] ] ] } },
{ "type": "Feature", "properties": { "LocationID": 78, "zone": "East Tremont", "borough": "Bronx", "venues": 0, "cohort": "Low" }, "geometry": { "type": "Polygon", "coordinates": [ [ [ -73.88963328299991, 40.853173818000123 ], [ -73.889878713999849, 40.852070221000119 ], [ -73.882761047999921, 40.848057846000096 ], [ -73.877329240999885, 40.843983125000143 ], [ -73.878171756, 40.842624437000062 ], [ -73.874591753999823, 40.841520648000106 ], [ -73.873992954999821, 40.842561506000131 ], [ -73.871092078999951, 40.844324781000104 ], [ -73.868892432999942, 40.848112322000098 ], [ -73.869209445999971, 40.849238372000109 ], [ -73.867859929999838, 40.848864931000065 ], [ -73.868354658999834, 40.847080233000121 ], [ -73.868926526999942, 40.846881741000153 ], [ -73.868637216999872, 40.845309843000116 ], [ -73.868042003999975, 40.844813839000061 ], [ -73.870995181000012, 40.843111392000132 ], [ -73.873597135999873, 40.839798555000129 ], [ -73.880061996, 40.84016223500003 ], [ -73.882003841000028, 40.837443782000101 ], [ -73.882747698999921, 40.838592341000094 ], [ -73.886184320999931, 40.840105045000087 ], [ -73.886598022999891, 40.839279050000101 ], [ -73.888137521999923, 40.839862002000089 ], [ -73.88869040799986, 40.839158026000071 ], [ -73.889417248999877, 40.839422734000046 ], [ -73.895378360999956, 40.84293877900015 ], [ -73.892901022999951, 40.846268330000107 ], [ -73.896177129999984, 40.846658321000092 ], [ -73.894072589999965, 40.850713189000111 ], [ -73.894787649999927, 40.851081667000074 ], [ -73.893071409000015, 40.85324998700009 ], [ -73.892166873999813, 40.852769462000097 ], [ -73.890389539999831, 40.854689058000162 ], [ -73.88963328299991, 40.853173818000123 ] ] ] } },
{ "type": "Feature", "properties": { "LocationID": 79, "zone": "East Village", "borough": "Manhattan", "venues": 2, "cohort": "Low" }, "geometry": { "type": "Polygon", "coordinates": [ [ [ -73.98377990999991, 40.72153595400011 ], [ -73.992603221999943, 40.724136450000088 ], [ -73.990505585999884, 40.730564957000148 ], [ -73.98990295999991, 40.734434790000101 ], [ -73.978026979999854, 40.729433060000197 ], [ -73.98377990999991, 40.72153595400011 ] ] ] } },
{ "type": "Feature", "properties": { "LocationID": 80, "zone": "East Williamsburg", "borough": "Brooklyn", "venues": 1, "cohort": "Low" }, "geometry": { "type": "Polygon", "coordinates": [ [ [ -73.932268521750458, 40.728174658015853 ], [ -73.929580206908852, 40.72761282070887 ], [ -73.928494185401576, 40.72661460330805 ], [ -73.925614705166112, 40.72006166221265 ], [ -73.924817989436875, 40.72026513747555 ], [ -73.924538549858028, 40.719342580204767 ], [ -73.924931813789755, 40.71840582874961 ], [ -73.928879651799946, 40.717720318623769 ], [ -73.929705399153278, 40.717049279389386 ], [ -73.929473569214551, 40.715721452621331 ], [ -73.932206073073061, 40.714963980929568 ], [ -73.931240670594974, 40.713724810884884 ], [ -73.932639052424705, 40.713052586169546 ], [ -73.93203262980515, 40.711590223074474 ], [ -73.933283493202367, 40.710978707458096 ], [ -73.931901019208496, 40.711338471428469 ], [ -73.930360945657895, 40.708717738535405 ], [ -73.931546137468516, 40.711855351751204 ], [ -73.930778947370371, 40.712160427955631 ], [ -73.931610327348466, 40.712038023183233 ], [ -73.931848688774323, 40.712564774183463 ], [ -73.930422943130651, 40.713172558671261 ], [ -73.931052319017226, 40.714610223923536 ], [ -73.928438818145793, 40.715530949575943 ], [ -73.928906012650017, 40.716618957312271 ], [ -73.928271451070273, 40.717089728832327 ], [ -73.924603394760723, 40.717953306073568 ], [ -73.923055000143336, 40.716342664793551 ], [ -73.924885535076115, 40.715267187652806 ], [ -73.92433589757124, 40.714122593466669 ], [ -73.922232946999912, 40.712854425000096 ], [ -73.921546016999983, 40.711043284000041 ], [ -73.920745196999846, 40.7105296860001 ], [ -73.92189184699987, 40.709396096000035 ], [ -73.932297086000048, 40.70774944700009 ], [ -73.934802819000026, 40.713372496000098 ], [ -73.940688030999922, 40.711962048000053 ], [ -73.940422519999942, 40.711217648000137 ], [ -73.943787995999941, 40.710900379000144 ], [ -73.942734483999971, 40.704473306000096 ], [ -73.941030097999928, 40.704636177000147 ], [ -73.940892871999793, 40.703914157000099 ], [ -73.940420578999934, 40.701076598000057 ], [ -73.941930788999827, 40.700725234000082 ], [ -73.950236937999961, 40.705473246000082 ], [ -73.950874926999958, 40.709513115000128 ], [ -73.94865533499987, 40.709724983000072 ], [ -73.949372318999849, 40.714066878000068 ], [ -73.953484721999828, 40.714070208000059 ], [ -73.950046191999846, 40.716805228000126 ], [ -73.937653145999889, 40.724265555000073 ], [ -73.932268521750458, 40.728174658015853 ] ] ] } },
{ "type": "Feature", "properties": { "LocationID": 81, "zone": "Eastchester", "borough": "Bronx", "venues": 1, "cohort": "Low" }, "geometry": { "type": "Polygon", "coordinates": [ [ [ -73.837379561611073, 40.893924741304545 ], [ -73.822677087900544, 40.889619469035829 ], [ -73.822486204065768, 40.890098054202298 ], [ -73.823264898565, 40.88998702103018 ], [ -73.823366012875297, 40.891075135853335 ], [ -73.822853350532199, 40.891206829047775 ], [ -73.793006526245023, 40.883358737442876 ], [ -73.793228708911428, 40.882822594952408 ], [ -73.805505767000014, 40.88609294900008 ], [ -73.807641394999962, 40.885953252000107 ], [ -73.812096591999875, 40.886715010000117 ], [ -73.815478730999899, 40.886687446000124 ], [ -73.820274329999847, 40.88555070000011 ], [ -73.820774086999961, 40.886710603000068 ], [ -73.823871405999981, 40.887783628000165 ], [ -73.830653589999841, 40.884852939000098 ], [ -73.833422226000039, 40.884275396000092 ], [ -73.83664134299984, 40.88212002500012 ], [ -73.843241137999868, 40.879108913000117 ], [ -73.838148421999904, 40.876953299000107 ], [ -73.839247889999882, 40.87661873800009 ], [ -73.83746027699992, 40.873222650000095 ], [ -73.838292214999839, 40.872951339000124 ], [ -73.835657664999886, 40.867512756000124 ], [ -73.833159603999846, 40.868319756000119 ], [ -73.828343473999922, 40.860892026000109 ], [ -73.847926140999846, 40.871342234000103 ], [ -73.85363638799987, 40.87330059900016 ], [ -73.850689556999882, 40.875486678000101 ], [ -73.851722360999858, 40.876843371000142 ], [ -73.852548540999877, 40.877091587000116 ], [ -73.85091896099982, 40.877893441000047 ], [ -73.852483058000033, 40.879463705000092 ], [ -73.847049579999947, 40.887671816000093 ], [ -73.835548539999948, 40.8891335040001 ], [ -73.837379561611073, 40.893924741304545 ] ] ] } },
{ "type": "Feature", "properties": { "LocationID": 82, "zone": "Elmhurst", "borough": "Queens", "venues": 0, "cohort": "Low" }, "geometry": { "type": "Polygon", "coordinates": [ [ [ -73.867685048999945, 40.7440717180001 ], [ -73.867562533999831, 40.74094188900014 ], [ -73.864470861999905, 40.73400727400017 ], [ -73.879693540999924, 40.729010159000076 ], [ -73.887205249999951, 40.727792997000066 ], [ -73.887559621999898, 40.730197056000094 ], [ -73.888059752, 40.730087230000102 ], [ -73.888522859999895, 40.734531160000117 ], [ -73.883810869999749, 40.733559536000065 ], [ -73.883529104, 40.73384827900005 ], [ -73.877521957999917, 40.731593169000107 ], [ -73.877251224999881, 40.731794153000088 ], [ -73.878224559999978, 40.73210226900008 ], [ -73.877082762999976, 40.7329093170001 ], [ -73.880661889999871, 40.735707874000141 ], [ -73.880330593999943, 40.737333677000088 ], [ -73.882302527, 40.737707701000119 ], [ -73.877430584000024, 40.738600516000126 ], [ -73.881003879999867, 40.741840662000158 ], [ -73.882942868, 40.741609544000013 ], [ -73.882829121999876, 40.740992283000089 ], [ -73.885512250999838, 40.740165019000081 ], [ -73.885725881999875, 40.741288706000049 ], [ -73.887511321, 40.741082527000124 ], [ -73.887986507999855, 40.743548192000127 ], [ -73.890716474999934, 40.743127784000109 ], [ -73.8917504879999, 40.746811727000093 ], [ -73.869424585999852, 40.749156852000134 ], [ -73.867685048999945, 40.7440717180001 ] ] ] } },
{ "type": "Feature", "properties": { "LocationID": 83, "zone": "Elmhurst/Maspeth", "borough": "Queens", "venues": 0, "cohort": "Low" }, "geometry": { "type": "Polygon", "coordinates": [ [ [ -73.891391454999848, 40.746641004000026 ], [ -73.890716474999934, 40.743127784000109 ], [ -73.887986507999855, 40.743548192000127 ], [ -73.887511321, 40.741082527000124 ], [ -73.885725882000031, 40.741288705000109 ], [ -73.885512250999838, 40.740165019000081 ], [ -73.882829121999876, 40.740992283000089 ], [ -73.882942868, 40.741609544000013 ], [ -73.881003879999867, 40.741840662000158 ], [ -73.877918317999885, 40.739394957000087 ], [ -73.877430583999924, 40.738600515000108 ], [ -73.882302527, 40.737707701000119 ], [ -73.880330593999943, 40.737333677000088 ], [ -73.880661889999871, 40.735707874000141 ], [ -73.877082762999976, 40.7329093170001 ], [ -73.878224559999978, 40.73210226900008 ], [ -73.877251224999881, 40.731794153000088 ], [ -73.877521957999917, 40.731593169000107 ], [ -73.883529104, 40.73384827900005 ], [ -73.883810869999749, 40.733559536000065 ], [ -73.888522859999895, 40.734531160000117 ], [ -73.892555546999844, 40.734478126000134 ], [ -73.898307996999947, 40.735194184000171 ], [ -73.900153433999833, 40.734796405000118 ], [ -73.90107970900003, 40.733914634000058 ], [ -73.905169488999832, 40.735859643000055 ], [ -73.906289034999872, 40.732400752000068 ], [ -73.910688763999971, 40.733471082000115 ], [ -73.909260029999885, 40.73640318000006 ], [ -73.906729504999944, 40.736913485000095 ], [ -73.900578253999853, 40.739492896000073 ], [ -73.895248195999883, 40.743819730000148 ], [ -73.894686580999903, 40.74562432000009 ], [ -73.896242455999882, 40.748719545000057 ], [ -73.891391454999848, 40.746641004000026 ] ] ] } },
{ "type": "Feature", "properties": { "LocationID": 84, "zone": "Eltingville/Annadale/Prince's Bay", "borough": "Staten Island", "venues": 2, "cohort": "Low" }, "geometry": { "type": "Polygon", "coordinates": [ [ [ -74.161349616999942, 40.529373424000113 ], [ -74.159882770755118, 40.527369358274633 ], [ -74.162271961088948, 40.527194262811115 ], [ -74.164602248091995, 40.526152798387962 ], [ -74.169997111614606, 40.523045772452512 ], [ -74.171102636961749, 40.52354970667389 ], [ -74.172063201754696, 40.523320569364934 ], [ -74.176012454790666, 40.520875962829294 ], [ -74.177563060429421, 40.519217618160084 ], [ -74.178318766904326, 40.519945785635173 ], [ -74.181040812088867, 40.520705036287353 ], [ -74.1848311647976, 40.519341358601011 ], [ -74.188493537209013, 40.516340024595962 ], [ -74.189268755573153, 40.515344976872569 ], [ -74.188842978156458, 40.515087166317308 ], [ -74.189712184983932, 40.515320378534504 ], [ -74.195213399990678, 40.509977652955826 ], [ -74.196499369895591, 40.509923531398044 ], [ -74.199672053577089, 40.511426850497685 ], [ -74.200037123131494, 40.512677599829935 ], [ -74.198925727938587, 40.512777305998533 ], [ -74.199361274078342, 40.513010194432368 ], [ -74.207597017286147, 40.511835156152038 ], [ -74.209687893974461, 40.510797369342555 ], [ -74.2091899682503, 40.510499056955382 ], [ -74.209322004641905, 40.510398628895608 ], [ -74.209876550100603, 40.510646600371011 ], [ -74.21353130803675, 40.506397477228056 ], [ -74.214342501297281, 40.506518911287408 ], [ -74.215108158598568, 40.506059755667302 ], [ -74.217547550956809, 40.503360049490801 ], [ -74.221882422999926, 40.502674841000072 ], [ -74.222902513999927, 40.508936540000086 ], [ -74.226634071999911, 40.51725101000018 ], [ -74.22690993399992, 40.51917139800004 ], [ -74.223795958999915, 40.518196346000074 ], [ -74.217605700999968, 40.520871688000078 ], [ -74.213545934999942, 40.521235715000138 ], [ -74.214098067999927, 40.524097195000124 ], [ -74.211425183999893, 40.524414102000108 ], [ -74.209196602, 40.525376580000085 ], [ -74.207553063999939, 40.525247349000061 ], [ -74.201526615999953, 40.526265206000126 ], [ -74.199097837999943, 40.528299645000139 ], [ -74.191743687999988, 40.531916697000064 ], [ -74.193771692999988, 40.53583384700012 ], [ -74.191353237999962, 40.536664859000041 ], [ -74.189031451999952, 40.538159342000071 ], [ -74.181285329999923, 40.5469575730001 ], [ -74.175124029999964, 40.557620038000124 ], [ -74.171851664999963, 40.561520923000117 ], [ -74.169825824000014, 40.561090421000131 ], [ -74.167072790999981, 40.548163067000139 ], [ -74.166233272999932, 40.54734247900015 ], [ -74.165400807999916, 40.544432723000092 ], [ -74.157866254999945, 40.536558095000068 ], [ -74.153974197999943, 40.534268148000123 ], [ -74.156908137999949, 40.531262028000114 ], [ -74.161349616999942, 40.529373424000113 ] ] ] } },
{ "type": "Feature", "properties": { "LocationID": 85, "zone": "Erasmus", "borough": "Brooklyn", "venues": 1, "cohort": "Low" }, "geometry": { "type": "Polygon", "coordinates": [ [ [ -73.947158962999836, 40.655593787000129 ], [ -73.947032575999984, 40.654338714000069 ], [ -73.946066905999828, 40.65441026200012 ], [ -73.945706061999843, 40.651006784000089 ], [ -73.946674144999832, 40.650948119000134 ], [ -73.945868791999885, 40.643423744000089 ], [ -73.947789946999762, 40.643305736000094 ], [ -73.94744296799982, 40.640047665000097 ], [ -73.948413434000031, 40.63998746400015 ], [ -73.948264996000049, 40.63860719000013 ], [ -73.953600046999895, 40.638422347000137 ], [ -73.957636445999881, 40.642689499000085 ], [ -73.958707898999904, 40.650387273000099 ], [ -73.949571131000056, 40.650807900000132 ], [ -73.950066648999879, 40.655422997000095 ], [ -73.947158962999836, 40.655593787000129 ] ] ] } },
{ "type": "Feature", "properties": { "LocationID": 86, "zone": "Far Rockaway", "borough": "Queens", "venues": 0, "cohort": "Low" }, "geometry": { "type": "Polygon", "coordinates": [ [ [ -73.766690716889727, 40.614226621571326 ], [ -73.765164008291976, 40.613754202686764 ], [ -73.765059616791731, 40.612035230610651 ], [ -73.762299440904172, 40.611359206046068 ], [ -73.761724137888748, 40.611847242757904 ], [ -73.760236357569653, 40.610820864950483 ], [ -73.76178242960593, 40.609151670054658 ], [ -73.761550519058886, 40.609031365800995 ], [ -73.759984469748218, 40.610879377846878 ], [ -73.759491198333706, 40.610815795911094 ], [ -73.759720990385787, 40.610151598083043 ], [ -73.755608370155898, 40.610077919637703 ], [ -73.755874129121423, 40.610385185055016 ], [ -73.754995010859957, 40.610132208028503 ], [ -73.747993073086121, 40.612310157984105 ], [ -73.747215678925741, 40.612178838825521 ], [ -73.746855390121652, 40.611574100529907 ], [ -73.745761501893298, 40.611991654374535 ], [ -73.743072479196783, 40.607886097193564 ], [ -73.743146552072645, 40.607259866048075 ], [ -73.739225125815281, 40.604142366913621 ], [ -73.738151431122873, 40.602710440083584 ], [ -73.738089253041764, 40.59768829704575 ], [ -73.738719680768938, 40.596948817326641 ], [ -73.738574616177189, 40.597244631577887 ], [ -73.738626412546125, 40.597265914625034 ], [ -73.739927472153866, 40.597054949536847 ], [ -73.740097142626666, 40.596208647291967 ], [ -73.740643843108103, 40.597001198658461 ], [ -73.741830835312186, 40.59669555145701 ], [ -73.740520598242654, 40.596571855975093 ], [ -73.740547013623825, 40.596119685718151 ], [ -73.739927929850055, 40.596061587313535 ], [ -73.739796340289388, 40.596882675628066 ], [ -73.738584314032622, 40.596860947776307 ], [ -73.738122208876192, 40.597386102069613 ], [ -73.737636793897835, 40.594415399838176 ], [ -73.742226030970684, 40.594905883324458 ], [ -73.746649203748433, 40.594280895008943 ], [ -73.750225381799609, 40.592708236787146 ], [ -73.75154772812445, 40.591422008685576 ], [ -73.753529881573243, 40.590946485000799 ], [ -73.755954636230499, 40.590874198050024 ], [ -73.761343116783252, 40.591726633850556 ], [ -73.763762234236992, 40.591439709017017 ], [ -73.764401830999859, 40.594571683000098 ], [ -73.762778455999879, 40.594756544000091 ], [ -73.763334496999903, 40.597822874000116 ], [ -73.761287533999948, 40.599549271000136 ], [ -73.761657972999842, 40.599973070000075 ], [ -73.763360964999961, 40.599105043000144 ], [ -73.764445824999967, 40.600435241000113 ], [ -73.76654204999997, 40.599434442000096 ], [ -73.765996893999855, 40.598721062000095 ], [ -73.76695532899997, 40.598067274000073 ], [ -73.767177200999967, 40.596623181000083 ], [ -73.767718117999948, 40.596261310000109 ], [ -73.767950436554344, 40.598158511418688 ], [ -73.770981683719938, 40.598894091049715 ], [ -73.7711110344584, 40.600546028547576 ], [ -73.77018588274089, 40.602748823325307 ], [ -73.770481131987566, 40.604841905320121 ], [ -73.768957140238555, 40.609279918056551 ], [ -73.769767455525113, 40.61006418867197 ], [ -73.771251018794771, 40.610389837101948 ], [ -73.772214380551318, 40.611497664584171 ], [ -73.773383685268996, 40.611152950391833 ], [ -73.772962686865327, 40.610152762945908 ], [ -73.773944303278682, 40.612123739019005 ], [ -73.77417180232338, 40.611828715276062 ], [ -73.773398034841776, 40.61368296748438 ], [ -73.766690716889727, 40.614226621571326 ] ] ] } },
{ "type": "Feature", "properties": { "LocationID": 87, "zone": "Financial District North", "borough": "Manhattan", "venues": 0, "cohort": "Low" }, "geometry": { "type": "Polygon", "coordinates": [ [ [ -74.005056728999918, 40.708788769000179 ], [ -74.001970148378092, 40.704731159202503 ], [ -74.003323072707758, 40.705628595220205 ], [ -74.003631871693159, 40.70542980675198 ], [ -74.002972464752858, 40.704766492442751 ], [ -74.003644461838576, 40.705421684639028 ], [ -74.004590038836611, 40.704787752945144 ], [ -74.003496320423153, 40.703796769267946 ], [ -74.004806289007391, 40.704642069051431 ], [ -74.004925804983657, 40.704211808384855 ], [ -74.005350272247497, 40.704310079961672 ], [ -74.004272587521001, 40.703015666411687 ], [ -74.005637759559647, 40.704105830539369 ], [ -74.006595919138746, 40.70368590245203 ], [ -74.005304125960791, 40.702559865633262 ], [ -74.005501660674568, 40.702430867797204 ], [ -74.006785021910474, 40.703568127905449 ], [ -74.007796750999901, 40.703063515000075 ], [ -74.009746392999958, 40.704775248000097 ], [ -74.009865808999905, 40.705796427000116 ], [ -74.012507739999975, 40.706767066000147 ], [ -74.009062647999883, 40.710886704000117 ], [ -74.005056728999918, 40.708788769000179 ] ] ] } },
{ "type": "Feature", "properties": { "LocationID": 88, "zone": "Financial District South", "borough": "Manhattan", "venues": 0, "cohort": "Low" }, "geometry": { "type": "Polygon", "coordinates": [ [ [ -74.009746392999958, 40.704775248000097 ], [ -74.007604981897657, 40.702993141329372 ], [ -74.009309076554828, 40.701954603022692 ], [ -74.008699643135671, 40.701139867542366 ], [ -74.007591362042248, 40.701328081048359 ], [ -74.008620361638819, 40.700552164216049 ], [ -74.00960052263278, 40.701865481918034 ], [ -74.011166641518756, 40.701477202208515 ], [ -74.010825117805851, 40.700209304867357 ], [ -74.011150335568288, 40.700898400101138 ], [ -74.011631479186377, 40.700458218248308 ], [ -74.012086682146872, 40.700681308739405 ], [ -74.011961961169121, 40.700037545595684 ], [ -74.012391600322786, 40.700620528094241 ], [ -74.012613820873668, 40.700108265811309 ], [ -74.013107478473657, 40.700507452180887 ], [ -74.013113038263086, 40.69977416588543 ], [ -74.013273494830798, 40.700496870228001 ], [ -74.013485608327287, 40.700478222908615 ], [ -74.013532850181022, 40.700108161423472 ], [ -74.01367479307396, 40.700125821225569 ], [ -74.013558269797386, 40.700939870915434 ], [ -74.014158934999983, 40.701096290000081 ], [ -74.01376867899998, 40.701143263000091 ], [ -74.014289228999985, 40.704549075000095 ], [ -74.013269794999971, 40.70455349600018 ], [ -74.013253963999929, 40.70587051400009 ], [ -74.012400011999915, 40.70678480800008 ], [ -74.009865808999905, 40.705796427000116 ], [ -74.009746392999958, 40.704775248000097 ] ] ] } },
{ "type": "Feature", "properties": { "LocationID": 89, "zone": "Flatbush/Ditmas Park", "borough": "Brooklyn", "venues": 1, "cohort": "Low" }, "geometry": { "type": "Polygon", "coordinates": [ [ [ -73.953748537999957, 40.638586338000124 ], [ -73.94537272499997, 40.638786955000057 ], [ -73.944628854999948, 40.631837735000119 ], [ -73.946479617999984, 40.63170816200013 ], [ -73.944155352999914, 40.629508285000078 ], [ -73.959955650999916, 40.627778672000112 ], [ -73.960407342999886, 40.630162531000089 ], [ -73.962325993999912, 40.629968717000096 ], [ -73.971366221999915, 40.628929162000162 ], [ -73.970921263000037, 40.626569985000131 ], [ -73.976234537000011, 40.625976350000094 ], [ -73.977165119999839, 40.630746654000077 ], [ -73.96986869299991, 40.634194675000103 ], [ -73.970290361999915, 40.636406341000097 ], [ -73.968038684999854, 40.636650985000131 ], [ -73.971396317000043, 40.648257786000066 ], [ -73.96465438699984, 40.650887728000122 ], [ -73.966213219999958, 40.653189405000099 ], [ -73.959861031999807, 40.655634789000089 ], [ -73.958255172000037, 40.64853244900015 ], [ -73.957636445999881, 40.642689499000085 ], [ -73.953748537999957, 40.638586338000124 ] ] ] } },
{ "type": "Feature", "properties": { "LocationID": 90, "zone": "Flatiron", "borough": "Manhattan", "venues": 1, "cohort": "Low" }, "geometry": { "type": "Polygon", "coordinates": [ [ [ -73.991418585999938, 40.744802682000071 ], [ -73.996839938999983, 40.737360889000144 ], [ -74.00252381499989, 40.739752644000141 ], [ -73.997099028999941, 40.747205102000123 ], [ -73.991418585999938, 40.744802682000071 ] ] ] } },
{ "type": "Feature", "properties": { "LocationID": 91, "zone": "Flatlands", "borough": "Brooklyn", "venues": 0, "cohort": "Low" }, "geometry": { "type": "Polygon", "coordinates": [ [ [ -73.919737369999865, 40.642778148000076 ], [ -73.916903026999918, 40.61627422900014 ], [ -73.920526940999906, 40.613942695000063 ], [ -73.920624002999958, 40.614838682000098 ], [ -73.926400445999946, 40.614478535000082 ], [ -73.926296045999976, 40.613116799000117 ], [ -73.931731791999823, 40.617926921000077 ], [ -73.933204575999952, 40.616970442000103 ], [ -73.936866995999921, 40.620253281000117 ], [ -73.940789140999854, 40.617696790000053 ], [ -73.943469619999902, 40.617385001000116 ], [ -73.945736919999817, 40.615363407000089 ], [ -73.946513731999971, 40.619494019000165 ], [ -73.944518334, 40.619713647000111 ], [ -73.945424428999843, 40.62449561000011 ], [ -73.946422661, 40.624385567000111 ], [ -73.947326721999957, 40.62916656700002 ], [ -73.944155352999914, 40.629508285000078 ], [ -73.946479617999984, 40.63170816200013 ], [ -73.937017462000028, 40.632310979000117 ], [ -73.9372670019998, 40.634650625000091 ], [ -73.927448222999857, 40.63525841000007 ], [ -73.92616377799996, 40.637572961000096 ], [ -73.925382330999852, 40.642384532000094 ], [ -73.92356525899983, 40.642499298000097 ], [ -73.923326545999856, 40.639900216000107 ], [ -73.919737369999865, 40.642778148000076 ] ] ] } },
{ "type": "Feature", "properties": { "LocationID": 92, "zone": "Flushing", "borough": "Queens", "venues": 7, "cohort": "Medium" }, "geometry": { "type": "Polygon", "coordinates": [ [ [ -73.825830899999971, 40.775915271000066 ], [ -73.826558419999856, 40.770137084000098 ], [ -73.824669089999873, 40.770407608000042 ], [ -73.823482451999851, 40.764651792000116 ], [ -73.820806848999865, 40.758941783000097 ], [ -73.817892456999914, 40.7570863380001 ], [ -73.820300677, 40.755514980000115 ], [ -73.818407828999895, 40.753830422000171 ], [ -73.820849288, 40.752241545000096 ], [ -73.815373173999902, 40.747218338000138 ], [ -73.815750694999835, 40.746979480000128 ], [ -73.821084275999979, 40.748558446000125 ], [ -73.824264939000017, 40.751832889000156 ], [ -73.825765572999828, 40.750969024000142 ], [ -73.825844409999988, 40.749348391000119 ], [ -73.827656418999837, 40.749860831000092 ], [ -73.83091972599982, 40.748961711000071 ], [ -73.831254798999893, 40.748106360000101 ], [ -73.833003020999868, 40.74783363100007 ], [ -73.832295356999879, 40.751941791000029 ], [ -73.835602308999952, 40.751394853000093 ], [ -73.837014066999984, 40.754027421000053 ], [ -73.83778038200002, 40.754130683000156 ], [ -73.838059741999956, 40.754666607000082 ], [ -73.838673218999872, 40.757019979000148 ], [ -73.836791072999858, 40.761166671000126 ], [ -73.836899701999954, 40.762698118000102 ], [ -73.837904295999934, 40.764587797000104 ], [ -73.839458134230597, 40.765445768229483 ], [ -73.836140524999934, 40.769527374000155 ], [ -73.830000110999833, 40.773732407000175 ], [ -73.825137402999928, 40.781699706000168 ], [ -73.822241276999989, 40.781693879000116 ], [ -73.824331018999871, 40.776743070000116 ], [ -73.825830899999971, 40.775915271000066 ] ] ] } },
{ "type": "Feature", "properties": { "LocationID": 93, "zone": "Flushing Meadows-Corona Park", "borough": "Queens", "venues": 0, "cohort": "Low" }, "geometry": { "type": "Polygon", "coordinates": [ [ [ -73.857638966020062, 40.76309944863489 ], [ -73.856674823623493, 40.763930188326349 ], [ -73.857582854706934, 40.763072900626803 ], [ -73.856586753887797, 40.762722840114428 ], [ -73.857604240371941, 40.763053281789162 ], [ -73.858176310705076, 40.762396294223997 ], [ -73.8566119581333, 40.7616495427595 ], [ -73.858194331325109, 40.762374107984698 ], [ -73.858585262844386, 40.761917008597152 ], [ -73.857476624355314, 40.761308916687526 ], [ -73.851585529011913, 40.759355420657144 ], [ -73.850175039933703, 40.759591601225829 ], [ -73.849301108143322, 40.760242875350144 ], [ -73.849874844961491, 40.761103812948683 ], [ -73.852072001778538, 40.760392884672306 ], [ -73.849811624751425, 40.761270974008418 ], [ -73.848686556589101, 40.760138495110837 ], [ -73.846709337149861, 40.761345269319953 ], [ -73.843243813999763, 40.755336804000152 ], [ -73.838673218999872, 40.757019979000148 ], [ -73.83778038200002, 40.754130683000156 ], [ -73.837014066999984, 40.754027421000053 ], [ -73.835602308999952, 40.751394853000093 ], [ -73.832295356999879, 40.751941791000029 ], [ -73.833003020999868, 40.74783363100007 ], [ -73.834690425999923, 40.746902698000142 ], [ -73.836099891999893, 40.742429069000096 ], [ -73.836990373999953, 40.742093301000118 ], [ -73.836694587999858, 40.739541254000173 ], [ -73.835645855999985, 40.738491011000058 ], [ -73.836127785999892, 40.734241312000144 ], [ -73.830732145999875, 40.726549328000118 ], [ -73.8273090039999, 40.724646077000095 ], [ -73.825567656999908, 40.719721015000118 ], [ -73.825316449999931, 40.71727570000013 ], [ -73.817295689999938, 40.717579645000157 ], [ -73.82018883899984, 40.71673522400004 ], [ -73.825247316999835, 40.716455445000072 ], [ -73.827155243, 40.71538800400009 ], [ -73.831031418000023, 40.71433672600012 ], [ -73.831458669999961, 40.71455444900014 ], [ -73.829796165999795, 40.71556571900004 ], [ -73.834883593999976, 40.719303272000133 ], [ -73.839854342999843, 40.728177569000067 ], [ -73.844212503999827, 40.732733041000145 ], [ -73.846893661999928, 40.738671217000118 ], [ -73.848236279999824, 40.739290401000162 ], [ -73.847801646999983, 40.740049677000073 ], [ -73.850115565999886, 40.740723563000159 ], [ -73.854369280999933, 40.748738930000052 ], [ -73.85086439699991, 40.749995642000044 ], [ -73.853798137999917, 40.757177612000106 ], [ -73.855251400999819, 40.759147530000085 ], [ -73.859123758999871, 40.761275499000135 ], [ -73.861097243999907, 40.763664478000095 ], [ -73.860433378098008, 40.763868882437954 ], [ -73.858922981825174, 40.7621223465217 ], [ -73.858645104879315, 40.762514395909214 ], [ -73.858619152818576, 40.761935596999074 ], [ -73.857654736162189, 40.763079823351369 ], [ -73.858500812552379, 40.763376433585236 ], [ -73.857638966020062, 40.76309944863489 ] ] ] } },
{ "type": "Feature", "properties": { "LocationID": 94, "zone": "Fordham South", "borough": "Bronx", "venues": 0, "cohort": "Low" }, "geometry": { "type": "Polygon", "coordinates": [ [ [ -73.899642617000012, 40.862210437000073 ], [ -73.897143798, 40.862445065000095 ], [ -73.898838145999832, 40.859307308000098 ], [ -73.895739246999781, 40.858138207000039 ], [ -73.894693263999898, 40.859426282000086 ], [ -73.893810260999871, 40.858986565000144 ], [ -73.891380233999826, 40.861700588000112 ], [ -73.89106280699994, 40.861529412000095 ], [ -73.895608832999798, 40.854570370000062 ], [ -73.897099267999963, 40.855172291000073 ], [ -73.898635436999854, 40.853906975000143 ], [ -73.898165774999825, 40.855146376000071 ], [ -73.900779226999859, 40.856047110000112 ], [ -73.901859960999928, 40.854586149000134 ], [ -73.905570072999879, 40.855787322000083 ], [ -73.904683713999873, 40.857060302000093 ], [ -73.905659534999884, 40.857398734000157 ], [ -73.903513905999858, 40.860917510000071 ], [ -73.902544793999979, 40.860578255000071 ], [ -73.901079669999945, 40.862756383000118 ], [ -73.899642617000012, 40.862210437000073 ] ] ] } },
{ "type": "Feature", "properties": { "LocationID": 95, "zone": "Forest Hills", "borough": "Queens", "venues": 12, "cohort": "Medium" }, "geometry": { "type": "Polygon", "coordinates": [ [ [ -73.847324941999887, 40.738771458000102 ], [ -73.846055417999892, 40.737099188000073 ], [ -73.844060203, 40.732492740000069 ], [ -73.839854342999843, 40.728177569000067 ], [ -73.834883593999976, 40.719303272000133 ], [ -73.829796165999795, 40.71556571900004 ], [ -73.831458669999961, 40.71455444900014 ], [ -73.831031417999824, 40.714336725000052 ], [ -73.837708941999907, 40.711036484000076 ], [ -73.844910112000036, 40.708560331000122 ], [ -73.849331561999989, 40.708388334000141 ], [ -73.855939916999844, 40.706398034000095 ], [ -73.856677143999846, 40.707691874000069 ], [ -73.858680975999903, 40.722612440000084 ], [ -73.85990796499992, 40.724346234000052 ], [ -73.86203833799982, 40.725956785000143 ], [ -73.858054168999928, 40.724445406000072 ], [ -73.857271081, 40.725681298000083 ], [ -73.859419879999905, 40.726464838000098 ], [ -73.858087656999899, 40.728568722000084 ], [ -73.857412406999913, 40.72832248000006 ], [ -73.858510978999988, 40.730286802000101 ], [ -73.856256650999924, 40.730959123000112 ], [ -73.858724657999886, 40.735708644000077 ], [ -73.847324941999887, 40.738771458000102 ] ] ] } },
{ "type": "Feature", "properties": { "LocationID": 96, "zone": "Forest Park/Highland Park", "borough": "Queens", "venues": 0, "cohort": "Low" }, "geometry": { "type": "Polygon", "coordinates": [ [ [ -73.843146252999816, 40.709223456000153 ], [ -73.837147029999969, 40.707957046000082 ], [ -73.838104017999882, 40.706313024000103 ], [ -73.836962377999825, 40.704212452000142 ], [ -73.845024729, 40.6993593770001 ], [ -73.849138372999761, 40.698282741000149 ], [ -73.850708423000015, 40.700203125000073 ], [ -73.854434556999891, 40.700602952000146 ], [ -73.852711308999901, 40.698414962000165 ], [ -73.852772386999987, 40.697557112000069 ], [ -73.868424898000015, 40.694718120000111 ], [ -73.868917043999943, 40.695150423000058 ], [ -73.874020533, 40.694191295000152 ], [ -73.879506411999955, 40.691146769000071 ], [ -73.883776986000015, 40.687863411000123 ], [ -73.88452250999984, 40.686684749000072 ], [ -73.889627875999977, 40.684236454000107 ], [ -73.890154186999823, 40.685003990000077 ], [ -73.892523168999872, 40.683424533000085 ], [ -73.894174632999921, 40.685283248000111 ], [ -73.896466250999936, 40.682336422000077 ], [ -73.901161550999859, 40.687877935000145 ], [ -73.900424650999881, 40.688183898000048 ], [ -73.90180467199994, 40.690766298000106 ], [ -73.900386678999794, 40.693139960000117 ], [ -73.897362657999778, 40.69411084700009 ], [ -73.896910212999856, 40.69384227000014 ], [ -73.897686318000012, 40.693365258000121 ], [ -73.896956534999873, 40.691949207000128 ], [ -73.894742709999946, 40.692636952000122 ], [ -73.893262098999841, 40.692200947000124 ], [ -73.893579350000053, 40.69308532900007 ], [ -73.895586254999827, 40.693979162000083 ], [ -73.895076943999896, 40.694591390000063 ], [ -73.892452075999927, 40.695225728000061 ], [ -73.891956586999967, 40.694410570000123 ], [ -73.889193652999978, 40.694935770000107 ], [ -73.888286423999972, 40.695236917000109 ], [ -73.888654168999963, 40.695829549000138 ], [ -73.886420481999949, 40.696458149000144 ], [ -73.887793962999922, 40.697665427000103 ], [ -73.888180258000034, 40.69885791100009 ], [ -73.887712979999847, 40.699678076000126 ], [ -73.882809484999868, 40.700683455000082 ], [ -73.881826905999858, 40.699529299000076 ], [ -73.876217141999973, 40.701595005000129 ], [ -73.876397851999954, 40.702294042000084 ], [ -73.862853741999942, 40.703414492000107 ], [ -73.858198906999959, 40.702911074000056 ], [ -73.858932243999789, 40.701320345000092 ], [ -73.857253515000025, 40.70121217700008 ], [ -73.857166882999834, 40.701674105000102 ], [ -73.855295715000011, 40.701991010000114 ], [ -73.855292758999781, 40.702595502000136 ], [ -73.852520190999982, 40.702291724000169 ], [ -73.854739573, 40.705184850000151 ], [ -73.854732404999851, 40.706764143000079 ], [ -73.849331561999989, 40.708388334000141 ], [ -73.845671981999871, 40.708410366000081 ], [ -73.843146252999816, 40.709223456000153 ] ] ] } },
{ "type": "Feature", "properties": { "LocationID": 97, "zone": "Fort Greene", "borough": "Brooklyn", "venues": 3, "cohort": "Low" }, "geometry": { "type": "Polygon", "coordinates": [ [ [ -73.969727898999906, 40.697804014000042 ], [ -73.968809896000053, 40.693120382000167 ], [ -73.969831184999833, 40.693134244000163 ], [ -73.969103624999931, 40.689467522000044 ], [ -73.970131541999919, 40.689506308000055 ], [ -73.968689614000013, 40.682005258000068 ], [ -73.977457220999867, 40.684052287000092 ], [ -73.980928228999915, 40.688902477000077 ], [ -73.983720110999926, 40.690006719000117 ], [ -73.98147568199991, 40.689930944000061 ], [ -73.982131801999955, 40.691227237000099 ], [ -73.981758889999895, 40.692955173000087 ], [ -73.982539836999919, 40.693002616000143 ], [ -73.982511229999886, 40.693614334000138 ], [ -73.979167184, 40.693488323000118 ], [ -73.980135180999923, 40.694698017000164 ], [ -73.980544191999883, 40.698246512000082 ], [ -73.969727898999906, 40.697804014000042 ] ] ] } },
{ "type": "Feature", "properties": { "LocationID": 98, "zone": "Fresh Meadows", "borough": "Queens", "venues": 0, "cohort": "Low" }, "geometry": { "type": "Polygon", "coordinates": [ [ [ -73.765568496999848, 40.743258155000056 ], [ -73.762486092999893, 40.736730981000065 ], [ -73.762733034999854, 40.735262163000158 ], [ -73.765109206999938, 40.734556585000121 ], [ -73.763699791999883, 40.732864117000119 ], [ -73.765643745000048, 40.732533127000174 ], [ -73.76234209799992, 40.729538291000054 ], [ -73.756697712999866, 40.72622871100009 ], [ -73.759948541000028, 40.725805278000088 ], [ -73.765682531999872, 40.726377524000064 ], [ -73.769240748999934, 40.725902701000081 ], [ -73.774371087, 40.724261132000073 ], [ -73.777278080000031, 40.722346336000072 ], [ -73.778037659999796, 40.723284269000054 ], [ -73.775233871999802, 40.725237533000076 ], [ -73.777575068999866, 40.730193273000069 ], [ -73.791744726999923, 40.72578885000015 ], [ -73.793789386999975, 40.730701181000072 ], [ -73.794586331999909, 40.735052252000081 ], [ -73.795848032999871, 40.738074680000089 ], [ -73.796510290999876, 40.737908637000096 ], [ -73.796402187000041, 40.73828235800007 ], [ -73.780366034999957, 40.742591663000077 ], [ -73.772414609999899, 40.743884845000117 ], [ -73.767729913999943, 40.74577622600011 ], [ -73.76687853500006, 40.744093579000065 ], [ -73.765568496999848, 40.743258155000056 ] ] ] } },
{ "type": "Feature", "properties": { "LocationID": 99, "zone": "Freshkills Park", "borough": "Staten Island", "venues": 0, "cohort": "Low" }, "geometry": { "type": "Polygon", "coordinates": [ [ [ -74.168429161999939, 40.586497923000074 ], [ -74.169954655999945, 40.573458038000119 ], [ -74.169825824000014, 40.561090421000131 ], [ -74.182958159999956, 40.565480200000117 ], [ -74.189477545, 40.563580990000091 ], [ -74.191010216999956, 40.562569402000129 ], [ -74.193410946, 40.562485039000151 ], [ -74.200915012999914, 40.556005260000077 ], [ -74.203148259999963, 40.556061785000047 ], [ -74.205200411999911, 40.557332221000081 ], [ -74.206998852999973, 40.557567489000085 ], [ -74.205696051999894, 40.558516006000062 ], [ -74.213240314543228, 40.556672623869261 ], [ -74.21117440194196, 40.56045988235649 ], [ -74.211379978587743, 40.56349220527504 ], [ -74.210726676909985, 40.565273911362318 ], [ -74.208926363286579, 40.569624298450222 ], [ -74.208017053814075, 40.570517957400966 ], [ -74.205961542973441, 40.580046993882981 ], [ -74.203506638999883, 40.580436160000083 ], [ -74.200488487999962, 40.579949778000092 ], [ -74.199649812999979, 40.582262626000109 ], [ -74.194232612999912, 40.585146806000083 ], [ -74.192321131999904, 40.584913242000127 ], [ -74.191317834999978, 40.585704489000094 ], [ -74.190789021999947, 40.585188367000114 ], [ -74.187600541999913, 40.586902767000105 ], [ -74.185371048, 40.587451015000077 ], [ -74.187302486999869, 40.588488222000095 ], [ -74.179322774999946, 40.596760579000033 ], [ -74.17822457199992, 40.599828061000096 ], [ -74.174889593999964, 40.602216573000113 ], [ -74.172602297999916, 40.602971491000133 ], [ -74.167196348999951, 40.602075312000117 ], [ -74.168863622999922, 40.594728087000149 ], [ -74.166390049, 40.593737926000117 ], [ -74.163507854999935, 40.593272180000127 ], [ -74.163698882999938, 40.592258339000118 ], [ -74.167691524999896, 40.588831493000029 ], [ -74.168429161999939, 40.586497923000074 ] ] ] } },
{ "type": "Feature", "properties": { "LocationID": 100, "zone": "Garment District", "borough": "Manhattan", "venues": 0, "cohort": "Low" }, "geometry": { "type": "Polygon", "coordinates": [ [ [ -73.984117547999986, 40.754842053000132 ], [ -73.987769058999945, 40.749787029000117 ], [ -73.993464176999851, 40.752190055000071 ], [ -73.989790853999949, 40.757233132000096 ], [ -73.984117547999986, 40.754842053000132 ] ] ] } },
{ "type": "Feature", "properties": { "LocationID": 101, "zone": "Glen Oaks", "borough": "Queens", "venues": 1, "cohort": "Low" }, "geometry": { "type": "Polygon", "coordinates": [ [ [ -73.701633458460677, 40.752493329846615 ], [ -73.700020205016244, 40.739236541866134 ], [ -73.707662173029888, 40.727830934754877 ], [ -73.710499953810285, 40.727227087206828 ], [ -73.711478048999851, 40.732501401000079 ], [ -73.715449467999889, 40.739216804000137 ], [ -73.720101482999937, 40.749775686000113 ], [ -73.722585718999781, 40.748850451000123 ], [ -73.723395962999874, 40.75038907600004 ], [ -73.726272132999924, 40.749306491000056 ], [ -73.727664654, 40.749654642000138 ], [ -73.728290941999887, 40.747458957000113 ], [ -73.728962516, 40.747632888000062 ], [ -73.728377983999977, 40.749381167000088 ], [ -73.727093895999971, 40.751341604000082 ], [ -73.722993012999837, 40.754217671000134 ], [ -73.719982970999979, 40.758160821000061 ], [ -73.717672370999964, 40.759311212000085 ], [ -73.714262877999928, 40.759826747000098 ], [ -73.712449407153386, 40.759241704109535 ], [ -73.702178416898136, 40.752885939500175 ], [ -73.701633458460677, 40.752493329846615 ] ] ] } },
{ "type": "Feature", "properties": { "LocationID": 102, "zone": "Glendale", "borough": "Queens", "venues": 0, "cohort": "Low" }, "geometry": { "type": "Polygon", "coordinates": [ [ [ -73.855955361999875, 40.706429779000125 ], [ -73.854732404999851, 40.706764143000079 ], [ -73.854739573, 40.705184850000151 ], [ -73.852520190999982, 40.702291724000169 ], [ -73.855292758999781, 40.702595502000136 ], [ -73.855295715000011, 40.701991010000114 ], [ -73.858274057999864, 40.701223659000128 ], [ -73.858932243999789, 40.701320345000092 ], [ -73.858198906999959, 40.702911074000056 ], [ -73.862853741999942, 40.703414492000107 ], [ -73.876397851999954, 40.702294042000084 ], [ -73.876217141999973, 40.701595005000129 ], [ -73.881826905999858, 40.699529299000076 ], [ -73.882809484999882, 40.70068345600005 ], [ -73.887712979999847, 40.699678076000126 ], [ -73.888180258000034, 40.69885791100009 ], [ -73.887793962999922, 40.697665427000103 ], [ -73.886420481999949, 40.696458149000144 ], [ -73.888654168999963, 40.695829549000138 ], [ -73.888286423999972, 40.695236917000109 ], [ -73.889193652999978, 40.694935770000107 ], [ -73.891956586999967, 40.694410570000123 ], [ -73.892452075999927, 40.695225728000061 ], [ -73.895076943999896, 40.694591390000063 ], [ -73.895586254999827, 40.693979162000083 ], [ -73.893579350000053, 40.69308532900007 ], [ -73.893262098999841, 40.692200947000124 ], [ -73.894742709999932, 40.692636953000068 ], [ -73.896956534999873, 40.691949207000128 ], [ -73.897686318000012, 40.693365258000121 ], [ -73.896910212999813, 40.693842271000094 ], [ -73.897362657999778, 40.69411084700009 ], [ -73.900030392, 40.693437451000108 ], [ -73.898381851999957, 40.696135998000116 ], [ -73.895584575999862, 40.697127642000076 ], [ -73.89578005099996, 40.698510962000078 ], [ -73.894849949999895, 40.698589623000096 ], [ -73.895003226999989, 40.699712377000047 ], [ -73.889119177999888, 40.705598877000106 ], [ -73.885532141999988, 40.706445683000048 ], [ -73.869110071999884, 40.707089337000092 ], [ -73.870164624999845, 40.709207743000064 ], [ -73.865009819999983, 40.710776909000074 ], [ -73.859654167999949, 40.713379961000079 ], [ -73.859759329000013, 40.711845059000048 ], [ -73.857292872999849, 40.711467677000073 ], [ -73.856677143999846, 40.707691874000069 ], [ -73.855955361999875, 40.706429779000125 ] ] ] } },
{ "type": "Feature", "properties": { "LocationID": 103, "zone": "Governor's Island/Ellis Island/Liberty Island", "borough": "Manhattan", "venues": 0, "cohort": "Low" }, "geometry": { "type": "MultiPolygon", "coordinates": [ [ [ [ -74.019714549420769, 40.693133006827367 ], [ -74.015123956349129, 40.693258069299901 ], [ -74.01343629886243, 40.692121076587924 ], [ -74.01210359185653, 40.692609464999578 ], [ -74.011750330866377, 40.692316411412484 ], [ -74.013332641496135, 40.692019970102571 ], [ -74.012608568594061, 40.691364104629947 ], [ -74.012034176165699, 40.691503076685862 ], [ -74.012527832099636, 40.691146337338154 ], [ -74.01182575354963, 40.691064816216347 ], [ -74.013169264027525, 40.688154771203386 ], [ -74.014880979750046, 40.687254570488783 ], [ -74.016047305395119, 40.687338006297921 ], [ -74.017049866092293, 40.686875987919151 ], [ -74.016646640847569, 40.68641634723361 ], [ -74.015143910219905, 40.686437034043223 ], [ -74.016673515299829, 40.686305168553631 ], [ -74.017530324340854, 40.685362987932578 ], [ -74.016781139571364, 40.686349037919371 ], [ -74.017120991010671, 40.686843337636837 ], [ -74.020543672930813, 40.685272067926149 ], [ -74.020206867105202, 40.684833833077249 ], [ -74.019398423919284, 40.685087404047351 ], [ -74.020952550102905, 40.684384431647388 ], [ -74.020278198464908, 40.684809135174675 ], [ -74.020612672358112, 40.68524039019826 ], [ -74.022593595810363, 40.684359695950114 ], [ -74.022132501868768, 40.683767672385386 ], [ -74.023055747495988, 40.682916945445385 ], [ -74.022368235576636, 40.683779916794187 ], [ -74.022758990299593, 40.684284448332455 ], [ -74.024215372696702, 40.683944243464531 ], [ -74.025885018235186, 40.684376526840261 ], [ -74.026576409430817, 40.685241663038283 ], [ -74.026425772431992, 40.686175339829731 ], [ -74.020205274342658, 40.692033923854446 ], [ -74.019714549420769, 40.693133006827367 ] ] ], [ [ [ -74.042735338964988, 40.690050191210247 ], [ -74.043467523051348, 40.689636990051923 ], [ -74.043640786137047, 40.688766559785186 ], [ -74.044385217056117, 40.688516178201695 ], [ -74.046802848992911, 40.689953256133158 ], [ -74.047476514811663, 40.689611369999334 ], [ -74.047729626985145, 40.689915318233332 ], [ -74.046892055002843, 40.690059098161527 ], [ -74.047170294947037, 40.690991329122724 ], [ -74.046147072043283, 40.691122646016744 ], [ -74.043505960562584, 40.689687359818357 ], [ -74.042735338964988, 40.690050191210247 ] ] ], [ [ [ -74.039950407942442, 40.700890630321481 ], [ -74.037711247983125, 40.699344040173997 ], [ -74.038229544226937, 40.698368591349045 ], [ -74.03934037685066, 40.698115514418213 ], [ -74.041242618161064, 40.699536741217557 ], [ -74.041747688840005, 40.699147863783537 ], [ -74.039912488863095, 40.697702040199296 ], [ -74.0416605190741, 40.696452971320056 ], [ -74.043656510811061, 40.698064091044117 ], [ -74.041098612185294, 40.700492943194945 ], [ -74.040800806231175, 40.700268549963425 ], [ -74.039950407942442, 40.700890630321481 ] ] ] ] } },
{ "type": "Feature", "properties": { "LocationID": 106, "zone": "Gowanus", "borough": "Brooklyn", "venues": 0, "cohort": "Low" }, "geometry": { "type": "Polygon", "coordinates": [ [ [ -73.986103881999853, 40.681008522000134 ], [ -73.981756422999851, 40.679314624000085 ], [ -73.992770806999815, 40.665507281000053 ], [ -73.994903501999914, 40.666785435000072 ], [ -73.998618879999896, 40.671830172000085 ], [ -73.995064510999825, 40.675840475000065 ], [ -73.993491024, 40.676183302000069 ], [ -73.990698618999943, 40.675807419000165 ], [ -73.987668039999903, 40.680817810000129 ], [ -73.986533029999933, 40.68037263900009 ], [ -73.986103881999853, 40.681008522000134 ] ] ] } },
{ "type": "Feature", "properties": { "LocationID": 107, "zone": "Gramercy", "borough": "Manhattan", "venues": 0, "cohort": "Low" }, "geometry": { "type": "Polygon", "coordinates": [ [ [ -73.982386287999944, 40.731411245000118 ], [ -73.98990295999991, 40.734434790000101 ], [ -73.989916899999812, 40.735349342000113 ], [ -73.984074852999939, 40.743324718000082 ], [ -73.980859653999929, 40.741969768000104 ], [ -73.982664974999892, 40.73949733300006 ], [ -73.97805226499996, 40.737553954000099 ], [ -73.982386287999944, 40.731411245000118 ] ] ] } },
{ "type": "Feature", "properties": { "LocationID": 108, "zone": "Gravesend", "borough": "Brooklyn", "venues": 0, "cohort": "Low" }, "geometry": { "type": "Polygon", "coordinates": [ [ [ -73.971483508999867, 40.597171585000147 ], [ -73.971896847999815, 40.594352511000089 ], [ -73.971151017999944, 40.590442444000089 ], [ -73.965143851999954, 40.591101916000113 ], [ -73.966615314999828, 40.584571037000124 ], [ -73.977425252999879, 40.582906593000118 ], [ -73.984821928999878, 40.58416852300013 ], [ -73.98492731, 40.584595952000043 ], [ -73.987101202999966, 40.584644592000089 ], [ -73.986544570999882, 40.583658591000138 ], [ -73.988299482999821, 40.583466747000081 ], [ -73.98995504960881, 40.580661669765817 ], [ -73.99163007472373, 40.581079884382092 ], [ -73.991855356566276, 40.581623978546311 ], [ -73.990262447143508, 40.584619148205491 ], [ -73.99547188560318, 40.58221005511821 ], [ -74.000308808106695, 40.583177037514886 ], [ -74.000359517904727, 40.58418644588059 ], [ -73.998085237760037, 40.585364721581676 ], [ -73.99970597099518, 40.585689819858736 ], [ -73.999565115703035, 40.586243920095896 ], [ -73.998145304489924, 40.586531693907297 ], [ -73.994079046217806, 40.588693441990785 ], [ -73.99795639739294, 40.587269506365836 ], [ -73.994876776953745, 40.588771746675413 ], [ -73.995347376612074, 40.589331380440193 ], [ -74.000114495384082, 40.586951640902825 ], [ -74.000317343032677, 40.586453335023492 ], [ -74.000382071078519, 40.587133057174889 ], [ -73.993757618999922, 40.590331844000076 ], [ -73.99330855, 40.589583899000139 ], [ -73.99036425099996, 40.591431932000134 ], [ -73.989621500999917, 40.590981993000156 ], [ -73.98601936799993, 40.594446049000091 ], [ -73.984639653999821, 40.593552176000067 ], [ -73.979954434999854, 40.594073812000126 ], [ -73.980357854999951, 40.596191541000103 ], [ -73.971483508999867, 40.597171585000147 ] ] ] } },
{ "type": "Feature", "properties": { "LocationID": 109, "zone": "Great Kills", "borough": "Staten Island", "venues": 5, "cohort": "Medium" }, "geometry": { "type": "Polygon", "coordinates": [ [ [ -74.147897168999961, 40.570887286000165 ], [ -74.141312335999913, 40.568433348000113 ], [ -74.134939199999934, 40.565387436000066 ], [ -74.13170009, 40.564535749000122 ], [ -74.134809734, 40.56082861800013 ], [ -74.135613002999932, 40.558980027000146 ], [ -74.138850926999908, 40.556951179000102 ], [ -74.13316825999992, 40.552356179000135 ], [ -74.138617984999939, 40.548492385000067 ], [ -74.135857125831109, 40.546451696357536 ], [ -74.137179871298699, 40.545792864660783 ], [ -74.136115407240538, 40.545019845680009 ], [ -74.137192875197044, 40.545784294700276 ], [ -74.137508335088455, 40.545577557238808 ], [ -74.136589070710627, 40.544845486096115 ], [ -74.136873486308644, 40.544682593910217 ], [ -74.137949660507459, 40.546000337580892 ], [ -74.138869513404188, 40.545130197607477 ], [ -74.137624307451446, 40.544253566418462 ], [ -74.138755347034547, 40.544933958427073 ], [ -74.13901965079306, 40.544715561030117 ], [ -74.13786798524545, 40.544052544131112 ], [ -74.138043468979006, 40.543904562966517 ], [ -74.139033071786258, 40.544704910300197 ], [ -74.139539379157355, 40.544295140872336 ], [ -74.139145413463254, 40.544509581125283 ], [ -74.139420693378767, 40.544205943537378 ], [ -74.138974542267647, 40.544376101819914 ], [ -74.139220328599123, 40.544066700673987 ], [ -74.138875703883556, 40.544243557934983 ], [ -74.138834605857241, 40.543791359393246 ], [ -74.138585811591099, 40.54410463849058 ], [ -74.138341512888218, 40.543551828814245 ], [ -74.138522828353388, 40.543401551754691 ], [ -74.13956971698569, 40.544272274830654 ], [ -74.139836977860952, 40.544052462340964 ], [ -74.138706323972684, 40.543291410834598 ], [ -74.138906365394419, 40.543131777602504 ], [ -74.14038573073617, 40.54403318500809 ], [ -74.139219934858744, 40.543166085138104 ], [ -74.140295719471567, 40.543640457155711 ], [ -74.139361328040266, 40.542825863998793 ], [ -74.140306342581269, 40.543367110114573 ], [ -74.140627155669549, 40.543113029692705 ], [ -74.139631690741666, 40.542541097566378 ], [ -74.139858598916689, 40.542357175129276 ], [ -74.140646148698281, 40.543094214902297 ], [ -74.141324267942352, 40.543094133830401 ], [ -74.140165100374574, 40.542366218433678 ], [ -74.140335282297514, 40.542228209259733 ], [ -74.140207236065734, 40.542365224298507 ], [ -74.141410735603969, 40.543022415080557 ], [ -74.140262904006917, 40.541961511522778 ], [ -74.141349013795889, 40.542577523131776 ], [ -74.141797199570519, 40.542200415382567 ], [ -74.140639841721239, 40.541694542037419 ], [ -74.140958168328879, 40.541432077965162 ], [ -74.141873079719232, 40.542166658129631 ], [ -74.141672262430802, 40.54233546409548 ], [ -74.142296322461576, 40.542257849155682 ], [ -74.141728926512926, 40.539339484097177 ], [ -74.142303512758403, 40.539069975289806 ], [ -74.141765877937615, 40.538542040999914 ], [ -74.142265130079878, 40.538140353664843 ], [ -74.141867622914575, 40.538444090719395 ], [ -74.142167180191393, 40.537932761068348 ], [ -74.141041579165474, 40.537346885467514 ], [ -74.141298254718208, 40.537138177948492 ], [ -74.142185748418783, 40.537917778291764 ], [ -74.141582876908828, 40.537087577952576 ], [ -74.143749512492676, 40.537191061346483 ], [ -74.144740698135763, 40.535801044211397 ], [ -74.147943200461341, 40.534923016993169 ], [ -74.149777174894652, 40.533887869806925 ], [ -74.150695536182724, 40.53254583893731 ], [ -74.151120256905202, 40.53274138250692 ], [ -74.152456609366951, 40.532067944001135 ], [ -74.154543573744533, 40.530062136303826 ], [ -74.154928948493946, 40.530225483575833 ], [ -74.156223738873564, 40.529219709353228 ], [ -74.156085128241173, 40.528639386976288 ], [ -74.157018619462605, 40.528977655809825 ], [ -74.159701345202066, 40.527295992831711 ], [ -74.161349616999942, 40.529373424000113 ], [ -74.156908137999949, 40.531262028000114 ], [ -74.153974197999943, 40.534268148000123 ], [ -74.157866254999945, 40.536558095000068 ], [ -74.165400807999916, 40.544432723000092 ], [ -74.166233273999978, 40.547342479000093 ], [ -74.167072791999914, 40.548163067000146 ], [ -74.169825824000014, 40.561090421000131 ], [ -74.164941493999905, 40.560111797000104 ], [ -74.157259741999951, 40.562553319000124 ], [ -74.154664477, 40.565513443000107 ], [ -74.147897168999961, 40.570887286000165 ] ] ] } },
{ "type": "Feature", "properties": { "LocationID": 110, "zone": "Great Kills Park", "borough": "Staten Island", "venues": 0, "cohort": "Low" }, "geometry": { "type": "Polygon", "coordinates": [ [ [ -74.119458592999905, 40.552221906000113 ], [ -74.116562900999952, 40.549127742000096 ], [ -74.114958319999928, 40.549581439000121 ], [ -74.113383406081255, 40.548073375075504 ], [ -74.115461777984237, 40.547515362526077 ], [ -74.116545321769792, 40.54787239314679 ], [ -74.118041330837059, 40.547306612894744 ], [ -74.119778100449722, 40.545470456661853 ], [ -74.122453060503858, 40.544770545630008 ], [ -74.133564434980286, 40.531511174805829 ], [ -74.136907990763405, 40.529281918882894 ], [ -74.13728504251857, 40.529740467985022 ], [ -74.138830307152759, 40.529889356353216 ], [ -74.140610927031204, 40.534130600190331 ], [ -74.140324753934721, 40.535284579722109 ], [ -74.135075093256901, 40.535241170623145 ], [ -74.133810051538532, 40.535642939890096 ], [ -74.131195456893792, 40.537872408774739 ], [ -74.13152564883184, 40.537718542638544 ], [ -74.131813872017688, 40.538307358685898 ], [ -74.131697676020622, 40.537857123315959 ], [ -74.132434026548509, 40.537776532272964 ], [ -74.131911821246376, 40.537532840977093 ], [ -74.13245302764156, 40.537760281364122 ], [ -74.13275480490104, 40.537504536480171 ], [ -74.132235962692462, 40.537262550736791 ], [ -74.132398015842611, 40.537118864932879 ], [ -74.132776037117097, 40.537484010916067 ], [ -74.133074455715473, 40.537229123304215 ], [ -74.132557861390637, 40.536991407757483 ], [ -74.133391873773377, 40.536957984347737 ], [ -74.132874382809987, 40.536719632302564 ], [ -74.133035088395204, 40.536574875626073 ], [ -74.133410043653569, 40.536939721871136 ], [ -74.133860541403791, 40.536597962494014 ], [ -74.129969342030847, 40.539967769614357 ], [ -74.129683755086958, 40.539471719592626 ], [ -74.13052164283053, 40.539425558119902 ], [ -74.130002728149435, 40.53917239365876 ], [ -74.130541765211589, 40.539409306255891 ], [ -74.130839068518895, 40.539147592892697 ], [ -74.130322448992999, 40.538900471244645 ], [ -74.130485282947404, 40.538758916256178 ], [ -74.130859188540938, 40.539131339802502 ], [ -74.131153287153666, 40.538873574606512 ], [ -74.13065428041827, 40.538617311133159 ], [ -74.131174369850669, 40.538855161398779 ], [ -74.131474242153175, 40.53859831488289 ], [ -74.130975091159911, 40.538341749902287 ], [ -74.131793508156491, 40.538325991991933 ], [ -74.131164663126754, 40.537900135869286 ], [ -74.128446673070783, 40.540249215719086 ], [ -74.127387896344658, 40.542295429964504 ], [ -74.127629940380828, 40.543608893115767 ], [ -74.127989683907344, 40.543484343631292 ], [ -74.130114047152659, 40.545975726635859 ], [ -74.133086643658544, 40.546834295093767 ], [ -74.135857125831109, 40.546451696357536 ], [ -74.138617984999911, 40.548492384000085 ], [ -74.130424595999884, 40.55443704200011 ], [ -74.127300577999975, 40.557295172000124 ], [ -74.119458592999905, 40.552221906000113 ] ] ] } },
{ "type": "Feature", "properties": { "LocationID": 111, "zone": "Green-Wood Cemetery", "borough": "Brooklyn", "venues": 0, "cohort": "Low" }, "geometry": { "type": "Polygon", "coordinates": [ [ [ -73.995168900999857, 40.659669522000101 ], [ -73.992964019999917, 40.658337410000136 ], [ -73.992383394999862, 40.658899016000113 ], [ -73.990188415, 40.657600818000105 ], [ -73.988431352999768, 40.659251212000164 ], [ -73.981795686999959, 40.655246097000102 ], [ -73.980291154999946, 40.647297161000068 ], [ -73.981805338999962, 40.647127799000046 ], [ -73.98905872499985, 40.644119241000134 ], [ -73.998306022999856, 40.64974001500012 ], [ -73.997794660000011, 40.65028889000012 ], [ -74.002144745999885, 40.652956107000136 ], [ -73.995168900999857, 40.659669522000101 ] ] ] } },
{ "type": "Feature", "properties": { "LocationID": 112, "zone": "Greenpoint", "borough": "Brooklyn", "venues": 2, "cohort": "Low" }, "geometry": { "type": "MultiPolygon", "coordinates": [ [ [ [ -73.962365968894275, 40.724209061614395 ], [ -73.962072719219194, 40.723880300201671 ], [ -73.96247195112899, 40.724174989273777 ], [ -73.962365968894275, 40.724209061614395 ] ] ], [ [ [ -73.954283170275957, 40.739107370373581 ], [ -73.946523528547914, 40.736926853958309 ], [ -73.947199833671078, 40.735355178114332 ], [ -73.94706532915383, 40.734401992819464 ], [ -73.946598067073467, 40.734442224347468 ], [ -73.946626637866245, 40.735865585167552 ], [ -73.945570484572173, 40.736612303910583 ], [ -73.944999088894775, 40.736436693712825 ], [ -73.945185071813128, 40.735479152677996 ], [ -73.944515421173577, 40.736284391395579 ], [ -73.942394435424291, 40.735425749947801 ], [ -73.941147467019462, 40.734152927537785 ], [ -73.939813226254401, 40.731152688912211 ], [ -73.938103349606607, 40.72972851952153 ], [ -73.934929263918619, 40.728543915753178 ], [ -73.932268521750458, 40.728174658015853 ], [ -73.937653144999956, 40.724265555000109 ], [ -73.947213417999862, 40.718560986000078 ], [ -73.948416385999948, 40.718455533000153 ], [ -73.949078167999858, 40.722540287000115 ], [ -73.950645942999969, 40.721705693000075 ], [ -73.951646322999977, 40.723485857000128 ], [ -73.954776629000037, 40.72245950500016 ], [ -73.958142925035276, 40.724404284201562 ], [ -73.957950962132458, 40.725036439168569 ], [ -73.958426118439235, 40.725400535832364 ], [ -73.960124971332334, 40.725319636637039 ], [ -73.96028544944221, 40.7259481224132 ], [ -73.961615188359303, 40.725865563074187 ], [ -73.960996408416051, 40.728769126086114 ], [ -73.961431876778434, 40.73096517164808 ], [ -73.9622634042328, 40.732915551623663 ], [ -73.96406507049177, 40.73277904065386 ], [ -73.962304080110599, 40.733114091410883 ], [ -73.961574943067262, 40.735179614928782 ], [ -73.958375079027789, 40.738096949368824 ], [ -73.956930028651101, 40.738887073071751 ], [ -73.954283170275957, 40.739107370373581 ] ] ] ] } },
{ "type": "Feature", "properties": { "LocationID": 113, "zone": "Greenwich Village North", "borough": "Manhattan", "venues": 0, "cohort": "Low" }, "geometry": { "type": "Polygon", "coordinates": [ [ [ -73.98990295999991, 40.734434790000101 ], [ -73.991548326999862, 40.727089471000134 ], [ -73.996572144999789, 40.729552234000124 ], [ -73.995562454999956, 40.730715216000135 ], [ -74.000066577000013, 40.732929236000096 ], [ -73.996839938999983, 40.737360889000144 ], [ -73.98990295999991, 40.734434790000101 ] ] ] } },
{ "type": "Feature", "properties": { "LocationID": 114, "zone": "Greenwich Village South", "borough": "Manhattan", "venues": 0, "cohort": "Low" }, "geometry": { "type": "Polygon", "coordinates": [ [ [ -73.992579873999915, 40.724201555000114 ], [ -73.996771757999895, 40.7254319440001 ], [ -74.002817265999923, 40.728363129000151 ], [ -74.000066577000013, 40.732929236000096 ], [ -73.995562454999956, 40.730715216000135 ], [ -73.996572144999789, 40.729552234000124 ], [ -73.991548326999862, 40.727089471000134 ], [ -73.992579873999915, 40.724201555000114 ] ] ] } },
{ "type": "Feature", "properties": { "LocationID": 115, "zone": "Grymes Hill/Clifton", "borough": "Staten Island", "venues": 0, "cohort": "Low" }, "geometry": { "type": "Polygon", "coordinates": [ [ [ -74.080695148, 40.627536897000084 ], [ -74.083261074999967, 40.627194743000175 ], [ -74.084962118999925, 40.624625233000124 ], [ -74.086267565999961, 40.617832011000139 ], [ -74.08785147699993, 40.615243073000137 ], [ -74.08720982799997, 40.613306974000174 ], [ -74.080000948999938, 40.618552952000123 ], [ -74.072535516999892, 40.622464022000081 ], [ -74.071134623, 40.620359948000115 ], [ -74.0718329299999, 40.618900751000119 ], [ -74.075025698999937, 40.616378739000055 ], [ -74.081554700999902, 40.606290297000065 ], [ -74.085427561999936, 40.607022390000104 ], [ -74.094109590999921, 40.610406552000093 ], [ -74.0977696879999, 40.610623593000099 ], [ -74.103509252999942, 40.616416075000124 ], [ -74.092239713999902, 40.625742915000082 ], [ -74.08574928999991, 40.633955557000071 ], [ -74.081406154999939, 40.630301236000065 ], [ -74.081731353999885, 40.63001222600014 ], [ -74.07972492199994, 40.628950688000067 ], [ -74.080695148, 40.627536897000084 ] ] ] } },
{ "type": "Feature", "properties": { "LocationID": 116, "zone": "Hamilton Heights", "borough": "Manhattan", "venues": 3, "cohort": "Low" }, "geometry": { "type": "Polygon", "coordinates": [ [ [ -73.939248856999868, 40.828296351000091 ], [ -73.945154569999943, 40.820876265000123 ], [ -73.948082897999825, 40.82210802200013 ], [ -73.948540297999827, 40.821487623000095 ], [ -73.94992194399984, 40.82207231400011 ], [ -73.950828800000025, 40.820827937000061 ], [ -73.956340103999821, 40.823092328000079 ], [ -73.95954284439091, 40.82363916845263 ], [ -73.956317845103058, 40.827944215388762 ], [ -73.955039129783998, 40.827413431912035 ], [ -73.954541880621221, 40.82786147636569 ], [ -73.950155210482933, 40.834396759408101 ], [ -73.938640266999968, 40.829738874000071 ], [ -73.939248856999868, 40.828296351000091 ] ] ] } },
{ "type": "Feature", "properties": { "LocationID": 117, "zone": "Hammels/Arverne", "borough": "Queens", "venues": 0, "cohort": "Low" }, "geometry": { "type": "Polygon", "coordinates": [ [ [ -73.777687594254644, 40.60980458137135 ], [ -73.775222550769698, 40.609703547147078 ], [ -73.774128973942226, 40.608746595868311 ], [ -73.774814410089178, 40.608399563112528 ], [ -73.774217377533475, 40.607636638971606 ], [ -73.774602945990736, 40.607417648882738 ], [ -73.774848865464861, 40.608024833159853 ], [ -73.775238519861716, 40.608550943000417 ], [ -73.776006456020909, 40.609194552357017 ], [ -73.774590094695085, 40.607297657095593 ], [ -73.775187112613253, 40.604500256318644 ], [ -73.774693638540654, 40.604306964817482 ], [ -73.775881405821593, 40.603471681753597 ], [ -73.776053917610653, 40.602752894402393 ], [ -73.77568814362705, 40.602814740670766 ], [ -73.778368729269644, 40.600838780075918 ], [ -73.778158213094926, 40.600402085303216 ], [ -73.780172105475756, 40.600697832845469 ], [ -73.781940900741859, 40.599073841775784 ], [ -73.781857256984495, 40.598372930185242 ], [ -73.780054936955509, 40.596861344909087 ], [ -73.777421748107585, 40.598812404361617 ], [ -73.77599890906717, 40.601393345907887 ], [ -73.774975136495186, 40.601748179412056 ], [ -73.773632440610314, 40.598153123466908 ], [ -73.773005924908418, 40.597867499657326 ], [ -73.769477251045785, 40.59825776972766 ], [ -73.76809925802587, 40.597845970055054 ], [ -73.767718117999948, 40.596261310000109 ], [ -73.767177200999967, 40.596623181000083 ], [ -73.76695532899997, 40.598067274000073 ], [ -73.765996893999855, 40.598721062000095 ], [ -73.76654204999997, 40.599434442000096 ], [ -73.764445824999967, 40.600435241000113 ], [ -73.763360964999961, 40.599105043000144 ], [ -73.761657972999842, 40.599973070000075 ], [ -73.761287533999948, 40.599549271000136 ], [ -73.763334496999903, 40.597822874000116 ], [ -73.762778455999879, 40.594756544000091 ], [ -73.764401830999859, 40.594571683000098 ], [ -73.763762234236992, 40.591439709017017 ], [ -73.780430361018915, 40.58959662142923 ], [ -73.788602984598612, 40.58748444605299 ], [ -73.79670174417555, 40.586367271524807 ], [ -73.807835029654626, 40.584014950353122 ], [ -73.813524487275586, 40.583473149046945 ], [ -73.817307959161155, 40.582334758970191 ], [ -73.817510591999934, 40.582785271000127 ], [ -73.815445178999965, 40.583373492000135 ], [ -73.817883223999814, 40.587448469000073 ], [ -73.819094073999963, 40.58783196100007 ], [ -73.81741586147443, 40.588917014109882 ], [ -73.817638004505099, 40.589285799485403 ], [ -73.816741975823476, 40.589319169846114 ], [ -73.813409833446329, 40.590917823111965 ], [ -73.813588566126256, 40.59169768582381 ], [ -73.813234744325854, 40.591070740017763 ], [ -73.811703448363417, 40.591593746638083 ], [ -73.811494235858589, 40.592901326696989 ], [ -73.811325545675345, 40.591746496145952 ], [ -73.810817918746324, 40.592090268696239 ], [ -73.811385931520334, 40.592442318454758 ], [ -73.811407512271572, 40.592871257238905 ], [ -73.811072870210509, 40.593022330572261 ], [ -73.811373312896393, 40.592703054284385 ], [ -73.810749749133123, 40.592792113552768 ], [ -73.811358293157781, 40.59246258404508 ], [ -73.810805379044155, 40.592092095735346 ], [ -73.809911300159911, 40.592253717682667 ], [ -73.809591704930895, 40.593580688618246 ], [ -73.806028074598572, 40.592009309004659 ], [ -73.805779028390475, 40.590759499668799 ], [ -73.805813426123393, 40.591868861502277 ], [ -73.804303335082153, 40.591318878804771 ], [ -73.804165691030235, 40.591854709832994 ], [ -73.807826111433954, 40.59336993482566 ], [ -73.807977570993302, 40.594157868664574 ], [ -73.80711253952029, 40.595284075424495 ], [ -73.806041498073853, 40.595554555213731 ], [ -73.804114599546509, 40.594319170453574 ], [ -73.803809022312024, 40.592891163925557 ], [ -73.802438462903112, 40.59264006383529 ], [ -73.802509650872722, 40.593948128041703 ], [ -73.803135034407177, 40.593757943071459 ], [ -73.803180821908967, 40.593945378131153 ], [ -73.802568376010541, 40.594272266994309 ], [ -73.803242531709984, 40.594087239865573 ], [ -73.803287938930254, 40.594282115891978 ], [ -73.802345138456587, 40.59449597525709 ], [ -73.803440170414476, 40.594434209176995 ], [ -73.803196753649615, 40.594678199883454 ], [ -73.803377543038266, 40.594869040659212 ], [ -73.803655193134929, 40.594730642030235 ], [ -73.803724542673748, 40.594817111980163 ], [ -73.803214942512355, 40.59514564845081 ], [ -73.803895070067256, 40.594990875367451 ], [ -73.803314537290632, 40.595179561939666 ], [ -73.803684686957283, 40.595197790184002 ], [ -73.804864626469396, 40.596733628351679 ], [ -73.805134062527557, 40.596607588970691 ], [ -73.805248325382479, 40.596895032613766 ], [ -73.805192434942228, 40.597190375995815 ], [ -73.804875652149107, 40.596748535931845 ], [ -73.804711122280267, 40.597674663195328 ], [ -73.802979433257477, 40.598844304553197 ], [ -73.801670926801776, 40.598896309269698 ], [ -73.800915006239435, 40.599390761135908 ], [ -73.794573615958299, 40.599419024305938 ], [ -73.792332564495084, 40.59995439142606 ], [ -73.787857556335297, 40.60311117193028 ], [ -73.786503356485966, 40.603250206179169 ], [ -73.786168551248025, 40.603047449752175 ], [ -73.787929941926549, 40.600995303051242 ], [ -73.790340065509852, 40.599191676360263 ], [ -73.791025366527634, 40.595527157216111 ], [ -73.790420482309017, 40.594752695008467 ], [ -73.790570041960365, 40.594951800299953 ], [ -73.790806261416776, 40.596093395884473 ], [ -73.790594429740409, 40.596108384773018 ], [ -73.790152636488202, 40.594768202273002 ], [ -73.790424814722769, 40.596053932154092 ], [ -73.790178300013153, 40.596071319704613 ], [ -73.789739018898189, 40.594743668554734 ], [ -73.78999909439095, 40.596208943503484 ], [ -73.789673896758345, 40.594860475900362 ], [ -73.789120424643855, 40.595424836268862 ], [ -73.789068291214804, 40.598019927382836 ], [ -73.78597109766217, 40.600316491814873 ], [ -73.785393580870291, 40.601518021708678 ], [ -73.78350560905308, 40.602563438742898 ], [ -73.783128024057419, 40.603760992853303 ], [ -73.783947649711919, 40.60482442511703 ], [ -73.783666962922439, 40.605324436934467 ], [ -73.779270154449378, 40.60930736180773 ], [ -73.777687594254644, 40.60980458137135 ] ] ] } },
{ "type": "Feature", "properties": { "LocationID": 118, "zone": "Heartland Village/Todt Hill", "borough": "Staten Island", "venues": 7, "cohort": "Medium" }, "geometry": { "type": "Polygon", "coordinates": [ [ [ -74.108344178999957, 40.610234767000172 ], [ -74.095558297999929, 40.61062477800008 ], [ -74.090454958999956, 40.609094526000106 ], [ -74.092719080999927, 40.606362222000122 ], [ -74.092900363999959, 40.60135887200012 ], [ -74.091720514999949, 40.599220857000041 ], [ -74.091928278999873, 40.598504051000091 ], [ -74.093754537999985, 40.596744890000103 ], [ -74.097220728999972, 40.59536515500006 ], [ -74.100414989999919, 40.593343093000122 ], [ -74.100882516999945, 40.590179216000109 ], [ -74.101494822999939, 40.589344261000107 ], [ -74.107908515999952, 40.583685638000119 ], [ -74.113069544999945, 40.580768522000085 ], [ -74.115625780999878, 40.578479753000117 ], [ -74.117020784999951, 40.578196926000068 ], [ -74.119109548999944, 40.576157252000087 ], [ -74.121257138999894, 40.575254894000118 ], [ -74.127088146999952, 40.576369106000136 ], [ -74.127653581999922, 40.575234943000098 ], [ -74.132610229999912, 40.573530163000115 ], [ -74.144185881999988, 40.572037410000092 ], [ -74.143874535999913, 40.570606594000111 ], [ -74.144387449999911, 40.569706101000122 ], [ -74.147897168999961, 40.570887286000165 ], [ -74.154664477, 40.565513443000107 ], [ -74.157259741999951, 40.562553319000124 ], [ -74.164941493999905, 40.560111797000104 ], [ -74.169825824000014, 40.561090421000131 ], [ -74.169954655999945, 40.573458038000119 ], [ -74.168429161999939, 40.586497923000074 ], [ -74.167691524999896, 40.588831493000029 ], [ -74.16260370599997, 40.593157366000121 ], [ -74.161899405999961, 40.595298771000152 ], [ -74.159892278999962, 40.595170141000054 ], [ -74.148198076999904, 40.58859968100014 ], [ -74.138644585999955, 40.589060805000109 ], [ -74.13385485799995, 40.59635784600011 ], [ -74.130919094, 40.598855048000097 ], [ -74.125061154999969, 40.598180056000068 ], [ -74.120704242999949, 40.600705981000097 ], [ -74.120595462999958, 40.60180975800008 ], [ -74.114870583999888, 40.602136660000156 ], [ -74.115877163999926, 40.607257471000032 ], [ -74.11706965299993, 40.608206250000137 ], [ -74.117424665, 40.609289009000108 ], [ -74.121168798999918, 40.60883437600009 ], [ -74.121351795999942, 40.609765268000118 ], [ -74.115087453999877, 40.61120943100012 ], [ -74.108344178999957, 40.610234767000172 ] ] ] } },
{ "type": "Feature", "properties": { "LocationID": 119, "zone": "Highbridge", "borough": "Bronx", "venues": 1, "cohort": "Low" }, "geometry": { "type": "Polygon", "coordinates": [ [ [ -73.924783187999907, 40.844752665000073 ], [ -73.917292249999917, 40.8451099400001 ], [ -73.917949651999876, 40.842229571000161 ], [ -73.916183443999913, 40.842334900000118 ], [ -73.919016684000056, 40.838381093000052 ], [ -73.923990494999913, 40.835052298000086 ], [ -73.925375400999826, 40.83262809600015 ], [ -73.928027248999967, 40.829719539000052 ], [ -73.930034915999926, 40.828587590000097 ], [ -73.933072510840717, 40.828156152518289 ], [ -73.933605920367057, 40.832789530520962 ], [ -73.933143067092558, 40.835194127616695 ], [ -73.928615748223308, 40.844676865030138 ], [ -73.928082093868369, 40.845391596916912 ], [ -73.924783187999907, 40.844752665000073 ] ] ] } },
{ "type": "Feature", "properties": { "LocationID": 120, "zone": "Highbridge Park", "borough": "Manhattan", "venues": 0, "cohort": "Low" }, "geometry": { "type": "Polygon", "coordinates": [ [ [ -73.922954494999885, 40.858850762000074 ], [ -73.92282845999992, 40.856851409000107 ], [ -73.922044922079465, 40.856854159792192 ], [ -73.922278730644791, 40.855654988843945 ], [ -73.929718504775309, 40.845231778263887 ], [ -73.934361215910556, 40.836200619617976 ], [ -73.938385088999951, 40.833113503000078 ], [ -73.940170898999895, 40.830384391000166 ], [ -73.940246008000031, 40.831842121000108 ], [ -73.938042357999933, 40.834288545000099 ], [ -73.936383168999924, 40.837850125000067 ], [ -73.935055087999842, 40.83933323600008 ], [ -73.93556697199989, 40.841712528000144 ], [ -73.930621078999806, 40.848480977000101 ], [ -73.929707315999948, 40.848122612000054 ], [ -73.927079823, 40.851432343000084 ], [ -73.927033156999812, 40.852200775000071 ], [ -73.927695656999816, 40.852487782000097 ], [ -73.924669779999988, 40.856982611000063 ], [ -73.925189249999931, 40.858027537000126 ], [ -73.926175268999899, 40.858154096000142 ], [ -73.926911174999958, 40.857508760000066 ], [ -73.927099515999842, 40.858275521000103 ], [ -73.925286625999874, 40.860125797000151 ], [ -73.924741533999921, 40.861593638000073 ], [ -73.922954494999885, 40.858850762000074 ] ] ] } },
{ "type": "Feature", "properties": { "LocationID": 121, "zone": "Hillcrest/Pomonok", "borough": "Queens", "venues": 1, "cohort": "Low" }, "geometry": { "type": "Polygon", "coordinates": [ [ [ -73.815049987999842, 40.738943134000124 ], [ -73.795848032999871, 40.738074680000089 ], [ -73.794586331999909, 40.735052252000081 ], [ -73.793789386999961, 40.730701182000146 ], [ -73.790451493000035, 40.723554532000044 ], [ -73.79037661699995, 40.720103724000126 ], [ -73.790732488999822, 40.719208757000075 ], [ -73.793154933999958, 40.718917579000063 ], [ -73.800216726999906, 40.716737859000069 ], [ -73.807809276999961, 40.715853896000112 ], [ -73.809040326999835, 40.719911605000092 ], [ -73.804526801999813, 40.721462546000083 ], [ -73.804879582999817, 40.725049593000065 ], [ -73.806521423999953, 40.724873064000093 ], [ -73.807170422999931, 40.728269133000083 ], [ -73.811117972999881, 40.727816416000145 ], [ -73.810744265999858, 40.72626511300011 ], [ -73.815100240999854, 40.728543423000119 ], [ -73.81469163099986, 40.735949994000173 ], [ -73.815049987999842, 40.738943134000124 ] ] ] } },
{ "type": "Feature", "properties": { "LocationID": 122, "zone": "Hollis", "borough": "Queens", "venues": 0, "cohort": "Low" }, "geometry": { "type": "Polygon", "coordinates": [ [ [ -73.758327286999972, 40.719582089000035 ], [ -73.753708345999925, 40.713324637000063 ], [ -73.750470581999849, 40.705639931000107 ], [ -73.760955466000041, 40.702909578000146 ], [ -73.761263592999967, 40.703598940000127 ], [ -73.766124893999987, 40.702334486000112 ], [ -73.768259690999926, 40.709526368000162 ], [ -73.771724446999983, 40.71031681900012 ], [ -73.769439870999918, 40.711976893000049 ], [ -73.771921221000014, 40.715685045000143 ], [ -73.766640951999875, 40.717646614000074 ], [ -73.765714472, 40.716393379000088 ], [ -73.758327286999972, 40.719582089000035 ] ] ] } },
{ "type": "Feature", "properties": { "LocationID": 123, "zone": "Homecrest", "borough": "Brooklyn", "venues": 0, "cohort": "Low" }, "geometry": { "type": "Polygon", "coordinates": [ [ [ -73.962859739999843, 40.612549486000098 ], [ -73.962379477999775, 40.609986374000187 ], [ -73.958592784999865, 40.610403031000082 ], [ -73.956830015999913, 40.601087349000167 ], [ -73.957757459999868, 40.60098588900015 ], [ -73.95607720399984, 40.592101432000135 ], [ -73.957003303999969, 40.592002256000086 ], [ -73.956193136999858, 40.587762269000152 ], [ -73.960349535999882, 40.587306286000121 ], [ -73.960679840999902, 40.591597582000155 ], [ -73.971151017999944, 40.590442444000089 ], [ -73.971896847999815, 40.594352511000089 ], [ -73.97132951099988, 40.596352431000128 ], [ -73.971910804999894, 40.59942305900011 ], [ -73.972911169000014, 40.599315804000177 ], [ -73.972177428000023, 40.604194712000073 ], [ -73.972994339999829, 40.608814142000071 ], [ -73.964296498999914, 40.609776426000138 ], [ -73.964781127999856, 40.612330922000083 ], [ -73.962859739999843, 40.612549486000098 ] ] ] } },
{ "type": "Feature", "properties": { "LocationID": 124, "zone": "Howard Beach", "borough": "Queens", "venues": 0, "cohort": "Low" }, "geometry": { "type": "MultiPolygon", "coordinates": [ [ [ [ -73.858980029895676, 40.652675457917908 ], [ -73.857319415155132, 40.651237099008043 ], [ -73.85695870295892, 40.650587373487319 ], [ -73.858980029895676, 40.652675457917908 ] ] ], [ [ [ -73.859755336866328, 40.654104176095132 ], [ -73.859045292297822, 40.653107976084101 ], [ -73.858980029895676, 40.652675457917908 ], [ -73.859755336866328, 40.654104176095132 ] ] ], [ [ [ -73.860421782999964, 40.654612202000102 ], [ -73.860989173769454, 40.655209767052753 ], [ -73.859755336866328, 40.654104176095132 ], [ -73.860421782999964, 40.654612202000102 ] ] ], [ [ [ -73.830327253370584, 40.655132805803483 ], [ -73.830190203571433, 40.655478819386033 ], [ -73.829889198560281, 40.655522822584274 ], [ -73.830327253370584, 40.655132805803483 ] ] ], [ [ [ -73.861318635999851, 40.675021269000091 ], [ -73.842435853999902, 40.669288557000115 ], [ -73.842158021999921, 40.668701448000071 ], [ -73.833348192999949, 40.666773187000153 ], [ -73.828599423999847, 40.657196973000083 ], [ -73.826392428722357, 40.648324348808025 ], [ -73.828914755974949, 40.649379155820831 ], [ -73.831331514032684, 40.652747557442794 ], [ -73.831583220596585, 40.653813786333892 ], [ -73.82901417557953, 40.656107884452609 ], [ -73.830443280719223, 40.655519472444688 ], [ -73.831708144115296, 40.653931174297078 ], [ -73.832216985185752, 40.654460386293131 ], [ -73.831493301030051, 40.654979820539879 ], [ -73.831161008096274, 40.655919233737343 ], [ -73.829376034107227, 40.656506335216172 ], [ -73.828967787402959, 40.657205247920253 ], [ -73.829179197345681, 40.657799778544465 ], [ -73.83013028740389, 40.658402643721359 ], [ -73.829707068389055, 40.65850251386469 ], [ -73.82959986903019, 40.65865680691558 ], [ -73.830149501047586, 40.659808684957497 ], [ -73.82969520083391, 40.65865592869168 ], [ -73.830244270393749, 40.658349969348379 ], [ -73.829094348252028, 40.6573342186635 ], [ -73.829502651198368, 40.656647431983444 ], [ -73.831271125681084, 40.656003271494875 ], [ -73.831852384792896, 40.654885038267111 ], [ -73.83290309524601, 40.657483771623212 ], [ -73.831943945782569, 40.656171427253575 ], [ -73.832600363705993, 40.657826591627533 ], [ -73.830969079966678, 40.65823029417254 ], [ -73.833384394725442, 40.658051859208186 ], [ -73.831091844641179, 40.648484806759484 ], [ -73.831669027678075, 40.647972211017887 ], [ -73.83561034795801, 40.648505684700737 ], [ -73.838785175031248, 40.661088448434981 ], [ -73.838058009486161, 40.662006063339227 ], [ -73.838736085559404, 40.662454060021268 ], [ -73.839979499756254, 40.661904273862426 ], [ -73.839787526129328, 40.660485998048195 ], [ -73.835923200732836, 40.645499790675181 ], [ -73.849506990841647, 40.644133765678966 ], [ -73.851832807376582, 40.645860056712813 ], [ -73.85230349886227, 40.647771028550395 ], [ -73.851590891323468, 40.649096478442317 ], [ -73.850905524614049, 40.649168196000559 ], [ -73.850576535985653, 40.650349925193026 ], [ -73.849257268408138, 40.651031532551166 ], [ -73.849397664063218, 40.651434878950511 ], [ -73.850784997261897, 40.651532851904534 ], [ -73.852509496122025, 40.650551403712008 ], [ -73.855919329447488, 40.65130926166627 ], [ -73.856712889722687, 40.652801664541791 ], [ -73.858281323838227, 40.652994872152007 ], [ -73.859305735544183, 40.654972383384518 ], [ -73.861363819503907, 40.656414754165517 ], [ -73.85983363521494, 40.656977063220637 ], [ -73.859635586693699, 40.658457772056742 ], [ -73.860232363275585, 40.658897130560241 ], [ -73.860980775406915, 40.658381303343447 ], [ -73.860612073112108, 40.659326534605327 ], [ -73.861249433982607, 40.658720910078834 ], [ -73.860958920956989, 40.658060943023102 ], [ -73.859768395888992, 40.658281936345936 ], [ -73.860575516856684, 40.657836052233911 ], [ -73.860341647048685, 40.657247905698199 ], [ -73.860875976075789, 40.656908162070245 ], [ -73.861613711636139, 40.656996510253066 ], [ -73.861703012693226, 40.658024889483627 ], [ -73.862697782997657, 40.657618309006345 ], [ -73.863170832999955, 40.658276512000143 ], [ -73.860359781999904, 40.659645829000127 ], [ -73.857610527999853, 40.660108356000102 ], [ -73.858429508999919, 40.663453360000048 ], [ -73.855684611999877, 40.663867492000129 ], [ -73.857633230999866, 40.671656194000064 ], [ -73.860389379000011, 40.671268775000087 ], [ -73.861318635999851, 40.675021269000091 ] ] ] ] } },
{ "type": "Feature", "properties": { "LocationID": 125, "zone": "Hudson Sq", "borough": "Manhattan", "venues": 0, "cohort": "Low" }, "geometry": { "type": "Polygon", "coordinates": [ [ [ -74.010672649999961, 40.729112666000049 ], [ -74.002148914999964, 40.728035367000118 ], [ -74.003730175, 40.726250059000186 ], [ -74.005309860999901, 40.721824192000049 ], [ -74.010812382999902, 40.725789803000147 ], [ -74.011354282999946, 40.724277183000076 ], [ -74.011964320245497, 40.724329864620088 ], [ -74.011653265699422, 40.725871761851565 ], [ -74.015204265311326, 40.72636194937985 ], [ -74.01512356549452, 40.72679394256479 ], [ -74.011542018976002, 40.72644734692728 ], [ -74.011383236023661, 40.728229272183739 ], [ -74.010767914999988, 40.728173958000106 ], [ -74.010672649999961, 40.729112666000049 ] ] ] } },
{ "type": "Feature", "properties": { "LocationID": 126, "zone": "Hunts Point", "borough": "Bronx", "venues": 0, "cohort": "Low" }, "geometry": { "type": "Polygon", "coordinates": [ [ [ -73.886096241999866, 40.827655777000089 ], [ -73.887534295999856, 40.822509339000142 ], [ -73.884398548999897, 40.822965576000058 ], [ -73.88244779599998, 40.819268323000131 ], [ -73.878062832999902, 40.816182632000142 ], [ -73.876634599818473, 40.815711508049759 ], [ -73.876731855068215, 40.815386496486781 ], [ -73.872394379000966, 40.813974335606027 ], [ -73.870568069279273, 40.812087317622606 ], [ -73.868112191400584, 40.806751832831978 ], [ -73.871745093739079, 40.801547366116331 ], [ -73.872380604537028, 40.80129011463292 ], [ -73.872346849988347, 40.800174763010681 ], [ -73.872978629446465, 40.800250689026605 ], [ -73.872705037585959, 40.801167176810765 ], [ -73.873550965725016, 40.80085330277204 ], [ -73.875265170373268, 40.801398152548671 ], [ -73.875857885813076, 40.801455987586543 ], [ -73.875929980715071, 40.801084223593911 ], [ -73.878142188199291, 40.801319290306701 ], [ -73.877906464952105, 40.802271801020332 ], [ -73.878432955134485, 40.802702734695139 ], [ -73.880054629848843, 40.802760151407753 ], [ -73.883695424224811, 40.802162123603068 ], [ -73.883723266659175, 40.801862843941215 ], [ -73.885051723367084, 40.80213090679819 ], [ -73.887958972239446, 40.804997925920809 ], [ -73.888592177063131, 40.80478927560052 ], [ -73.889278925866861, 40.80518182876024 ], [ -73.88922416091161, 40.805845351192147 ], [ -73.889995981707642, 40.804886286752982 ], [ -73.889374392536894, 40.805925273115406 ], [ -73.891786181355982, 40.805622892086419 ], [ -73.891979295342779, 40.806384708976402 ], [ -73.892706810663455, 40.806343949098284 ], [ -73.892531771394246, 40.805656551568482 ], [ -73.892273158435273, 40.805702433124978 ], [ -73.891284024139168, 40.804976281899357 ], [ -73.892566677384167, 40.805620710004924 ], [ -73.892748140374096, 40.806340261302189 ], [ -73.894853605358662, 40.806214908158935 ], [ -73.894842959836225, 40.805723997012407 ], [ -73.895098364873974, 40.806863639173741 ], [ -73.895279628740099, 40.805766184068098 ], [ -73.895591090918188, 40.806581343347716 ], [ -73.895874815993025, 40.80580851158259 ], [ -73.896108245178766, 40.806496150951446 ], [ -73.897496819538759, 40.806214400202727 ], [ -73.897414726985673, 40.805800059478244 ], [ -73.898013408961504, 40.806166604361998 ], [ -73.897871279906511, 40.805534981759841 ], [ -73.898161107526832, 40.806138070100054 ], [ -73.898539262449148, 40.805411731731652 ], [ -73.902222847497185, 40.804948113094952 ], [ -73.903074572, 40.809880612000065 ], [ -73.895428587999859, 40.815844672000118 ], [ -73.897044666999903, 40.816801860000091 ], [ -73.892836531000015, 40.82097405500015 ], [ -73.895881358999901, 40.820992575000069 ], [ -73.895860195999816, 40.822631046000055 ], [ -73.893200049999962, 40.824008183000132 ], [ -73.894870885000017, 40.823937272000101 ], [ -73.894835228999924, 40.826246841000135 ], [ -73.892932260999814, 40.82678703700013 ], [ -73.887895109999917, 40.826743185000069 ], [ -73.886096241999866, 40.827655777000089 ] ] ] } },
{ "type": "Feature", "properties": { "LocationID": 127, "zone": "Inwood", "borough": "Manhattan", "venues": 5, "cohort": "Medium" }, "geometry": { "type": "MultiPolygon", "coordinates": [ [ [ [ -73.921698419046962, 40.856672301855156 ], [ -73.921823250445996, 40.856329125863724 ], [ -73.922344593870562, 40.855682335907559 ], [ -73.921698419046962, 40.856672301855156 ] ] ], [ [ [ -73.911542811165333, 40.873253706161911 ], [ -73.910438247278691, 40.87137747855197 ], [ -73.912547751302867, 40.866514943004553 ], [ -73.913918631332294, 40.864745584403735 ], [ -73.914923879278575, 40.864580378919307 ], [ -73.914411133926166, 40.864173627375735 ], [ -73.915899116457851, 40.864308038085255 ], [ -73.91519574800094, 40.863945224736014 ], [ -73.915386730511486, 40.863084384200917 ], [ -73.917294677416763, 40.861679418230871 ], [ -73.919502136609324, 40.858791133790653 ], [ -73.921590148482252, 40.860072800027055 ], [ -73.921866337836519, 40.859181340149966 ], [ -73.920938690169407, 40.858120674461723 ], [ -73.920609316608761, 40.858018696153231 ], [ -73.920484385475206, 40.858232548062624 ], [ -73.920351428754429, 40.858195220619336 ], [ -73.921591607045656, 40.857065154233567 ], [ -73.922779211999881, 40.856826198000107 ], [ -73.92295846599977, 40.858913781000147 ], [ -73.927269150999848, 40.865534560000135 ], [ -73.928722031999925, 40.866742663000082 ], [ -73.926233133999972, 40.868506138000093 ], [ -73.921359754999926, 40.869551854000107 ], [ -73.919254817999771, 40.871007842000104 ], [ -73.91969887499998, 40.872064776000116 ], [ -73.918459308999928, 40.87302205300012 ], [ -73.914009854999904, 40.871160594000152 ], [ -73.911542811165333, 40.873253706161911 ] ] ] ] } },
{ "type": "Feature", "properties": { "LocationID": 128, "zone": "Inwood Hill Park", "borough": "Manhattan", "venues": 0, "cohort": "Low" }, "geometry": { "type": "MultiPolygon", "coordinates": [ [ [ [ -73.926350802682492, 40.877592320462803 ], [ -73.926151994052944, 40.877086229220936 ], [ -73.924827554662485, 40.877444775287366 ], [ -73.922583871708937, 40.876922539288579 ], [ -73.922535318944171, 40.874240377543465 ], [ -73.921169296781002, 40.873069392288258 ], [ -73.920560663580403, 40.872994144650335 ], [ -73.919783129445335, 40.873603697435755 ], [ -73.920802556303471, 40.87419405886682 ], [ -73.920903255154215, 40.875466166382793 ], [ -73.918857942434997, 40.874643248760975 ], [ -73.919281021758437, 40.873636557546071 ], [ -73.918553650264613, 40.873180588115588 ], [ -73.917577298847306, 40.874548678547463 ], [ -73.91787144917501, 40.873904995288861 ], [ -73.915224021460503, 40.8744866218683 ], [ -73.911542811165333, 40.873253706161911 ], [ -73.914009854999904, 40.871160594000152 ], [ -73.918459308999928, 40.87302205300012 ], [ -73.91969887499998, 40.872064776000116 ], [ -73.919254817999771, 40.871007842000104 ], [ -73.921359754999926, 40.869551854000107 ], [ -73.926233133999972, 40.868506138000093 ], [ -73.928722031999925, 40.866742663000082 ], [ -73.932206005318662, 40.870096445104728 ], [ -73.929179682559649, 40.875555548966524 ], [ -73.926350802682492, 40.877592320462803 ] ] ], [ [ [ -73.923591725765547, 40.878952159166502 ], [ -73.923679193116811, 40.878826074498825 ], [ -73.923629739751988, 40.878963943121732 ], [ -73.923591725765547, 40.878952159166502 ] ] ] ] } },
{ "type": "Feature", "properties": { "LocationID": 129, "zone": "Jackson Heights", "borough": "Queens", "venues": 0, "cohort": "Low" }, "geometry": { "type": "Polygon", "coordinates": [ [ [ -73.876387924000014, 40.768999558000132 ], [ -73.874995750999858, 40.761264322000116 ], [ -73.876013718999957, 40.761443732000103 ], [ -73.875138743000036, 40.756633816000075 ], [ -73.873657217999835, 40.756803486000109 ], [ -73.869424585999852, 40.749156852000134 ], [ -73.891750487999843, 40.74681172800009 ], [ -73.896242455999882, 40.748719545000057 ], [ -73.899845926999831, 40.757562153000052 ], [ -73.89735543399992, 40.76185091400005 ], [ -73.894376247999972, 40.76552658500011 ], [ -73.893251087999786, 40.766271446000175 ], [ -73.890890436999968, 40.765858198000124 ], [ -73.885062660999935, 40.767598943000131 ], [ -73.876089496999839, 40.771536903000055 ], [ -73.876387924000014, 40.768999558000132 ] ] ] } },
{ "type": "Feature", "properties": { "LocationID": 130, "zone": "Jamaica", "borough": "Queens", "venues": 3, "cohort": "Low" }, "geometry": { "type": "Polygon", "coordinates": [ [ [ -73.769625523999949, 40.711786320000108 ], [ -73.771724446999983, 40.71031681900012 ], [ -73.768445464999843, 40.70963702700007 ], [ -73.774308435999885, 40.707393668000137 ], [ -73.775554510999953, 40.706070835000055 ], [ -73.775592187999905, 40.705329308000138 ], [ -73.775074622999824, 40.70523998400008 ], [ -73.772307686999966, 40.70057150700012 ], [ -73.77395659499993, 40.699805781000066 ], [ -73.780344912000032, 40.705412417000041 ], [ -73.782565825999953, 40.705424864000079 ], [ -73.792391702999879, 40.702166530000106 ], [ -73.791869165999913, 40.701366137000079 ], [ -73.792605067999872, 40.700432100000114 ], [ -73.797861933999968, 40.69799340400013 ], [ -73.806424793999838, 40.690873858000103 ], [ -73.808902169000035, 40.692564349000129 ], [ -73.810632982999962, 40.691947383000084 ], [ -73.816378244999925, 40.702451964000062 ], [ -73.81152856899989, 40.702272875000105 ], [ -73.812012485999816, 40.705944945000127 ], [ -73.806948562999921, 40.707367100000106 ], [ -73.805647730999894, 40.704671728000143 ], [ -73.801657255999942, 40.705761475000038 ], [ -73.803024147999878, 40.70813965700016 ], [ -73.801414162999905, 40.709686873000102 ], [ -73.798701506999919, 40.710663377000074 ], [ -73.797768101999893, 40.709143188000084 ], [ -73.789283350999966, 40.712031729000167 ], [ -73.786575286999849, 40.711972493000111 ], [ -73.771921219999911, 40.715685044000089 ], [ -73.769625523999949, 40.711786320000108 ] ] ] } },
{ "type": "Feature", "properties": { "LocationID": 131, "zone": "Jamaica Estates", "borough": "Queens", "venues": 0, "cohort": "Low" }, "geometry": { "type": "Polygon", "coordinates": [ [ [ -73.777325628999975, 40.722392701000125 ], [ -73.774371087, 40.724261132000073 ], [ -73.769240748999934, 40.725902701000081 ], [ -73.765682531999872, 40.726377524000064 ], [ -73.759948541000028, 40.725805278000088 ], [ -73.756697712999866, 40.72622871100009 ], [ -73.755086250999909, 40.724490060000043 ], [ -73.755771209999978, 40.723640216000113 ], [ -73.752334383999795, 40.720262461000125 ], [ -73.757256714999855, 40.71813860200011 ], [ -73.758327286999972, 40.719582089000035 ], [ -73.765714472, 40.716393379000088 ], [ -73.766640951999875, 40.717646614000074 ], [ -73.773571351999962, 40.715120095000039 ], [ -73.786575286999849, 40.711972493000111 ], [ -73.789283350999966, 40.712031729000167 ], [ -73.793038000999886, 40.710711075000084 ], [ -73.793585702999977, 40.714128678000073 ], [ -73.792013765999968, 40.717967687000147 ], [ -73.790732488999822, 40.719208757000075 ], [ -73.790302673999989, 40.720891465000086 ], [ -73.790451493000035, 40.723554532000044 ], [ -73.791744726999923, 40.72578885000015 ], [ -73.777575068999866, 40.730193273000069 ], [ -73.775233871999802, 40.725237533000076 ], [ -73.778037659999796, 40.723284269000054 ], [ -73.777325628999975, 40.722392701000125 ] ] ] } },
{ "type": "Feature", "properties": { "LocationID": 132, "zone": "JFK Airport", "borough": "Queens", "venues": 0, "cohort": "Low" }, "geometry": { "type": "MultiPolygon", "coordinates": [ [ [ [ -73.747130199191872, 40.637216861347461 ], [ -73.746999851191333, 40.637127027880283 ], [ -73.747157816145688, 40.637060524028556 ], [ -73.747130199191872, 40.637216861347461 ] ] ], [ [ [ -73.746943206190991, 40.637529202088686 ], [ -73.747043163421523, 40.637566426459436 ], [ -73.746937216180115, 40.637556101860255 ], [ -73.746943206190991, 40.637529202088686 ] ] ], [ [ [ -73.746610404728571, 40.638724973885736 ], [ -73.746643028173054, 40.63866224980729 ], [ -73.746669358640375, 40.638706040636166 ], [ -73.746610404728571, 40.638724973885736 ] ] ], [ [ [ -73.827897587999971, 40.663906307000111 ], [ -73.814969224999857, 40.662472668000085 ], [ -73.811766948999932, 40.662934535000097 ], [ -73.808450160999897, 40.664461301000152 ], [ -73.800728892, 40.665269377000065 ], [ -73.784814554999926, 40.66349858200013 ], [ -73.780755286, 40.662406602000111 ], [ -73.774189235999927, 40.659860524000109 ], [ -73.754110866999881, 40.648697665000107 ], [ -73.755223868999948, 40.647444469000085 ], [ -73.753401895071647, 40.646807461209484 ], [ -73.753761463613742, 40.646686322658198 ], [ -73.749076312912194, 40.643632870051825 ], [ -73.747424620562086, 40.641376468013902 ], [ -73.748603243798613, 40.635457326293356 ], [ -73.76308661984865, 40.629660374819231 ], [ -73.765007755479701, 40.629413987849823 ], [ -73.764746404386017, 40.6291649519057 ], [ -73.766398005331823, 40.62835121586815 ], [ -73.766999597179904, 40.62752836441588 ], [ -73.768782363168313, 40.624322796087959 ], [ -73.768694429186198, 40.62266565889788 ], [ -73.77077016777163, 40.620031182155181 ], [ -73.771603771915423, 40.620343247900024 ], [ -73.771716994236485, 40.62096167889915 ], [ -73.770820697039738, 40.623282997972559 ], [ -73.771555104825651, 40.623362218098428 ], [ -73.775197641758126, 40.626831447195229 ], [ -73.777040800842457, 40.627666469768613 ], [ -73.778806664165714, 40.62749492308167 ], [ -73.779994207817566, 40.626689298035537 ], [ -73.784194832989257, 40.62089266995531 ], [ -73.789496532244115, 40.622746646108133 ], [ -73.783465583876023, 40.628118140878762 ], [ -73.782645434178065, 40.630247968544573 ], [ -73.785702937202231, 40.632094989240564 ], [ -73.786906666922434, 40.632261900864684 ], [ -73.789485194982561, 40.634282143176002 ], [ -73.790769560111386, 40.633863748957168 ], [ -73.79222318018806, 40.635890088140187 ], [ -73.799233145931098, 40.638431752111678 ], [ -73.812033069866729, 40.644305482880931 ], [ -73.818306078197352, 40.646386983037239 ], [ -73.821825136248805, 40.6498997958751 ], [ -73.823483811107465, 40.655369912718818 ], [ -73.822279960404344, 40.659425007931375 ], [ -73.821691394394108, 40.660035086743285 ], [ -73.818695315586794, 40.661105051055443 ], [ -73.812621255176836, 40.660157049898601 ], [ -73.811434550442428, 40.660252885947756 ], [ -73.81143921922407, 40.660745626068156 ], [ -73.818671892888943, 40.662132987254473 ], [ -73.823383243513064, 40.660205747025408 ], [ -73.824980703785528, 40.655431971183866 ], [ -73.822907177008901, 40.648093446004935 ], [ -73.824663635409578, 40.649724875093519 ], [ -73.82499846516194, 40.649376930883072 ], [ -73.825487708148572, 40.649892156941654 ], [ -73.825859620933002, 40.649475601604678 ], [ -73.826144830596689, 40.650081840942718 ], [ -73.826392428222405, 40.648324348808003 ], [ -73.828599423999847, 40.657196973000083 ], [ -73.832705339, 40.665405773000067 ], [ -73.827897587999971, 40.663906307000111 ] ] ] ] } },
{ "type": "Feature", "properties": { "LocationID": 133, "zone": "Kensington", "borough": "Brooklyn", "venues": 0, "cohort": "Low" }, "geometry": { "type": "Polygon", "coordinates": [ [ [ -73.978190743999917, 40.647525992000119 ], [ -73.977773806000016, 40.64534187700017 ], [ -73.974827418000018, 40.645663421000123 ], [ -73.974642245, 40.644813219000099 ], [ -73.970841137999841, 40.646378571000092 ], [ -73.968038684999854, 40.636650985000131 ], [ -73.970290361999915, 40.636406341000097 ], [ -73.96986869299991, 40.634194675000103 ], [ -73.976049356999937, 40.63127590600007 ], [ -73.976888611999897, 40.635674862000101 ], [ -73.979111886999931, 40.635440386000099 ], [ -73.980420578999883, 40.642385227000098 ], [ -73.982994191999921, 40.641324997000069 ], [ -73.988349866999911, 40.64456224400012 ], [ -73.981805338999962, 40.647127799000046 ], [ -73.978190743999917, 40.647525992000119 ] ] ] } },
{ "type": "Feature", "properties": { "LocationID": 134, "zone": "Kew Gardens", "borough": "Queens", "venues": 2, "cohort": "Low" }, "geometry": { "type": "Polygon", "coordinates": [ [ [ -73.822885295999953, 40.711928058000126 ], [ -73.820231450999898, 40.709457503000102 ], [ -73.816378244999925, 40.702451964000062 ], [ -73.822458903999944, 40.703655531000081 ], [ -73.831521095999989, 40.701389629000154 ], [ -73.832132041999941, 40.702794081000114 ], [ -73.833917096999883, 40.702347367000151 ], [ -73.834602449999963, 40.703927467000085 ], [ -73.836618821999892, 40.703420018000088 ], [ -73.838095846999892, 40.706164581000124 ], [ -73.837147029999969, 40.707957046000082 ], [ -73.843146252999816, 40.709223456000153 ], [ -73.836005107999867, 40.711729671000072 ], [ -73.831298178999816, 40.714264133000064 ], [ -73.825919451999923, 40.715989876000123 ], [ -73.822885295999953, 40.711928058000126 ] ] ] } },
{ "type": "Feature", "properties": { "LocationID": 135, "zone": "Kew Gardens Hills", "borough": "Queens", "venues": 0, "cohort": "Low" }, "geometry": { "type": "Polygon", "coordinates": [ [ [ -73.83113122799989, 40.742338000000139 ], [ -73.831430255000043, 40.739135733000154 ], [ -73.830535512999944, 40.737520195000087 ], [ -73.829467519999895, 40.737024483000091 ], [ -73.82809152599998, 40.737083175000151 ], [ -73.827943602999895, 40.738489982000061 ], [ -73.824350110999902, 40.739753606000114 ], [ -73.816932838000014, 40.738389510000125 ], [ -73.816076767999803, 40.738857934000144 ], [ -73.814972082999958, 40.738560716000073 ], [ -73.815100240999854, 40.728543423000119 ], [ -73.810744265999858, 40.72626511300011 ], [ -73.811117972999881, 40.727816416000145 ], [ -73.807170422999931, 40.728269133000083 ], [ -73.806521423999953, 40.724873064000093 ], [ -73.804879582999817, 40.725049593000065 ], [ -73.804526801999813, 40.721462546000083 ], [ -73.809040326999835, 40.719911605000092 ], [ -73.807809276999961, 40.715853896000112 ], [ -73.817204178999859, 40.715840728000131 ], [ -73.82018883899984, 40.71673522400004 ], [ -73.817329447999967, 40.717660457000122 ], [ -73.825316449999931, 40.71727570000013 ], [ -73.825567656999908, 40.719721015000118 ], [ -73.8273090039999, 40.724646077000095 ], [ -73.830732145999875, 40.726549328000118 ], [ -73.833862671999867, 40.730553189000076 ], [ -73.834003687999854, 40.7315677100001 ], [ -73.836356250999984, 40.735008592000057 ], [ -73.835645855999985, 40.738491011000058 ], [ -73.836694587999858, 40.739541254000173 ], [ -73.836990373999953, 40.742093301000118 ], [ -73.836099891999893, 40.742429069000096 ], [ -73.835861318999889, 40.743227985000118 ], [ -73.83113122799989, 40.742338000000139 ] ] ] } },
{ "type": "Feature", "properties": { "LocationID": 136, "zone": "Kingsbridge Heights", "borough": "Bronx", "venues": 0, "cohort": "Low" }, "geometry": { "type": "Polygon", "coordinates": [ [ [ -73.903186674999986, 40.86914899100006 ], [ -73.899424361999877, 40.867880838000133 ], [ -73.899603003999857, 40.868728208000121 ], [ -73.89891854299988, 40.869658574000105 ], [ -73.89656060599998, 40.868565200000127 ], [ -73.902544793999979, 40.860578255000071 ], [ -73.903513905000025, 40.860917510000029 ], [ -73.904868471999933, 40.858693225000088 ], [ -73.907773205999845, 40.859607538000041 ], [ -73.909761658999884, 40.857182612000088 ], [ -73.910567992999887, 40.858620593000147 ], [ -73.91328437100006, 40.859618601000115 ], [ -73.910509608999945, 40.860891270000081 ], [ -73.909088224999877, 40.862399696000089 ], [ -73.909039508999896, 40.86267886400011 ], [ -73.910755957999868, 40.861651484000092 ], [ -73.91422823999919, 40.862490790359836 ], [ -73.913414621936454, 40.863367493700906 ], [ -73.912762719954614, 40.863029174157774 ], [ -73.91227278976973, 40.863632148996899 ], [ -73.912797621289343, 40.863898875433023 ], [ -73.910442827478647, 40.866527868552019 ], [ -73.908649431775672, 40.871385783803561 ], [ -73.908932352207827, 40.872157347985436 ], [ -73.907464896999954, 40.873547354000024 ], [ -73.904520704999925, 40.872495211000079 ], [ -73.904420030999972, 40.870361276000061 ], [ -73.903186674999986, 40.86914899100006 ] ] ] } },
{ "type": "Feature", "properties": { "LocationID": 137, "zone": "Kips Bay", "borough": "Manhattan", "venues": 0, "cohort": "Low" }, "geometry": { "type": "Polygon", "coordinates": [ [ [ -73.971679212004062, 40.743054464030088 ], [ -73.972657438030438, 40.739222754277151 ], [ -73.972489941747412, 40.73580328010781 ], [ -73.974466470472819, 40.736278456830085 ], [ -73.974464612073092, 40.735668172664766 ], [ -73.973056987120529, 40.73517745341573 ], [ -73.972763083803486, 40.73550508747374 ], [ -73.972945207586775, 40.73506517007133 ], [ -73.973544728919705, 40.734944326550917 ], [ -73.978498455999954, 40.736790957000075 ], [ -73.97805226499996, 40.737553954000099 ], [ -73.982664974999892, 40.73949733300006 ], [ -73.978123781999827, 40.745727173000077 ], [ -73.971679212004062, 40.743054464030088 ] ] ] } },
{ "type": "Feature", "properties": { "LocationID": 138, "zone": "LaGuardia Airport", "borough": "Queens", "venues": 0, "cohort": "Low" }, "geometry": { "type": "MultiPolygon", "coordinates": [ [ [ [ -73.869780811926375, 40.785337933326012 ], [ -73.869181134688787, 40.785943489785097 ], [ -73.869870074343467, 40.785085907068314 ], [ -73.869437516570926, 40.78363839981391 ], [ -73.868607160269093, 40.783800141254289 ], [ -73.8684857461148, 40.783676323268274 ], [ -73.869423447954262, 40.783591314917885 ], [ -73.872557326737265, 40.780821121542758 ], [ -73.855051062718189, 40.772195389989278 ], [ -73.856458073493684, 40.770320861199025 ], [ -73.858205110502098, 40.770323456477357 ], [ -73.856245657461727, 40.768885714199115 ], [ -73.857047902622341, 40.769139555949074 ], [ -73.859375104297783, 40.767075328942902 ], [ -73.860855359445907, 40.766932118089407 ], [ -73.861102771522809, 40.767271942529995 ], [ -73.862688641766297, 40.76687591050505 ], [ -73.860433378098008, 40.763868882437954 ], [ -73.861097243999893, 40.763664477000113 ], [ -73.863402149, 40.766455512000086 ], [ -73.867281937999977, 40.769650003000081 ], [ -73.86962970499988, 40.771006366000115 ], [ -73.872235776999844, 40.771695659000123 ], [ -73.877433397999923, 40.771200255000124 ], [ -73.883565935999897, 40.768180445000091 ], [ -73.887706617999854, 40.766838598000135 ], [ -73.888725512999798, 40.768916239000141 ], [ -73.88945486901865, 40.773532951063757 ], [ -73.885807622866523, 40.77402222447558 ], [ -73.885833615613819, 40.774109240440104 ], [ -73.885669476579253, 40.774126056084008 ], [ -73.885670076650356, 40.774433071217004 ], [ -73.885632310353699, 40.77409707478877 ], [ -73.885784736976689, 40.774024712164739 ], [ -73.883916279637972, 40.774132606591706 ], [ -73.884837423910511, 40.774952980745894 ], [ -73.884287377121282, 40.775472056166137 ], [ -73.885250269865921, 40.778612901742598 ], [ -73.884934663811833, 40.779936912807131 ], [ -73.879606924328542, 40.780850313065471 ], [ -73.878705625188744, 40.780585909950226 ], [ -73.87930868295156, 40.781853658332537 ], [ -73.878858374855994, 40.782398178681376 ], [ -73.879747778535631, 40.782836564207194 ], [ -73.879701636722601, 40.782882818072551 ], [ -73.878831467817335, 40.78243071449463 ], [ -73.878339232980537, 40.783025920749608 ], [ -73.8751575489337, 40.781509449653463 ], [ -73.871248562425095, 40.786038151255205 ], [ -73.869780811926375, 40.785337933326012 ] ] ], [ [ [ -73.891832449022459, 40.774880199944505 ], [ -73.891120443394627, 40.777124699736277 ], [ -73.890173695085764, 40.777850812778041 ], [ -73.889471053997497, 40.775535550967369 ], [ -73.890341959999958, 40.773237605000162 ], [ -73.891832449022459, 40.774880199944505 ] ] ], [ [ [ -73.872884969918204, 40.785962633108134 ], [ -73.872774059405401, 40.785941921459013 ], [ -73.872809200161157, 40.785903109100175 ], [ -73.872884969918204, 40.785962633108134 ] ] ] ] } },
{ "type": "Feature", "properties": { "LocationID": 139, "zone": "Laurelton", "borough": "Queens", "venues": 0, "cohort": "Low" }, "geometry": { "type": "Polygon", "coordinates": [ [ [ -73.747551754, 40.689347337000129 ], [ -73.727182724999949, 40.683597330000083 ], [ -73.728301807999856, 40.681484975000153 ], [ -73.733032233999893, 40.67649502600009 ], [ -73.737757943999853, 40.67005754700012 ], [ -73.741178172999909, 40.666402954000077 ], [ -73.757631295999914, 40.666451157000118 ], [ -73.756437343999806, 40.669666379000098 ], [ -73.756362393000018, 40.672429237000216 ], [ -73.758571988999861, 40.672637331000054 ], [ -73.760314639999933, 40.675109971000047 ], [ -73.756918817, 40.676528871000123 ], [ -73.75576169199995, 40.675885909000066 ], [ -73.750089910999975, 40.685923446000139 ], [ -73.747551754, 40.689347337000129 ] ] ] } },
{ "type": "Feature", "properties": { "LocationID": 140, "zone": "Lenox Hill East", "borough": "Manhattan", "venues": 0, "cohort": "Low" }, "geometry": { "type": "Polygon", "coordinates": [ [ [ -73.954418260785999, 40.762184104951302 ], [ -73.958777908113348, 40.758270920924559 ], [ -73.961965736999971, 40.75961946100005 ], [ -73.952685149999937, 40.772339405000125 ], [ -73.947489754781714, 40.770115154009737 ], [ -73.954418260785999, 40.762184104951302 ] ] ] } },
{ "type": "Feature", "properties": { "LocationID": 141, "zone": "Lenox Hill West", "borough": "Manhattan", "venues": 0, "cohort": "Low" }, "geometry": { "type": "Polygon", "coordinates": [ [ [ -73.952685149999937, 40.772339405000125 ], [ -73.961965736999957, 40.759619460000138 ], [ -73.966583383999904, 40.761550935000066 ], [ -73.957294099999856, 40.774283555000096 ], [ -73.952685149999937, 40.772339405000125 ] ] ] } },
{ "type": "Feature", "properties": { "LocationID": 142, "zone": "Lincoln Square East", "borough": "Manhattan", "venues": 2, "cohort": "Low" }, "geometry": { "type": "Polygon", "coordinates": [ [ [ -73.981478987999893, 40.767725059000114 ], [ -73.982365451, 40.76739215300011 ], [ -73.98806289599996, 40.769790800000109 ], [ -73.980673654, 40.779925182000113 ], [ -73.974997440000053, 40.777532546000096 ], [ -73.981648045999947, 40.768436322000134 ], [ -73.981478987999893, 40.767725059000114 ] ] ] } },
{ "type": "Feature", "properties": { "LocationID": 143, "zone": "Lincoln Square West", "borough": "Manhattan", "venues": 0, "cohort": "Low" }, "geometry": { "type": "Polygon", "coordinates": [ [ [ -73.985071842999886, 40.781779681000131 ], [ -73.980673654, 40.779925182000113 ], [ -73.98806289599996, 40.769790800000109 ], [ -73.99387445099994, 40.772238168000143 ], [ -73.993502621999895, 40.772751633000091 ], [ -73.996240651949222, 40.773789791199064 ], [ -73.99609524511304, 40.774086186218994 ], [ -73.993935876811264, 40.773179512586289 ], [ -73.988868617399916, 40.7796929229116 ], [ -73.99155105922739, 40.779574821437578 ], [ -73.988886144117018, 40.779878898532949 ], [ -73.988127461843305, 40.781401796723813 ], [ -73.985679360999967, 40.780312633000165 ], [ -73.985071842999886, 40.781779681000131 ] ] ] } },
{ "type": "Feature", "properties": { "LocationID": 144, "zone": "Little Italy/NoLiTa", "borough": "Manhattan", "venues": 0, "cohort": "Low" }, "geometry": { "type": "Polygon", "coordinates": [ [ [ -73.992603222999875, 40.724136450000138 ], [ -73.996058726999976, 40.716231640000089 ], [ -73.998589255999775, 40.717099512000097 ], [ -74.001884062999935, 40.719397571000101 ], [ -73.996771757999895, 40.7254319440001 ], [ -73.992603222999875, 40.724136450000138 ] ] ] } },
{ "type": "Feature", "properties": { "LocationID": 145, "zone": "Long Island City/Hunters Point", "borough": "Queens", "venues": 2, "cohort": "Low" }, "geometry": { "type": "Polygon", "coordinates": [ [ [ -73.950807638091561, 40.755263680057283 ], [ -73.938118216999897, 40.749792645000113 ], [ -73.936636818999816, 40.748204094000073 ], [ -73.940326961000068, 40.745413143000142 ], [ -73.943427428999868, 40.74423117200012 ], [ -73.944195615999831, 40.742882146000106 ], [ -73.937261106999927, 40.745176491000095 ], [ -73.93869664499978, 40.738140817000065 ], [ -73.94140886345744, 40.739299570853369 ], [ -73.939108741381162, 40.742617035176941 ], [ -73.938669917531854, 40.742534082025053 ], [ -73.938587869767645, 40.742930882687688 ], [ -73.940019229756601, 40.743208272210929 ], [ -73.939653015213779, 40.742731087095862 ], [ -73.941594700300328, 40.739864126169167 ], [ -73.945482365901114, 40.738207031293904 ], [ -73.947150871811758, 40.737900123344929 ], [ -73.953808839208392, 40.739820292978045 ], [ -73.95741470766005, 40.739556582011829 ], [ -73.960725803736807, 40.738080170179337 ], [ -73.962166113739698, 40.738273064471969 ], [ -73.962620855886144, 40.739004936533348 ], [ -73.962209164958637, 40.740006175249228 ], [ -73.961293399232574, 40.740432799368122 ], [ -73.961909302176693, 40.740867833244138 ], [ -73.96110494965113, 40.741384571551883 ], [ -73.96155253168952, 40.741993261407451 ], [ -73.960610221031587, 40.743431381343562 ], [ -73.959719815290157, 40.743693045465434 ], [ -73.960648637007111, 40.744130317614264 ], [ -73.959632250239522, 40.74393463191435 ], [ -73.959391066095506, 40.744283324744067 ], [ -73.959728552286393, 40.744272115619559 ], [ -73.960155255176858, 40.744368782605747 ], [ -73.960126009623863, 40.744443936991644 ], [ -73.958775370044805, 40.744555599863595 ], [ -73.959462047479647, 40.744660891772234 ], [ -73.958763725152366, 40.744592619164088 ], [ -73.958640966762644, 40.744948314955167 ], [ -73.959652297559771, 40.745216588173612 ], [ -73.958493893031147, 40.744987864916432 ], [ -73.959324202500838, 40.745543322696847 ], [ -73.958398614811543, 40.745719419445578 ], [ -73.958994271605363, 40.74606464643535 ], [ -73.956794532904894, 40.748839516955783 ], [ -73.95318382492853, 40.74773481196118 ], [ -73.953053755714009, 40.748087487229469 ], [ -73.956485687946596, 40.749111690155999 ], [ -73.955760391409441, 40.74959665953039 ], [ -73.956119320843783, 40.749757837856343 ], [ -73.955464369364122, 40.749674213082784 ], [ -73.955349285144365, 40.750013856904211 ], [ -73.955066525601552, 40.749632730375545 ], [ -73.953993535265724, 40.751786195519252 ], [ -73.950807638091561, 40.755263680057283 ] ] ] } },
{ "type": "Feature", "properties": { "LocationID": 146, "zone": "Long Island City/Queens Plaza", "borough": "Queens", "venues": 0, "cohort": "Low" }, "geometry": { "type": "Polygon", "coordinates": [ [ [ -73.933832693999932, 40.751604702000101 ], [ -73.937396537999916, 40.74891644000008 ], [ -73.938118216999897, 40.749792645000113 ], [ -73.944052652, 40.752313260000108 ], [ -73.936790916999925, 40.759882881000109 ], [ -73.924156999999852, 40.75396114200003 ], [ -73.925627437999893, 40.752137244000096 ], [ -73.933832693999932, 40.751604702000101 ] ] ] } },
{ "type": "Feature", "properties": { "LocationID": 147, "zone": "Longwood", "borough": "Bronx", "venues": 0, "cohort": "Low" }, "geometry": { "type": "Polygon", "coordinates": [ [ [ -73.895485227999956, 40.828248541000136 ], [ -73.894870885000017, 40.823937272000101 ], [ -73.893200049999962, 40.824008183000132 ], [ -73.895860195999816, 40.822631046000055 ], [ -73.895881358999901, 40.820992575000069 ], [ -73.892901561999878, 40.820811223000092 ], [ -73.897044666999903, 40.816801860000091 ], [ -73.895428587999859, 40.815844672000118 ], [ -73.903074572, 40.809880612000065 ], [ -73.903417203999879, 40.811506883000099 ], [ -73.904465514999899, 40.812281960000149 ], [ -73.900611410999886, 40.822108808000088 ], [ -73.901987585999933, 40.822440423000103 ], [ -73.900505404999919, 40.826007622000134 ], [ -73.901648955999931, 40.826256978000124 ], [ -73.900935106999967, 40.827928102000115 ], [ -73.899797567999926, 40.827684354000105 ], [ -73.895485227999956, 40.828248541000136 ] ] ] } },
{ "type": "Feature", "properties": { "LocationID": 148, "zone": "Lower East Side", "borough": "Manhattan", "venues": 0, "cohort": "Low" }, "geometry": { "type": "Polygon", "coordinates": [ [ [ -73.983823872999807, 40.721472872000078 ], [ -73.985073423, 40.719083294000086 ], [ -73.98675136699994, 40.719592846000168 ], [ -73.988366262999875, 40.716445702000108 ], [ -73.989154637999789, 40.716708647000075 ], [ -73.990220126999887, 40.714404940000101 ], [ -73.997504452999877, 40.714069132000148 ], [ -73.994807789999982, 40.718457426000072 ], [ -73.992603221999943, 40.724136450000088 ], [ -73.983823872999807, 40.721472872000078 ] ] ] } },
{ "type": "Feature", "properties": { "LocationID": 149, "zone": "Madison", "borough": "Brooklyn", "venues": 0, "cohort": "Low" }, "geometry": { "type": "Polygon", "coordinates": [ [ [ -73.944827709999799, 40.616046209000068 ], [ -73.94354698, 40.609346555000116 ], [ -73.94231175899985, 40.608268197000079 ], [ -73.939347033999965, 40.610187141000083 ], [ -73.937537493999869, 40.608557390000044 ], [ -73.939726138999916, 40.607132915000143 ], [ -73.934262666999942, 40.602230711000082 ], [ -73.935032745999962, 40.601733790000054 ], [ -73.934471588999983, 40.601231512000112 ], [ -73.942889540999843, 40.600318650000141 ], [ -73.942484732999915, 40.598200365000046 ], [ -73.956927197, 40.596612076000049 ], [ -73.957757459999868, 40.60098588900015 ], [ -73.95683001699993, 40.601087349000167 ], [ -73.958592784999865, 40.610403031000082 ], [ -73.949783804999953, 40.611371750000075 ], [ -73.950265148999932, 40.613924352000019 ], [ -73.947426087999929, 40.614224601000096 ], [ -73.944827709999799, 40.616046209000068 ] ] ] } },
{ "type": "Feature", "properties": { "LocationID": 150, "zone": "Manhattan Beach", "borough": "Brooklyn", "venues": 0, "cohort": "Low" }, "geometry": { "type": "Polygon", "coordinates": [ [ [ -73.930190778999901, 40.585085593000088 ], [ -73.930096162999902, 40.584502076000078 ], [ -73.932042449999898, 40.584233960000098 ], [ -73.931928111867506, 40.582869768935396 ], [ -73.93612717900335, 40.58331433315869 ], [ -73.93609668691353, 40.582948745833058 ], [ -73.93657592440762, 40.583240505590112 ], [ -73.936974274637734, 40.583230326411488 ], [ -73.936633074224915, 40.582972211904284 ], [ -73.937059216774671, 40.582977982320372 ], [ -73.937052904510253, 40.583084699478299 ], [ -73.937632697432903, 40.583096268284237 ], [ -73.937026755887132, 40.583125872599489 ], [ -73.937005584082556, 40.5830160194716 ], [ -73.937014810211849, 40.583233272364168 ], [ -73.937124597984408, 40.583346730164358 ], [ -73.941025179186738, 40.583070361906316 ], [ -73.941574080835593, 40.583607555939516 ], [ -73.942551335652837, 40.583514476171025 ], [ -73.942020333527452, 40.583110423782671 ], [ -73.942701677629771, 40.58350879761425 ], [ -73.942563161909774, 40.58312734751663 ], [ -73.943195061580198, 40.583489662633433 ], [ -73.943093347814624, 40.583134545214605 ], [ -73.945174777816149, 40.58352137824437 ], [ -73.944845129408364, 40.583164235346317 ], [ -73.946286346918626, 40.583568685708151 ], [ -73.945799412588698, 40.58319464023041 ], [ -73.946434290593359, 40.583563152592667 ], [ -73.946316036487431, 40.583206940210879 ], [ -73.946917962761006, 40.583546033249931 ], [ -73.946822029471903, 40.583191191871329 ], [ -73.947468678613191, 40.583528195362597 ], [ -73.953493220486749, 40.582988198261162 ], [ -73.953301359956725, 40.582002749633631 ], [ -73.949696724994098, 40.582319401066847 ], [ -73.942740625924927, 40.580995589559443 ], [ -73.932580065680298, 40.581264741203618 ], [ -73.931060281079965, 40.576265920097079 ], [ -73.931502567440418, 40.575660505126955 ], [ -73.934882638023154, 40.575578121791175 ], [ -73.934936179528933, 40.5752689790869 ], [ -73.936231679051019, 40.575850406100024 ], [ -73.93670752538155, 40.575418427292142 ], [ -73.942509078284331, 40.575373554532014 ], [ -73.944279114277265, 40.575800511700251 ], [ -73.944607308351479, 40.575233834609421 ], [ -73.945723520139907, 40.575559439765129 ], [ -73.945923902358444, 40.575115432309588 ], [ -73.952358467213315, 40.574274685845417 ], [ -73.95414287899986, 40.583106140000119 ], [ -73.956457290999822, 40.582658851000112 ], [ -73.9571329139998, 40.583045726000151 ], [ -73.959007399999919, 40.582838128000112 ], [ -73.960047986999953, 40.583269872000159 ], [ -73.960258258999957, 40.585029308000131 ], [ -73.953878607000036, 40.585721246000119 ], [ -73.953573660999922, 40.585309187000107 ], [ -73.951238657000033, 40.584924633000107 ], [ -73.948662305999974, 40.584893856000122 ], [ -73.9344471859999, 40.586652075000146 ], [ -73.931457273000021, 40.586101272000178 ], [ -73.931269449999974, 40.585436393000137 ], [ -73.930190778999901, 40.585085593000088 ] ] ] } },
{ "type": "Feature", "properties": { "LocationID": 151, "zone": "Manhattan Valley", "borough": "Manhattan", "venues": 2, "cohort": "Low" }, "geometry": { "type": "Polygon", "coordinates": [ [ [ -73.960044565, 40.798041235000099 ], [ -73.964175985999887, 40.792362045000083 ], [ -73.965259972999988, 40.792801371000074 ], [ -73.969870632999957, 40.79473520500008 ], [ -73.969415438999988, 40.795360779000148 ], [ -73.976399519152793, 40.798273210346444 ], [ -73.972871790907263, 40.803356187574103 ], [ -73.960044565, 40.798041235000099 ] ] ] } },
{ "type": "Feature", "properties": { "LocationID": 152, "zone": "Manhattanville", "borough": "Manhattan", "venues": 0, "cohort": "Low" }, "geometry": { "type": "Polygon", "coordinates": [ [ [ -73.956340103999821, 40.823092328000079 ], [ -73.950828800000025, 40.820827937000061 ], [ -73.94992194399984, 40.82207231400011 ], [ -73.948540297999827, 40.821487623000095 ], [ -73.948082897999825, 40.82210802200013 ], [ -73.946078287000049, 40.821263216000091 ], [ -73.949199600999847, 40.814720854000058 ], [ -73.952101251999906, 40.811442854000141 ], [ -73.954080583999868, 40.812280113000071 ], [ -73.955706901000028, 40.814143960000145 ], [ -73.956269579999869, 40.813375023000063 ], [ -73.95949328899988, 40.8170074740001 ], [ -73.962031057979686, 40.818086330741068 ], [ -73.958818922339972, 40.821518524846901 ], [ -73.959000182898819, 40.822409728374545 ], [ -73.959909994443976, 40.822571119822179 ], [ -73.95960332460271, 40.822994686783545 ], [ -73.958926147183078, 40.822711755441588 ], [ -73.958527315242421, 40.821843756652363 ], [ -73.957939049091166, 40.822774353547494 ], [ -73.959508979695897, 40.823595788951607 ], [ -73.956340103999821, 40.823092328000079 ] ] ] } },
{ "type": "Feature", "properties": { "LocationID": 153, "zone": "Marble Hill", "borough": "Manhattan", "venues": 0, "cohort": "Low" }, "geometry": { "type": "Polygon", "coordinates": [ [ [ -73.906665309999951, 40.875715609000096 ], [ -73.907742707999802, 40.872845952000084 ], [ -73.908932352207827, 40.872157347985436 ], [ -73.910921180047993, 40.874146396020173 ], [ -73.915786093200836, 40.875717182480521 ], [ -73.91205829999997, 40.878119320000096 ], [ -73.911489131999843, 40.879018859000105 ], [ -73.910331935999977, 40.879038047000073 ], [ -73.907037488999975, 40.876895161000135 ], [ -73.906665309999951, 40.875715609000096 ] ] ] } },
{ "type": "Feature", "properties": { "LocationID": 154, "zone": "Marine Park/Floyd Bennett Field", "borough": "Brooklyn", "venues": 0, "cohort": "Low" }, "geometry": { "type": "MultiPolygon", "coordinates": [ [ [ [ -73.915097110647224, 40.586266583693408 ], [ -73.912821429524357, 40.585896830337262 ], [ -73.912421030694574, 40.583392784027474 ], [ -73.914631662753024, 40.58275763490559 ], [ -73.914986856805939, 40.583152840328708 ], [ -73.916141994732726, 40.582857437634075 ], [ -73.917298614107168, 40.583190801749694 ], [ -73.915412909008069, 40.582364073798963 ], [ -73.911910588603547, 40.58296337725281 ], [ -73.911286359838314, 40.582313586292592 ], [ -73.911541611716231, 40.581794027155887 ], [ -73.91505520170746, 40.581543607722736 ], [ -73.924436040949757, 40.58355820344444 ], [ -73.929632480748907, 40.583398808625716 ], [ -73.930948649866664, 40.582727356689709 ], [ -73.931846550189022, 40.582941055297525 ], [ -73.932042449999898, 40.584233960000098 ], [ -73.930096162999902, 40.584502076000078 ], [ -73.931399475999839, 40.586079895000083 ], [ -73.927120818999938, 40.584879357000091 ], [ -73.921012555237482, 40.584575018806333 ], [ -73.915097110647224, 40.586266583693408 ] ] ], [ [ [ -73.933513107000039, 40.6083434560001 ], [ -73.929868801999888, 40.605071341000148 ], [ -73.92624885099994, 40.607413522000101 ], [ -73.924441443999868, 40.605793569000134 ], [ -73.921584290999974, 40.607639085000066 ], [ -73.920658616999887, 40.606754543000179 ], [ -73.919709286999861, 40.607302163000092 ], [ -73.914428134622838, 40.60286391956344 ], [ -73.913640756673971, 40.602524181704517 ], [ -73.913470726490019, 40.602911690690149 ], [ -73.913498264136052, 40.60236697606797 ], [ -73.913017232418738, 40.60275424871778 ], [ -73.913314445937928, 40.602258448198512 ], [ -73.912738668623376, 40.602708677016658 ], [ -73.913096913068188, 40.602214453925754 ], [ -73.911584276893166, 40.60213548840359 ], [ -73.911578365567181, 40.602217871191364 ], [ -73.912309399772838, 40.602275084478116 ], [ -73.912541701824324, 40.602364439955579 ], [ -73.91154411182994, 40.6024393231041 ], [ -73.912610986765273, 40.602532006594004 ], [ -73.912572904075375, 40.602683300034869 ], [ -73.910865365857688, 40.602490483288655 ], [ -73.911519571943955, 40.602396868569492 ], [ -73.911542343691622, 40.602224540785876 ], [ -73.910928868825522, 40.602208943102632 ], [ -73.910939996399279, 40.602128474222695 ], [ -73.911555291408007, 40.602155464729954 ], [ -73.910758308465176, 40.602027500983624 ], [ -73.910751239722643, 40.602437299862736 ], [ -73.909036895305263, 40.602677343220378 ], [ -73.910711544570262, 40.602419493178495 ], [ -73.909409343046534, 40.60219076575553 ], [ -73.910731230132669, 40.602021376027793 ], [ -73.90894225138031, 40.60160704069888 ], [ -73.907678593302535, 40.602291666720191 ], [ -73.903934495086702, 40.602725102786628 ], [ -73.90332866108642, 40.602456303985782 ], [ -73.901430137612365, 40.603272677456182 ], [ -73.898807553233027, 40.603657090412646 ], [ -73.895309202854449, 40.60312108015561 ], [ -73.892196095557495, 40.603388483617167 ], [ -73.887644371040992, 40.605277047313756 ], [ -73.884775398104807, 40.605144844134387 ], [ -73.883980429530297, 40.605566519720917 ], [ -73.882693589249513, 40.604224970149389 ], [ -73.883294520200423, 40.602916104555973 ], [ -73.881627807338106, 40.599446482691214 ], [ -73.879907132589977, 40.592047994322606 ], [ -73.879408070135597, 40.592103406892498 ], [ -73.879899028519105, 40.59202063885224 ], [ -73.879714922280087, 40.591398891829229 ], [ -73.878968904387406, 40.590896773117763 ], [ -73.878787603576299, 40.588030461058594 ], [ -73.876716724820639, 40.584914430201088 ], [ -73.879702316640007, 40.58013510069835 ], [ -73.881742900220999, 40.579591700764844 ], [ -73.882069582036422, 40.57907397869679 ], [ -73.887348246504772, 40.578075224627298 ], [ -73.891184137590315, 40.577872112301044 ], [ -73.895523810071651, 40.576769818436539 ], [ -73.897087558908908, 40.579886959304154 ], [ -73.896555912419345, 40.583005018974866 ], [ -73.898135424775745, 40.585185655060009 ], [ -73.898305062270495, 40.586841185003614 ], [ -73.898915999088061, 40.58753743606124 ], [ -73.899733413051877, 40.587165212110079 ], [ -73.899034254205631, 40.587676171745997 ], [ -73.89981060525021, 40.588014457055785 ], [ -73.899906044604919, 40.587794089248391 ], [ -73.901217918831847, 40.587383340023322 ], [ -73.899952340706406, 40.588041598697089 ], [ -73.90071546045651, 40.588083995388537 ], [ -73.904268744471253, 40.586912262988747 ], [ -73.906518746637545, 40.588025473892749 ], [ -73.907125024063831, 40.58752970296252 ], [ -73.90643924223771, 40.587033856374894 ], [ -73.911481719900706, 40.586078718712507 ], [ -73.911972784317356, 40.586697357471515 ], [ -73.911485790056162, 40.591108753018702 ], [ -73.912042340156262, 40.594506954289052 ], [ -73.91513297459494, 40.598781115930493 ], [ -73.921516899819437, 40.601923654141288 ], [ -73.922674443742409, 40.601592236485217 ], [ -73.924003078546065, 40.599730145228179 ], [ -73.924570429327161, 40.599723602732567 ], [ -73.929506712027759, 40.602709233504505 ], [ -73.929252380993489, 40.603979067524442 ], [ -73.931003361430598, 40.603935804666754 ], [ -73.932123196461447, 40.602709739248937 ], [ -73.931089195284486, 40.60172225826431 ], [ -73.929649361734036, 40.60120445757898 ], [ -73.929226982597427, 40.600488108516259 ], [ -73.928592306000695, 40.600611615976483 ], [ -73.927202404004404, 40.599910080434412 ], [ -73.921775363243441, 40.595030926201353 ], [ -73.920321410523869, 40.594718846993288 ], [ -73.917956670352012, 40.592910465509796 ], [ -73.916559400401212, 40.591092587437821 ], [ -73.914540591211036, 40.589944229175622 ], [ -73.914344276717813, 40.588886889305236 ], [ -73.918190877999862, 40.586606855000163 ], [ -73.92956858299992, 40.596820265000133 ], [ -73.928131396999987, 40.597777928000063 ], [ -73.933551171999795, 40.602687281000094 ], [ -73.934262666999942, 40.602230711000082 ], [ -73.939726138999916, 40.607132915000143 ], [ -73.936046277, 40.609514869000172 ], [ -73.934231575999789, 40.607897715000099 ], [ -73.933513107000039, 40.6083434560001 ] ] ], [ [ [ -73.92084893682663, 40.599541397328629 ], [ -73.918658875980583, 40.599472428370873 ], [ -73.916263931083463, 40.598161137312921 ], [ -73.913075883696322, 40.594145200438845 ], [ -73.913008978601525, 40.592019154680081 ], [ -73.91524478304683, 40.591587508178691 ], [ -73.917875435580243, 40.594722181525128 ], [ -73.921822777318937, 40.597332932872732 ], [ -73.922130493533928, 40.598662596177498 ], [ -73.92084893682663, 40.599541397328629 ] ] ] ] } },
{ "type": "Feature", "properties": { "LocationID": 155, "zone": "Marine Park/Mill Basin", "borough": "Brooklyn", "venues": 0, "cohort": "Low" }, "geometry": { "type": "Polygon", "coordinates": [ [ [ -73.915354603014137, 40.629991695070885 ], [ -73.903855406614824, 40.624940198699868 ], [ -73.905445622426683, 40.625792780664177 ], [ -73.902546561126144, 40.624444239169748 ], [ -73.903270459440193, 40.62448418394122 ], [ -73.902832622232395, 40.624050994449647 ], [ -73.902415430502941, 40.624462907250248 ], [ -73.902287079322804, 40.624409853930409 ], [ -73.902841600591827, 40.623452737299985 ], [ -73.900941310859579, 40.622527914876621 ], [ -73.900719525404369, 40.621634920498764 ], [ -73.89811767568024, 40.621851562126622 ], [ -73.896441233468948, 40.621394756190341 ], [ -73.895613885019259, 40.6198012871508 ], [ -73.896643352252383, 40.617347713147623 ], [ -73.89586112894176, 40.614518137494976 ], [ -73.894275814081439, 40.613882643248317 ], [ -73.892499262495946, 40.613792312183946 ], [ -73.890954145646717, 40.612834047317236 ], [ -73.8914143047419, 40.612125447699675 ], [ -73.893932400721994, 40.611536596724378 ], [ -73.89394013317667, 40.611181426651449 ], [ -73.891893890864381, 40.611534671250077 ], [ -73.891077946326149, 40.612276861868708 ], [ -73.889715131838031, 40.611598996904291 ], [ -73.890217164462598, 40.61039725778847 ], [ -73.892267354589663, 40.609165273146814 ], [ -73.892729449992558, 40.607227192316657 ], [ -73.893346214200093, 40.606743446234844 ], [ -73.898338781177799, 40.605303659788184 ], [ -73.89986880363854, 40.605524640544203 ], [ -73.900876725100318, 40.606980121347455 ], [ -73.900156199365284, 40.610076438187129 ], [ -73.901349974006465, 40.611088615102155 ], [ -73.901333034586486, 40.611717882906198 ], [ -73.902487110433682, 40.61186185849192 ], [ -73.901192534654541, 40.61056381754684 ], [ -73.901329626593949, 40.610481043103469 ], [ -73.902650779467862, 40.61178062116435 ], [ -73.902360320962018, 40.61198041218281 ], [ -73.90271854260655, 40.611826025296125 ], [ -73.903043928124845, 40.612095214987384 ], [ -73.902422747175791, 40.612033560005003 ], [ -73.907172911498265, 40.616009875338669 ], [ -73.906738486664011, 40.616295919990307 ], [ -73.90725685565036, 40.616087581377045 ], [ -73.907105953990197, 40.61660986021441 ], [ -73.907527351321576, 40.616344432549049 ], [ -73.907813886033395, 40.617374067586034 ], [ -73.908790880176412, 40.617436396721629 ], [ -73.909071451539333, 40.617160438331986 ], [ -73.908354032146846, 40.616530998961714 ], [ -73.908794208191594, 40.61687295732488 ], [ -73.90913853186629, 40.616531621729258 ], [ -73.907973063905246, 40.615736844061374 ], [ -73.909176751053863, 40.616521946980356 ], [ -73.908957061287254, 40.616991484819508 ], [ -73.909597409103284, 40.616392669799531 ], [ -73.902258599662758, 40.610422772600124 ], [ -73.901776698099852, 40.605674686556021 ], [ -73.90524300992108, 40.604910090324623 ], [ -73.905974611778547, 40.606384028704511 ], [ -73.908110011675618, 40.606273265343205 ], [ -73.908639595354217, 40.606658722048074 ], [ -73.908033060978141, 40.605358602117427 ], [ -73.908403615745257, 40.605243297060063 ], [ -73.908885744221649, 40.606536518828555 ], [ -73.909851548454697, 40.605999722177899 ], [ -73.908325368351711, 40.604073373918808 ], [ -73.91092270021187, 40.603505476100857 ], [ -73.913651197595954, 40.603982513837153 ], [ -73.916735564861952, 40.606814561550344 ], [ -73.916322300175111, 40.608675662669185 ], [ -73.916783944327406, 40.608773884392384 ], [ -73.916570739834143, 40.609423539546114 ], [ -73.916839811187685, 40.608760014720687 ], [ -73.916509245359265, 40.608629754090202 ], [ -73.91708838503304, 40.608820854898717 ], [ -73.916164750377206, 40.610515575076306 ], [ -73.91449542205973, 40.611653223665087 ], [ -73.914934187904265, 40.613958155055116 ], [ -73.913860530606726, 40.614642269071076 ], [ -73.914280726633379, 40.614938816163175 ], [ -73.91642099003495, 40.613569354692906 ], [ -73.915914521106799, 40.613845376312483 ], [ -73.915725383033745, 40.613618030803835 ], [ -73.91576807356563, 40.613540333335997 ], [ -73.916247689595878, 40.613626100791393 ], [ -73.915745852302635, 40.613384860703221 ], [ -73.916395867458789, 40.613446834034917 ], [ -73.915870865363544, 40.612910037390755 ], [ -73.916628043711412, 40.6134435892656 ], [ -73.915731819271286, 40.61183084451401 ], [ -73.918110366790188, 40.61020839405829 ], [ -73.917866386269594, 40.609327233801039 ], [ -73.917678707572662, 40.609662864949101 ], [ -73.917962700830742, 40.608785937120523 ], [ -73.917874003087462, 40.609311327669069 ], [ -73.918556661205898, 40.60849830904364 ], [ -73.91800500501185, 40.608149778514829 ], [ -73.919007371473327, 40.608267254971345 ], [ -73.9181381488997, 40.60764538690794 ], [ -73.919023107653246, 40.608256868199625 ], [ -73.919353984841138, 40.608042922287858 ], [ -73.918252690929492, 40.607229350640722 ], [ -73.919503589189219, 40.607974903975396 ], [ -73.917949805506041, 40.606209252171219 ], [ -73.918527608999952, 40.606113367000049 ], [ -73.919709286999861, 40.607302163000092 ], [ -73.920658616999887, 40.606754543000179 ], [ -73.921584290999974, 40.607639085000066 ], [ -73.924441443999868, 40.605793569000134 ], [ -73.92624885099994, 40.607413522000101 ], [ -73.929868801999888, 40.605071341000148 ], [ -73.933513107000039, 40.6083434560001 ], [ -73.934231575999789, 40.607897715000099 ], [ -73.936046277, 40.609514869000172 ], [ -73.937537493999869, 40.608557390000044 ], [ -73.939347033999965, 40.610187141000083 ], [ -73.94231175899985, 40.608268197000079 ], [ -73.94354698, 40.609346555000116 ], [ -73.944827709999799, 40.616046209000068 ], [ -73.943469619000012, 40.617385001000116 ], [ -73.940789140999854, 40.617696790000053 ], [ -73.936866995999921, 40.620253281000117 ], [ -73.933204575999952, 40.616970442000103 ], [ -73.931731791999823, 40.617926921000077 ], [ -73.926296045999976, 40.613116799000117 ], [ -73.926400445999946, 40.614478535000082 ], [ -73.920624002999958, 40.614838682000098 ], [ -73.920526940999906, 40.613942695000063 ], [ -73.916903026999918, 40.61627422900014 ], [ -73.91860649599991, 40.632090415000079 ], [ -73.917160714927235, 40.631730125998644 ], [ -73.917319989464886, 40.63100715271824 ], [ -73.915354603014137, 40.629991695070885 ] ] ] } },
{ "type": "Feature", "properties": { "LocationID": 156, "zone": "Mariners Harbor", "borough": "Staten Island", "venues": 1, "cohort": "Low" }, "geometry": { "type": "MultiPolygon", "coordinates": [ [ [ [ -74.179884063614082, 40.645110240366712 ], [ -74.179729877520288, 40.644380702112045 ], [ -74.179202712919448, 40.645046927855596 ], [ -74.179074665838883, 40.644646507056713 ], [ -74.179587137214099, 40.641917683464236 ], [ -74.179187280675634, 40.642987539996668 ], [ -74.178256621460179, 40.642129227868395 ], [ -74.178341270119617, 40.64258947599599 ], [ -74.177211185709396, 40.643122778603285 ], [ -74.176704891511704, 40.642416911284137 ], [ -74.176357866175394, 40.642327220563089 ], [ -74.17666795538247, 40.643386844771818 ], [ -74.175602509544191, 40.643311298672657 ], [ -74.175684707425717, 40.644710284895254 ], [ -74.174365729436076, 40.645136258645614 ], [ -74.172941238916493, 40.644204522856064 ], [ -74.173001545856465, 40.64358540507979 ], [ -74.172361653865678, 40.643256267552033 ], [ -74.172721453051892, 40.64294849899678 ], [ -74.171335872818076, 40.642855765052211 ], [ -74.17186042582567, 40.642522928519043 ], [ -74.171587219237395, 40.641029593394677 ], [ -74.172023158524794, 40.640989215663062 ], [ -74.172938961753971, 40.640579552697595 ], [ -74.172987988003115, 40.64048910506645 ], [ -74.171569946854177, 40.641011532092932 ], [ -74.171373823505164, 40.642085015268279 ], [ -74.171050172398978, 40.642593819130113 ], [ -74.171192609512019, 40.641739626514145 ], [ -74.169064316288711, 40.642130016798795 ], [ -74.16653375792842, 40.641422637883885 ], [ -74.166099898960397, 40.642406587001361 ], [ -74.166318872924563, 40.641436675005075 ], [ -74.165801107558906, 40.641224511449629 ], [ -74.165443100823921, 40.642280546708768 ], [ -74.164941390411784, 40.642208999889505 ], [ -74.165190417582238, 40.640642305779558 ], [ -74.164734265367954, 40.64039146702509 ], [ -74.164571323667161, 40.641418661596077 ], [ -74.164168868136272, 40.639994110230511 ], [ -74.163862494203471, 40.641052797343932 ], [ -74.163944913668246, 40.639914606821364 ], [ -74.163454456819935, 40.639856560398421 ], [ -74.163228558441361, 40.640948510330162 ], [ -74.161675346942303, 40.640610784766992 ], [ -74.162284652520896, 40.638765652772527 ], [ -74.161818566122477, 40.63864627877782 ], [ -74.161449178267588, 40.639428336668544 ], [ -74.161660107069835, 40.638664993313476 ], [ -74.161240158151003, 40.63859501161641 ], [ -74.16090490770398, 40.639386140816264 ], [ -74.161081617589105, 40.638567768312711 ], [ -74.160348199931548, 40.638443726453659 ], [ -74.159864104650367, 40.639927823692908 ], [ -74.160234705303097, 40.638410316925082 ], [ -74.159856977678956, 40.638729202219629 ], [ -74.159227116229403, 40.637796119757176 ], [ -74.159009578874347, 40.638822577909963 ], [ -74.158932991606534, 40.638264017819218 ], [ -74.15789262953875, 40.637965051231333 ], [ -74.157733525723486, 40.638879035165566 ], [ -74.157773659370335, 40.637957160248824 ], [ -74.157187827825254, 40.637950805229138 ], [ -74.157101266907091, 40.639277718600383 ], [ -74.157070773055736, 40.637947135641113 ], [ -74.15569862053141, 40.637517938904288 ], [ -74.155492689343035, 40.63846677952661 ], [ -74.155586437589179, 40.637730775865556 ], [ -74.154829324618561, 40.637723855418983 ], [ -74.154692638645145, 40.639193968114427 ], [ -74.15459670163321, 40.63734334406918 ], [ -74.152797035114034, 40.637132754852722 ], [ -74.15229786175496, 40.638274288263759 ], [ -74.152046392332721, 40.637667215315659 ], [ -74.151195450071825, 40.637730788536338 ], [ -74.151248279665666, 40.639409342886097 ], [ -74.151129650904892, 40.638500680074145 ], [ -74.150556388420895, 40.638559330667483 ], [ -74.14945818220086, 40.637410320847273 ], [ -74.1488817554376, 40.638705207973459 ], [ -74.148558150921943, 40.637437837527393 ], [ -74.148777920058848, 40.638876251127911 ], [ -74.145192794815301, 40.639378497654882 ], [ -74.143861635958842, 40.638887962517032 ], [ -74.14312802471521, 40.639680373063996 ], [ -74.143599982999959, 40.638514126000103 ], [ -74.144782289999938, 40.637953780000117 ], [ -74.147526189999923, 40.629389288000077 ], [ -74.146222027999954, 40.629106957000111 ], [ -74.145935445999939, 40.627824115000173 ], [ -74.145540719999929, 40.627832522000155 ], [ -74.146503543999927, 40.624200101000092 ], [ -74.147728303999912, 40.622136619000145 ], [ -74.152311703999942, 40.617162756000084 ], [ -74.153791166999937, 40.612255612000098 ], [ -74.162354577999906, 40.618335638000168 ], [ -74.168080862999929, 40.6209362560001 ], [ -74.17459706299995, 40.622364011000087 ], [ -74.179937060999976, 40.626601297000093 ], [ -74.195559752797394, 40.635023986316739 ], [ -74.194422568549314, 40.636582106213346 ], [ -74.194623101451853, 40.637391183563864 ], [ -74.193583176948437, 40.637469116884894 ], [ -74.186524968976002, 40.643388662171638 ], [ -74.186232098096681, 40.643187396855467 ], [ -74.184835945808359, 40.644128266338917 ], [ -74.183650670640631, 40.64223964105085 ], [ -74.184026111920033, 40.643100408569886 ], [ -74.183242122794155, 40.642963678103165 ], [ -74.183667458720095, 40.644610485050279 ], [ -74.180872125132112, 40.644851429678511 ], [ -74.180040779492245, 40.644288140673886 ], [ -74.179884063614082, 40.645110240366712 ] ] ], [ [ [ -74.159748158742943, 40.641416525790426 ], [ -74.161112425221617, 40.6418354537375 ], [ -74.161460360026382, 40.64429496988258 ], [ -74.157987595203167, 40.643861788983237 ], [ -74.157433492009787, 40.643302857779183 ], [ -74.158810937452998, 40.641758634740469 ], [ -74.159748158742943, 40.641416525790426 ] ] ] ] } },
{ "type": "Feature", "properties": { "LocationID": 157, "zone": "Maspeth", "borough": "Queens", "venues": 0, "cohort": "Low" }, "geometry": { "type": "Polygon", "coordinates": [ [ [ -73.897832368999886, 40.735160354000101 ], [ -73.892555546999844, 40.734478126000134 ], [ -73.888522859999895, 40.734531160000117 ], [ -73.888059752, 40.730087230000102 ], [ -73.887559621999898, 40.730197056000094 ], [ -73.887235730999862, 40.728932965000148 ], [ -73.887077120999805, 40.724637702000116 ], [ -73.890303293999864, 40.72492388700006 ], [ -73.894264941999921, 40.723143189000062 ], [ -73.895697432999924, 40.72341258600013 ], [ -73.8958238069999, 40.723898822000173 ], [ -73.898352850999899, 40.723112290000117 ], [ -73.899031917999892, 40.723856960000056 ], [ -73.900105586999885, 40.723296241000114 ], [ -73.899816101999988, 40.721236900000093 ], [ -73.897397048999864, 40.721551210000086 ], [ -73.89736598399989, 40.720464383000078 ], [ -73.900092863999959, 40.720176853000126 ], [ -73.900626443999968, 40.719764054000102 ], [ -73.90033904299986, 40.718019948000077 ], [ -73.898347600999827, 40.719197678000093 ], [ -73.897267579, 40.718147157000054 ], [ -73.899018210999927, 40.717382127000114 ], [ -73.897502263999868, 40.716383868000115 ], [ -73.904772445999967, 40.712865800000039 ], [ -73.905375821999826, 40.712876581000046 ], [ -73.906390100999985, 40.717363692000099 ], [ -73.909659800999947, 40.717793155000109 ], [ -73.912830376999821, 40.715360907000154 ], [ -73.910158179, 40.713821600000124 ], [ -73.910778073999879, 40.713187600000055 ], [ -73.924040112999933, 40.714008313000107 ], [ -73.923683521525192, 40.714082841408342 ], [ -73.924122415754923, 40.715138048445354 ], [ -73.923525472510747, 40.715616608368038 ], [ -73.922329701676958, 40.716076545172605 ], [ -73.920642589405929, 40.715773192029033 ], [ -73.922327739784478, 40.716592644061272 ], [ -73.91132095099978, 40.719624230000157 ], [ -73.913848282999837, 40.722898412000085 ], [ -73.912571876999834, 40.723239635000084 ], [ -73.905180578999989, 40.728956577000154 ], [ -73.900416616999848, 40.734650588000122 ], [ -73.897832368999886, 40.735160354000101 ] ] ] } },
{ "type": "Feature", "properties": { "LocationID": 158, "zone": "Meatpacking/West Village West", "borough": "Manhattan", "venues": 0, "cohort": "Low" }, "geometry": { "type": "Polygon", "coordinates": [ [ [ -74.009166082584812, 40.742416591231887 ], [ -74.00515808199998, 40.740858081000106 ], [ -74.007090207999909, 40.72877225300013 ], [ -74.010672649999961, 40.729112667000088 ], [ -74.010767914999988, 40.728173958000106 ], [ -74.014390699162007, 40.728463047760201 ], [ -74.014086935599224, 40.730663173040497 ], [ -74.011161956964642, 40.730450676349278 ], [ -74.010993508791529, 40.732320417940819 ], [ -74.01094127374121, 40.733020313341477 ], [ -74.01399957240956, 40.733332277517903 ], [ -74.010725143268829, 40.7334595235113 ], [ -74.010832845632152, 40.734007094513821 ], [ -74.012017920104782, 40.734063744456506 ], [ -74.010813594791031, 40.734283443647726 ], [ -74.010476598144194, 40.738063940595239 ], [ -74.011139156025578, 40.738389862813221 ], [ -74.010454328646091, 40.738364506228336 ], [ -74.0103930313456, 40.73917429605941 ], [ -74.011580455023164, 40.739264536112252 ], [ -74.011527450204099, 40.739873771450092 ], [ -74.012369174000398, 40.739751646372355 ], [ -74.012310012127642, 40.740194756204197 ], [ -74.01151491736529, 40.739972863699016 ], [ -74.011460739553343, 40.740584214752687 ], [ -74.01215741913083, 40.740605998131443 ], [ -74.012659282084854, 40.740747638497687 ], [ -74.009496855203651, 40.740727011785616 ], [ -74.009411402661314, 40.741154093313014 ], [ -74.012117458721391, 40.741758516211775 ], [ -74.009519471450048, 40.741490302198841 ], [ -74.009166082584812, 40.742416591231887 ] ] ] } },
{ "type": "Feature", "properties": { "LocationID": 159, "zone": "Melrose South", "borough": "Bronx", "venues": 0, "cohort": "Low" }, "geometry": { "type": "Polygon", "coordinates": [ [ [ -73.911891549999936, 40.822141482000106 ], [ -73.90990894100004, 40.822551108000098 ], [ -73.901292775999806, 40.820475443000085 ], [ -73.904465514999899, 40.812281960000149 ], [ -73.91094779, 40.813620921000066 ], [ -73.917686269999848, 40.816081243000099 ], [ -73.920481173999889, 40.814563687000096 ], [ -73.921583922000053, 40.815550632000154 ], [ -73.921245196999877, 40.816219397000133 ], [ -73.923092998999934, 40.81669772800015 ], [ -73.923999512999913, 40.815438912000097 ], [ -73.926627181999876, 40.816118959000114 ], [ -73.922652611999951, 40.820494315000111 ], [ -73.916774005999855, 40.824387087000062 ], [ -73.915877357999875, 40.82410373200004 ], [ -73.916215885999875, 40.823467930000106 ], [ -73.911891549999936, 40.822141482000106 ] ] ] } },
{ "type": "Feature", "properties": { "LocationID": 160, "zone": "Middle Village", "borough": "Queens", "venues": 0, "cohort": "Low" }, "geometry": { "type": "Polygon", "coordinates": [ [ [ -73.869707654, 40.725146434000123 ], [ -73.860037898999963, 40.714932236000053 ], [ -73.859629209999852, 40.713975295000139 ], [ -73.859654167999949, 40.713379961000079 ], [ -73.865009819999983, 40.710776909000074 ], [ -73.870164624999845, 40.709207743000064 ], [ -73.869110071999884, 40.707089337000092 ], [ -73.88088332699985, 40.706453977000102 ], [ -73.877611341999852, 40.707167705000131 ], [ -73.878727831999882, 40.710027535000059 ], [ -73.87926181200001, 40.709905347000102 ], [ -73.879434954999851, 40.710284419000089 ], [ -73.879076852999987, 40.710359390000121 ], [ -73.880062676999785, 40.712652574000131 ], [ -73.885075556999851, 40.71216105600012 ], [ -73.904772445999967, 40.712865800000039 ], [ -73.897502263999868, 40.716383868000115 ], [ -73.899018210999927, 40.717382127000114 ], [ -73.897267579, 40.718147157000054 ], [ -73.898347600999827, 40.719197678000093 ], [ -73.90033904299986, 40.718019948000077 ], [ -73.900626443999968, 40.719764054000102 ], [ -73.900092863999959, 40.720176853000126 ], [ -73.89736598399989, 40.720464383000078 ], [ -73.897397048999864, 40.721551210000086 ], [ -73.899816101999988, 40.721236900000093 ], [ -73.900105586999885, 40.723296241000114 ], [ -73.899031917999892, 40.723856960000056 ], [ -73.898352850999899, 40.723112290000117 ], [ -73.8958238069999, 40.723898822000173 ], [ -73.895697432999924, 40.72341258600013 ], [ -73.894264941999921, 40.723143189000062 ], [ -73.890303293999864, 40.72492388700006 ], [ -73.887077120999805, 40.724637702000116 ], [ -73.887205249999951, 40.727792997000066 ], [ -73.880088774999876, 40.728906275000156 ], [ -73.875091541999922, 40.73067136300012 ], [ -73.871460741999869, 40.729326374000053 ], [ -73.869707654, 40.725146434000123 ] ] ] } },
{ "type": "Feature", "properties": { "LocationID": 161, "zone": "Midtown Center", "borough": "Manhattan", "venues": 2, "cohort": "Low" }, "geometry": { "type": "Polygon", "coordinates": [ [ [ -73.971242773000029, 40.760936418000028 ], [ -73.975807393999858, 40.754677275000127 ], [ -73.9765156939999, 40.754974263000129 ], [ -73.978369692999905, 40.752416227000118 ], [ -73.984117547999986, 40.754842053000132 ], [ -73.977686006, 40.763644403000136 ], [ -73.971242773000029, 40.760936418000028 ] ] ] } },
{ "type": "Feature", "properties": { "LocationID": 162, "zone": "Midtown East", "borough": "Manhattan", "venues": 0, "cohort": "Low" }, "geometry": { "type": "Polygon", "coordinates": [ [ [ -73.966571469999849, 40.761481880000147 ], [ -73.974449410999796, 40.750766445000124 ], [ -73.978369692999905, 40.752416227000118 ], [ -73.9765156939999, 40.754974263000129 ], [ -73.975807393999858, 40.754677274000159 ], [ -73.96980028899992, 40.762913512000125 ], [ -73.966571469999849, 40.761481880000147 ] ] ] } },
{ "type": "Feature", "properties": { "LocationID": 163, "zone": "Midtown North", "borough": "Manhattan", "venues": 1, "cohort": "Low" }, "geometry": { "type": "Polygon", "coordinates": [ [ [ -73.981362136999948, 40.767836739000082 ], [ -73.96980028899992, 40.762913512000125 ], [ -73.971242773000029, 40.760936418000028 ], [ -73.977686006, 40.763644403000136 ], [ -73.978601693999892, 40.762396072000158 ], [ -73.984282300999865, 40.76479181500013 ], [ -73.982151572000035, 40.76768179700013 ], [ -73.981362136999948, 40.767836739000082 ] ] ] } },
{ "type": "Feature", "properties": { "LocationID": 164, "zone": "Midtown South", "borough": "Manhattan", "venues": 1, "cohort": "Low" }, "geometry": { "type": "Polygon", "coordinates": [ [ [ -73.980850544999981, 40.747750370000148 ], [ -73.984074852999939, 40.743324718000082 ], [ -73.990517612999852, 40.746038638000115 ], [ -73.984117547999986, 40.754842053000132 ], [ -73.980887098999872, 40.753480989000074 ], [ -73.984076361000021, 40.749102125000128 ], [ -73.980850544999981, 40.747750370000148 ] ] ] } },
{ "type": "Feature", "properties": { "LocationID": 165, "zone": "Midwood", "borough": "Brooklyn", "venues": 0, "cohort": "Low" }, "geometry": { "type": "Polygon", "coordinates": [ [ [ -73.960407342999886, 40.630162531000089 ], [ -73.959955650999916, 40.627778672000112 ], [ -73.947326721999957, 40.62916656700002 ], [ -73.946422661, 40.624385567000111 ], [ -73.945424428999843, 40.62449561000011 ], [ -73.944518334, 40.619713647000111 ], [ -73.946513731999971, 40.619494019000165 ], [ -73.945736919999817, 40.615363407000089 ], [ -73.947426087999929, 40.614224601000096 ], [ -73.950265148999932, 40.613924352000019 ], [ -73.949783804999953, 40.611371750000075 ], [ -73.962379477999775, 40.609986374000187 ], [ -73.964719833999808, 40.622372961000124 ], [ -73.968645105999954, 40.621941695000089 ], [ -73.969097244999844, 40.624332825000167 ], [ -73.970471718999917, 40.624170030000151 ], [ -73.971366221999915, 40.628929162000162 ], [ -73.960407342999886, 40.630162531000089 ] ] ] } },
{ "type": "Feature", "properties": { "LocationID": 166, "zone": "Morningside Heights", "borough": "Manhattan", "venues": 0, "cohort": "Low" }, "geometry": { "type": "Polygon", "coordinates": [ [ [ -73.95949328899988, 40.8170074740001 ], [ -73.956269579999869, 40.813375023000063 ], [ -73.955706901000028, 40.814143960000145 ], [ -73.954080583999868, 40.812280113000071 ], [ -73.952101251999906, 40.811442854000141 ], [ -73.953575777999902, 40.809476698000111 ], [ -73.954966570999915, 40.810064555000132 ], [ -73.958181672999956, 40.805596791000106 ], [ -73.958248782999874, 40.803106486000075 ], [ -73.959646853999871, 40.801156423000137 ], [ -73.971107658761369, 40.805790139589831 ], [ -73.962031057979686, 40.818086330741068 ], [ -73.95949328899988, 40.8170074740001 ] ] ] } },
{ "type": "Feature", "properties": { "LocationID": 167, "zone": "Morrisania/Melrose", "borough": "Bronx", "venues": 2, "cohort": "Low" }, "geometry": { "type": "Polygon", "coordinates": [ [ [ -73.896302, 40.833543218000095 ], [ -73.897172209999823, 40.8303688330002 ], [ -73.894692052, 40.830619094000056 ], [ -73.893360418, 40.830152531000159 ], [ -73.889911064999893, 40.830124192000063 ], [ -73.887613079, 40.82933742000013 ], [ -73.886012626999914, 40.828238531000125 ], [ -73.886096241999866, 40.827655777000089 ], [ -73.887895109999917, 40.826743185000069 ], [ -73.892932260999814, 40.82678703700013 ], [ -73.894835228999924, 40.826246841000135 ], [ -73.895485227999956, 40.828248541000136 ], [ -73.899797567999926, 40.827684354000105 ], [ -73.900935106999967, 40.827928102000115 ], [ -73.901648955999931, 40.826256978000124 ], [ -73.900505404999919, 40.826007622000134 ], [ -73.901987585999933, 40.822440423000103 ], [ -73.900611410999886, 40.822108808000088 ], [ -73.901292775999806, 40.820475443000085 ], [ -73.90990894100004, 40.822551108000098 ], [ -73.911816157999851, 40.822035022000101 ], [ -73.916215885999875, 40.823467930000106 ], [ -73.915877357999875, 40.82410373200004 ], [ -73.916774005999855, 40.824387087000062 ], [ -73.916087828999835, 40.824837852000073 ], [ -73.916613684999845, 40.824992308000134 ], [ -73.915411081999977, 40.825773909000119 ], [ -73.913511916999809, 40.824804944000128 ], [ -73.91316674499997, 40.825456455000079 ], [ -73.911309744999926, 40.824848558000092 ], [ -73.911694302999834, 40.827758716000119 ], [ -73.908959903, 40.83022623300009 ], [ -73.905531167999882, 40.829104133000094 ], [ -73.901225349999919, 40.83549991100012 ], [ -73.896972202999947, 40.834345254000077 ], [ -73.896302, 40.833543218000095 ] ] ] } },
{ "type": "Feature", "properties": { "LocationID": 168, "zone": "Mott Haven/Port Morris", "borough": "Bronx", "venues": 3, "cohort": "Low" }, "geometry": { "type": "MultiPolygon", "coordinates": [ [ [ [ -73.896938729987866, 40.79563587285373 ], [ -73.897968397837417, 40.7956448391622 ], [ -73.899194342499811, 40.796502456018359 ], [ -73.897882532401795, 40.797116532147228 ], [ -73.896785263412113, 40.796329166487311 ], [ -73.896938729987866, 40.79563587285373 ] ] ], [ [ [ -73.896466688345782, 40.800790470891542 ], [ -73.89864038714974, 40.799101164621533 ], [ -73.900210049931417, 40.799264155896218 ], [ -73.899787388008349, 40.799509554374737 ], [ -73.900037358157363, 40.800908742050417 ], [ -73.899489194236537, 40.80090111592974 ], [ -73.899387485710292, 40.801935665070509 ], [ -73.898330362705522, 40.802412820940148 ], [ -73.896466688345782, 40.800790470891542 ] ] ], [ [ [ -73.923954830999818, 40.815500961000126 ], [ -73.923092998999934, 40.81669772800015 ], [ -73.921245196999877, 40.816219397000133 ], [ -73.921583922000053, 40.815550632000154 ], [ -73.920481173999889, 40.814563687000096 ], [ -73.917686269999848, 40.816081243000099 ], [ -73.91094779, 40.813620921000066 ], [ -73.904465514999899, 40.812281960000149 ], [ -73.903417203999879, 40.811506883000099 ], [ -73.902292319927724, 40.804564776141859 ], [ -73.904529540957398, 40.803170235652026 ], [ -73.908073972556664, 40.799572819167409 ], [ -73.907793075595322, 40.799493489538108 ], [ -73.907682228008895, 40.799388313925469 ], [ -73.908421907680122, 40.799442092445155 ], [ -73.908303035420829, 40.798959135920256 ], [ -73.911622858001493, 40.796641078496293 ], [ -73.91372255986785, 40.7967894388795 ], [ -73.919049787488262, 40.798993935843441 ], [ -73.920240681463639, 40.799613687935064 ], [ -73.921327307892525, 40.801284591815829 ], [ -73.9229271008289, 40.802373294821621 ], [ -73.927627886588425, 40.802695665481714 ], [ -73.927645003525825, 40.803988632846284 ], [ -73.928726074898137, 40.804103625227498 ], [ -73.932269607792804, 40.808339527481422 ], [ -73.932874120019434, 40.810414043429191 ], [ -73.932426320009441, 40.814117518979792 ], [ -73.930278126999838, 40.813248025000163 ], [ -73.928856420999921, 40.814879866000105 ], [ -73.927316530999988, 40.818559634000096 ], [ -73.925184864999977, 40.818012669000083 ], [ -73.926627181999876, 40.816118959000114 ], [ -73.923954830999818, 40.815500961000126 ] ] ] ] } },
{ "type": "Feature", "properties": { "LocationID": 169, "zone": "Mount Hope", "borough": "Bronx", "venues": 0, "cohort": "Low" }, "geometry": { "type": "Polygon", "coordinates": [ [ [ -73.898165774999825, 40.855146376000071 ], [ -73.898635436999854, 40.853906975000143 ], [ -73.897099267999963, 40.855172291000073 ], [ -73.895608832999798, 40.854570370000062 ], [ -73.901344046, 40.844428751000123 ], [ -73.904831219999892, 40.844800342000084 ], [ -73.905015149999798, 40.842404698000045 ], [ -73.910460084999869, 40.842791643000062 ], [ -73.910430263999942, 40.843107730000085 ], [ -73.91193751499992, 40.843202388000108 ], [ -73.916897475999889, 40.845117734000112 ], [ -73.914161841999928, 40.845179188000117 ], [ -73.910581699, 40.850181595000102 ], [ -73.905570072999879, 40.855787322000083 ], [ -73.901859960999928, 40.854586149000134 ], [ -73.900779226999859, 40.856047110000112 ], [ -73.898165774999825, 40.855146376000071 ] ] ] } },
{ "type": "Feature", "properties": { "LocationID": 170, "zone": "Murray Hill", "borough": "Manhattan", "venues": 0, "cohort": "Low" }, "geometry": { "type": "Polygon", "coordinates": [ [ [ -73.97121971999988, 40.746921541000134 ], [ -73.973508350000031, 40.743782034000091 ], [ -73.978123781999827, 40.745727173000077 ], [ -73.980859653999929, 40.741969768000104 ], [ -73.984074852999939, 40.743324718000082 ], [ -73.98085054399985, 40.747750370000105 ], [ -73.984076361000021, 40.749102125000128 ], [ -73.980887098999872, 40.753480989000074 ], [ -73.974449410999796, 40.750766445000124 ], [ -73.975834666999901, 40.748863146000161 ], [ -73.97121971999988, 40.746921541000134 ] ] ] } },
{ "type": "Feature", "properties": { "LocationID": 171, "zone": "Murray Hill-Queens", "borough": "Queens", "venues": 7, "cohort": "Medium" }, "geometry": { "type": "Polygon", "coordinates": [ [ [ -73.793179445999868, 40.770403177000091 ], [ -73.793959146999896, 40.764695320000087 ], [ -73.793025513999851, 40.764621192000078 ], [ -73.793439911999883, 40.760764128000119 ], [ -73.790760045999875, 40.760985769000108 ], [ -73.79031517, 40.757823451000093 ], [ -73.794932461999935, 40.757798030000153 ], [ -73.800300389999791, 40.759702299000118 ], [ -73.811049631999836, 40.761417021000156 ], [ -73.820635932999863, 40.758872268000076 ], [ -73.823482451999851, 40.764651792000116 ], [ -73.824669089999873, 40.770407608000042 ], [ -73.826558419999856, 40.770137084000098 ], [ -73.826253484999938, 40.774520659000082 ], [ -73.825830899999971, 40.775915271000066 ], [ -73.824331018999871, 40.776743070000116 ], [ -73.823312868999864, 40.77957866000007 ], [ -73.814529977999754, 40.77888817500012 ], [ -73.81485850699984, 40.77648592300006 ], [ -73.798530093999872, 40.775190729000116 ], [ -73.795215506999881, 40.772674907000088 ], [ -73.793179445999868, 40.770403177000091 ] ] ] } },
{ "type": "Feature", "properties": { "LocationID": 172, "zone": "New Dorp/Midland Beach", "borough": "Staten Island", "venues": 5, "cohort": "Medium" }, "geometry": { "type": "Polygon", "coordinates": [ [ [ -74.084957158191926, 40.571259840021277 ], [ -74.086912636532119, 40.56898584268383 ], [ -74.086216322242663, 40.56853269814733 ], [ -74.087250783161053, 40.569081678193108 ], [ -74.089249060751328, 40.56701557053492 ], [ -74.089982599328337, 40.567380011533302 ], [ -74.09054960106333, 40.567083597211493 ], [ -74.094070711094361, 40.562731619461417 ], [ -74.095423717963271, 40.563154635568807 ], [ -74.09661362272206, 40.562087145537525 ], [ -74.09819767261925, 40.559836476804854 ], [ -74.09782127023999, 40.559053466217897 ], [ -74.09876415480899, 40.559423551651086 ], [ -74.099380314327277, 40.558964193361454 ], [ -74.102997995999957, 40.560469558000158 ], [ -74.113761611999976, 40.566497189000124 ], [ -74.116363363999923, 40.563915638000068 ], [ -74.124899043999918, 40.568949142000129 ], [ -74.121502136999936, 40.571721559000096 ], [ -74.121537289999907, 40.575153253000039 ], [ -74.119109548999944, 40.576157252000087 ], [ -74.117020785999955, 40.578196926000111 ], [ -74.115625781999881, 40.578479753000146 ], [ -74.113069544999945, 40.580768522000085 ], [ -74.109248355, 40.58267841300011 ], [ -74.105257754999982, 40.585921436000056 ], [ -74.098440008999972, 40.581241706000107 ], [ -74.100390834999956, 40.579688666000123 ], [ -74.085976474999924, 40.572236971000073 ], [ -74.084957158191926, 40.571259840021277 ] ] ] } },
{ "type": "Feature", "properties": { "LocationID": 173, "zone": "North Corona", "borough": "Queens", "venues": 0, "cohort": "Low" }, "geometry": { "type": "Polygon", "coordinates": [ [ [ -73.855403660999968, 40.758340309000083 ], [ -73.854367969999984, 40.758119083000054 ], [ -73.853126354999944, 40.755109343000072 ], [ -73.855799090999867, 40.754409528000139 ], [ -73.854555522999931, 40.751961919000117 ], [ -73.855834956, 40.751577272000105 ], [ -73.854425752999987, 40.74885172600009 ], [ -73.867909638999862, 40.744933716000084 ], [ -73.868529251999945, 40.747588302000146 ], [ -73.873657217999835, 40.756803486000109 ], [ -73.855403660999968, 40.758340309000083 ] ] ] } },
{ "type": "Feature", "properties": { "LocationID": 174, "zone": "Norwood", "borough": "Bronx", "venues": 0, "cohort": "Low" }, "geometry": { "type": "Polygon", "coordinates": [ [ [ -73.877728176999824, 40.883454195000162 ], [ -73.878125943999919, 40.882153826000099 ], [ -73.874676015, 40.881562852000144 ], [ -73.874945897999908, 40.879947669000082 ], [ -73.870241000999854, 40.880229353000132 ], [ -73.872552508999817, 40.875175183000096 ], [ -73.876192249999789, 40.870476711000087 ], [ -73.883090031999899, 40.866591509000138 ], [ -73.883625181000028, 40.867257588000101 ], [ -73.881468896999834, 40.868573646000122 ], [ -73.883400353, 40.873946626000176 ], [ -73.88345579299984, 40.876056095000138 ], [ -73.885276831999875, 40.879217669000099 ], [ -73.885675179999865, 40.878872511000068 ], [ -73.88595071699983, 40.880507412000121 ], [ -73.887165052999833, 40.882576511000089 ], [ -73.887051425999843, 40.884349576000112 ], [ -73.884216963999947, 40.883197728000091 ], [ -73.882748333999984, 40.883397387000137 ], [ -73.881244224999918, 40.882709633000125 ], [ -73.878035623999963, 40.887118322000077 ], [ -73.877728176999824, 40.883454195000162 ] ] ] } },
{ "type": "Feature", "properties": { "LocationID": 175, "zone": "Oakland Gardens", "borough": "Queens", "venues": 0, "cohort": "Low" }, "geometry": { "type": "Polygon", "coordinates": [ [ [ -73.756820621999964, 40.759734806000033 ], [ -73.755837132999872, 40.757742062000155 ], [ -73.755116483999942, 40.758479498000106 ], [ -73.753209971999951, 40.758244873000102 ], [ -73.752302593999929, 40.759455199000122 ], [ -73.75115582999986, 40.759069768000131 ], [ -73.750577106999842, 40.758014895000116 ], [ -73.750047644999853, 40.758404658000153 ], [ -73.747111138999912, 40.754173286000125 ], [ -73.747741164999923, 40.753849944000081 ], [ -73.747098853999901, 40.752346829000075 ], [ -73.745779487999982, 40.751560805000125 ], [ -73.74384322099985, 40.747690096000071 ], [ -73.746259843999852, 40.746711475000112 ], [ -73.74477587099986, 40.743281097000157 ], [ -73.748876972999838, 40.743288374000102 ], [ -73.753473, 40.742404844000149 ], [ -73.750982300999866, 40.740021462000165 ], [ -73.749968042999967, 40.73974575200009 ], [ -73.743961935999891, 40.740789127000042 ], [ -73.743068207999912, 40.738440818000079 ], [ -73.741281138999881, 40.738788692000135 ], [ -73.740169517999931, 40.738481898000067 ], [ -73.742947859, 40.735456552000137 ], [ -73.750482956999946, 40.729221294000155 ], [ -73.756697712999866, 40.72622871100009 ], [ -73.76234209799992, 40.729538291000054 ], [ -73.765643745000048, 40.732533127000174 ], [ -73.763699791999883, 40.732864117000119 ], [ -73.765109206999938, 40.734556585000121 ], [ -73.762733034999854, 40.735262163000158 ], [ -73.762486092999822, 40.73673098200009 ], [ -73.765568497999851, 40.743258155000056 ], [ -73.766878535999922, 40.744093579000072 ], [ -73.767729913999943, 40.74577622600011 ], [ -73.760736120999866, 40.747737385000121 ], [ -73.756841273999925, 40.749322078000127 ], [ -73.761843439999865, 40.755537269000079 ], [ -73.762395105999957, 40.759496998000053 ], [ -73.758001317999955, 40.760379867000104 ], [ -73.756820621999964, 40.759734806000033 ] ] ] } },
{ "type": "Feature", "properties": { "LocationID": 176, "zone": "Oakwood", "borough": "Staten Island", "venues": 1, "cohort": "Low" }, "geometry": { "type": "Polygon", "coordinates": [ [ [ -74.121871985999988, 40.575107575000104 ], [ -74.121502136999936, 40.571721559000096 ], [ -74.124899043999918, 40.568949142000129 ], [ -74.116363362999962, 40.563915638000076 ], [ -74.113761611999976, 40.566497189000124 ], [ -74.099929142006502, 40.55907068582637 ], [ -74.101602029867252, 40.556803458719628 ], [ -74.101840329648951, 40.555944639241453 ], [ -74.101405169108233, 40.555538526164604 ], [ -74.102650763602455, 40.556134404785396 ], [ -74.103098391115324, 40.555904641451349 ], [ -74.104659434913927, 40.554120467311364 ], [ -74.104844476363382, 40.553025814556449 ], [ -74.10654741892462, 40.554166999074184 ], [ -74.107686234640525, 40.55397667147772 ], [ -74.110284573875362, 40.551496357417712 ], [ -74.113010461022313, 40.547780065215207 ], [ -74.114958319999928, 40.549581439000121 ], [ -74.116562900999952, 40.549127742000096 ], [ -74.119458592999905, 40.552221906000113 ], [ -74.127300577999975, 40.557295172000124 ], [ -74.133210024999983, 40.552383876000135 ], [ -74.138850926999908, 40.556951179000102 ], [ -74.135613002999932, 40.558980027000146 ], [ -74.13480973399993, 40.560828619000063 ], [ -74.13170009, 40.564535749000122 ], [ -74.135274172999914, 40.565517761000073 ], [ -74.144387449999883, 40.569706100000104 ], [ -74.143874535999913, 40.570606594000111 ], [ -74.144185881999988, 40.572037410000092 ], [ -74.132610229999912, 40.573530163000115 ], [ -74.127653582999983, 40.575234943000098 ], [ -74.127088147999984, 40.576369106000151 ], [ -74.123183806999904, 40.575751852000131 ], [ -74.121871985999988, 40.575107575000104 ] ] ] } },
{ "type": "Feature", "properties": { "LocationID": 177, "zone": "Ocean Hill", "borough": "Brooklyn", "venues": 0, "cohort": "Low" }, "geometry": { "type": "Polygon", "coordinates": [ [ [ -73.91804607, 40.687213248000084 ], [ -73.900046261999933, 40.676893090000164 ], [ -73.922752571999979, 40.667097333000072 ], [ -73.921646663999923, 40.678869923000121 ], [ -73.916301198999903, 40.678577112000113 ], [ -73.91804607, 40.687213248000084 ] ] ] } },
{ "type": "Feature", "properties": { "LocationID": 178, "zone": "Ocean Parkway South", "borough": "Brooklyn", "venues": 0, "cohort": "Low" }, "geometry": { "type": "Polygon", "coordinates": [ [ [ -73.970921263000037, 40.626569985000131 ], [ -73.970471718999917, 40.624170030000151 ], [ -73.969097244999844, 40.624332825000167 ], [ -73.968645105999954, 40.621941695000089 ], [ -73.964719833999808, 40.622372961000124 ], [ -73.962859739999843, 40.612549486000098 ], [ -73.964781127999856, 40.612330922000083 ], [ -73.964296498999914, 40.609776426000138 ], [ -73.97403097799986, 40.608702310000112 ], [ -73.975171769999918, 40.61472418600011 ], [ -73.97399319500002, 40.614029894000112 ], [ -73.972903268999957, 40.614152968000063 ], [ -73.973358793999921, 40.616541715000075 ], [ -73.97548096999985, 40.616311925000083 ], [ -73.975373355000016, 40.615754722000091 ], [ -73.977850092999859, 40.617287606000104 ], [ -73.975393804999982, 40.620769987000187 ], [ -73.977053528999988, 40.621532522000081 ], [ -73.976565838999889, 40.621994903000115 ], [ -73.977261499999898, 40.625852773000105 ], [ -73.970921263000037, 40.626569985000131 ] ] ] } },
{ "type": "Feature", "properties": { "LocationID": 179, "zone": "Old Astoria", "borough": "Queens", "venues": 0, "cohort": "Low" }, "geometry": { "type": "Polygon", "coordinates": [ [ [ -73.935082324921453, 40.777944233727958 ], [ -73.931788343052077, 40.777870606602512 ], [ -73.929880585000973, 40.776221631902061 ], [ -73.92827730816353, 40.776898975162368 ], [ -73.927821474000041, 40.776697527000131 ], [ -73.922792644999859, 40.773962295000118 ], [ -73.91770217299991, 40.770393112000107 ], [ -73.919955968999915, 40.768440065000071 ], [ -73.918493369999979, 40.76773465700014 ], [ -73.919777647999979, 40.766152184000077 ], [ -73.922189461999949, 40.767267357000087 ], [ -73.924252887999785, 40.76472456400014 ], [ -73.933444684999927, 40.768817790000114 ], [ -73.934935110999916, 40.767013024000079 ], [ -73.936183796999927, 40.767691801000133 ], [ -73.934246096000052, 40.771029276000064 ], [ -73.934953987149825, 40.771372943017056 ], [ -73.934480150890423, 40.771323068200481 ], [ -73.934806813441625, 40.771734138890089 ], [ -73.937466385370669, 40.772531495125392 ], [ -73.937654830908187, 40.775085685383807 ], [ -73.935082324921453, 40.777944233727958 ] ] ] } },
{ "type": "Feature", "properties": { "LocationID": 180, "zone": "Ozone Park", "borough": "Queens", "venues": 0, "cohort": "Low" }, "geometry": { "type": "Polygon", "coordinates": [ [ [ -73.841196056999806, 40.683351366000089 ], [ -73.837942509999863, 40.676794209000079 ], [ -73.833348192999949, 40.666773187000153 ], [ -73.842158021999921, 40.668701448000071 ], [ -73.842435853999902, 40.669288557000115 ], [ -73.861318635999851, 40.675021269000091 ], [ -73.862345804999833, 40.679164786000129 ], [ -73.863286408000036, 40.679077197000041 ], [ -73.858785768999866, 40.680630463000085 ], [ -73.85819836099995, 40.679430849000077 ], [ -73.85392389199987, 40.679686156000066 ], [ -73.850990892999874, 40.680568367000063 ], [ -73.851978645999907, 40.682564211000049 ], [ -73.847868175999849, 40.681486832000118 ], [ -73.841196056999806, 40.683351366000089 ] ] ] } },
{ "type": "Feature", "properties": { "LocationID": 181, "zone": "Park Slope", "borough": "Brooklyn", "venues": 4, "cohort": "Low" }, "geometry": { "type": "Polygon", "coordinates": [ [ [ -73.970412894999896, 40.672593723000091 ], [ -73.979653534999855, 40.661243233000114 ], [ -73.982230341999951, 40.662141493000128 ], [ -73.985086793999983, 40.659013288000075 ], [ -73.987250689999911, 40.660378956000045 ], [ -73.988716511, 40.662404938000151 ], [ -73.9906354539999, 40.66057908800019 ], [ -73.996926898999845, 40.664374915000117 ], [ -73.994903501999914, 40.666785435000072 ], [ -73.992770806999815, 40.665507281000053 ], [ -73.983900486999914, 40.676148653000091 ], [ -73.978042895999877, 40.684856615000044 ], [ -73.977097966999963, 40.683869780000109 ], [ -73.973755984999897, 40.683034020000093 ], [ -73.974691183999951, 40.680266616000111 ], [ -73.976180513999836, 40.678064321000143 ], [ -73.969497388999898, 40.675906380000185 ], [ -73.969693174999847, 40.675360854000118 ], [ -73.968718221999836, 40.673924234000069 ], [ -73.96892332199981, 40.672937553000096 ], [ -73.970412894999896, 40.672593723000091 ] ] ] } },
{ "type": "Feature", "properties": { "LocationID": 182, "zone": "Parkchester", "borough": "Bronx", "venues": 0, "cohort": "Low" }, "geometry": { "type": "Polygon", "coordinates": [ [ [ -73.851684596999974, 40.834201052000068 ], [ -73.860338458999948, 40.833253166000148 ], [ -73.86085019699982, 40.833613538000044 ], [ -73.862711143999931, 40.832991509000145 ], [ -73.864480117999946, 40.841087797000142 ], [ -73.853335249999859, 40.842470155000065 ], [ -73.851684596999974, 40.834201052000068 ] ] ] } },
{ "type": "Feature", "properties": { "LocationID": 183, "zone": "Pelham Bay", "borough": "Bronx", "venues": 1, "cohort": "Low" }, "geometry": { "type": "Polygon", "coordinates": [ [ [ -73.836766436999852, 40.843385970000135 ], [ -73.835559001999925, 40.851964013000135 ], [ -73.834639702999866, 40.853817994000103 ], [ -73.83228148899984, 40.855177450000141 ], [ -73.828601971999959, 40.855717848000104 ], [ -73.827217512000018, 40.853250513000148 ], [ -73.827996769999984, 40.848624314000098 ], [ -73.826113006999961, 40.845338694000091 ], [ -73.830431863999848, 40.843857984000145 ], [ -73.836766436999852, 40.843385970000135 ] ] ] } },
{ "type": "Feature", "properties": { "LocationID": 184, "zone": "Pelham Bay Park", "borough": "Bronx", "venues": 0, "cohort": "Low" }, "geometry": { "type": "MultiPolygon", "coordinates": [ [ [ [ -73.806946086415891, 40.841462447186579 ], [ -73.806808013723966, 40.842489139987727 ], [ -73.80393073307404, 40.84259407255017 ], [ -73.8022229535527, 40.841634813144282 ], [ -73.80263811156135, 40.841081153267275 ], [ -73.806946086415891, 40.841462447186579 ] ] ], [ [ [ -73.783280535059234, 40.862780706712769 ], [ -73.782890320815255, 40.862317193725616 ], [ -73.783145042881301, 40.862068678905736 ], [ -73.783280535059234, 40.862780706712769 ] ] ], [ [ [ -73.784286505000793, 40.86320508878066 ], [ -73.783793076463425, 40.862589423570775 ], [ -73.784691658507015, 40.862542789908396 ], [ -73.784286505000793, 40.86320508878066 ] ] ], [ [ [ -73.806140874999912, 40.885965410000047 ], [ -73.793228708911428, 40.882822594952408 ], [ -73.794917055866705, 40.880543790985058 ], [ -73.795545799088515, 40.880691015375184 ], [ -73.795025962328324, 40.879747797211891 ], [ -73.797438154572859, 40.875135332953327 ], [ -73.799813895803283, 40.874159849716406 ], [ -73.800872704582446, 40.871590119894151 ], [ -73.802522847565967, 40.870506644696981 ], [ -73.803177265017155, 40.871683155070798 ], [ -73.802699397862526, 40.872214691294445 ], [ -73.8033911752309, 40.872505037631264 ], [ -73.804318494682263, 40.871159741068176 ], [ -73.803733393992815, 40.870962602823958 ], [ -73.803583149392509, 40.869948061028794 ], [ -73.802829598931893, 40.870076294030603 ], [ -73.803022036852781, 40.869155119796659 ], [ -73.805884100128878, 40.869068502185101 ], [ -73.805744860803301, 40.869692576552978 ], [ -73.808415968187873, 40.871189693367711 ], [ -73.806730749051013, 40.868770013078532 ], [ -73.804872661699335, 40.868233302832451 ], [ -73.804646045029116, 40.866647116437036 ], [ -73.803852807814422, 40.867166484800222 ], [ -73.803003881089481, 40.867041836569072 ], [ -73.80306041484539, 40.86581513370696 ], [ -73.802258161577655, 40.865608206411082 ], [ -73.797803772192921, 40.872256132274146 ], [ -73.794790446815981, 40.873200484034172 ], [ -73.793167037787043, 40.877055639066661 ], [ -73.794402945862274, 40.877641842999211 ], [ -73.793847027881696, 40.878594459791053 ], [ -73.790689274788051, 40.880158864278442 ], [ -73.789558729443101, 40.881261284915624 ], [ -73.789120206369063, 40.88008021099364 ], [ -73.790063328607744, 40.879594661515036 ], [ -73.789523093688004, 40.878998127060655 ], [ -73.785884969766471, 40.879067231752828 ], [ -73.784381681075502, 40.878420531670699 ], [ -73.78470964026441, 40.876357994847879 ], [ -73.786684932187612, 40.8742934755427 ], [ -73.787190875605063, 40.872730553729326 ], [ -73.786248744526048, 40.872382846772346 ], [ -73.785081396586008, 40.873589963225882 ], [ -73.785680998538439, 40.872387265057291 ], [ -73.785261520757089, 40.871745322332572 ], [ -73.783587384860255, 40.873780954680484 ], [ -73.783431425413767, 40.873178701949008 ], [ -73.784037169718331, 40.872826601263796 ], [ -73.783068534260266, 40.87215357592288 ], [ -73.783201754262919, 40.870670360853936 ], [ -73.784902160777705, 40.869763973240843 ], [ -73.785602453054423, 40.868341652223847 ], [ -73.78598679893318, 40.869592738286556 ], [ -73.787954461454049, 40.869845419063779 ], [ -73.789681974486228, 40.869361310772824 ], [ -73.791390325861315, 40.868141307466331 ], [ -73.792650957670631, 40.864136653184971 ], [ -73.791473171198746, 40.862207106249201 ], [ -73.791904549275003, 40.860829562712262 ], [ -73.793510297577242, 40.860551681291042 ], [ -73.793399855166953, 40.85994848620112 ], [ -73.794545623180312, 40.858888259161397 ], [ -73.794869838669001, 40.858075551258224 ], [ -73.794350059342719, 40.856527023804119 ], [ -73.796854617599166, 40.8562643582136 ], [ -73.797985334808388, 40.854848932595893 ], [ -73.798722556000797, 40.854914401172792 ], [ -73.799024193933207, 40.853957267650316 ], [ -73.797955833102421, 40.852988330716407 ], [ -73.797805229905919, 40.851949598597344 ], [ -73.798193659968405, 40.850592561406856 ], [ -73.799486814815069, 40.849748448064858 ], [ -73.800403875544234, 40.84810822100161 ], [ -73.801467352690523, 40.848770213705883 ], [ -73.801830564441261, 40.850130657058628 ], [ -73.804175579323967, 40.853340120189259 ], [ -73.804525267300406, 40.854851864466482 ], [ -73.803523598090194, 40.855556694889735 ], [ -73.804784105479442, 40.861546330534814 ], [ -73.80592716427573, 40.861941196990493 ], [ -73.806123907835456, 40.859812206619218 ], [ -73.807833438700868, 40.860318133305562 ], [ -73.807680481075622, 40.858538063289714 ], [ -73.810887921048234, 40.862348921718294 ], [ -73.814114143375363, 40.863731458211838 ], [ -73.81641392102722, 40.861180627704123 ], [ -73.814796297573338, 40.861128956746953 ], [ -73.813818025868699, 40.860548278670926 ], [ -73.812731464950346, 40.858877541947905 ], [ -73.812306027084162, 40.854162026473382 ], [ -73.816580511978387, 40.85394563638112 ], [ -73.81712409042197, 40.851269573445016 ], [ -73.815718824985225, 40.8508209903449 ], [ -73.816249967089703, 40.850194475367203 ], [ -73.815071659042388, 40.849133619794685 ], [ -73.816301192, 40.848572172000118 ], [ -73.820140437000035, 40.848020599000108 ], [ -73.820484055999827, 40.848501026000136 ], [ -73.824956976999857, 40.846105445000056 ], [ -73.825179989999981, 40.842700059000073 ], [ -73.82624132899997, 40.842993594000156 ], [ -73.82617014099992, 40.845573988000162 ], [ -73.827996769999871, 40.848624313000087 ], [ -73.827131332999926, 40.851871081000141 ], [ -73.828014159999796, 40.854722487000103 ], [ -73.828601971999959, 40.855717848000104 ], [ -73.831291577999849, 40.855434105000093 ], [ -73.832835022999859, 40.8560358450001 ], [ -73.828343473999922, 40.860892026000109 ], [ -73.826996531999981, 40.859087786000039 ], [ -73.82444012099991, 40.859501384000076 ], [ -73.820375529999964, 40.861033005000117 ], [ -73.815787640999986, 40.865758061000101 ], [ -73.821266938, 40.869071606000112 ], [ -73.823295993999864, 40.873097418000079 ], [ -73.819925864999945, 40.882119333000048 ], [ -73.820274329999847, 40.88555070000011 ], [ -73.814427622000053, 40.886771965000086 ], [ -73.806140874999912, 40.885965410000047 ] ] ], [ [ [ -73.78665449887535, 40.873393637761154 ], [ -73.786262021534256, 40.873393686634138 ], [ -73.786624890627337, 40.873034648034618 ], [ -73.78665449887535, 40.873393637761154 ] ] ], [ [ [ -73.786333259966938, 40.873677724887642 ], [ -73.786053949649016, 40.873782646193 ], [ -73.786189243586463, 40.873599727699947 ], [ -73.786333259966938, 40.873677724887642 ] ] ], [ [ [ -73.782802075104058, 40.874948866205592 ], [ -73.782418118653155, 40.874923270421974 ], [ -73.782657853609066, 40.874792656694183 ], [ -73.782802075104058, 40.874948866205592 ] ] ], [ [ [ -73.785726157070528, 40.880575414602937 ], [ -73.786848849103663, 40.880448111292147 ], [ -73.786797410330422, 40.87994707381425 ], [ -73.78742039384403, 40.879770890290196 ], [ -73.787127834651997, 40.880923463171456 ], [ -73.785726157070528, 40.880575414602937 ] ] ], [ [ [ -73.772902319924384, 40.861208583278732 ], [ -73.773231502446947, 40.860747169793591 ], [ -73.77310632921936, 40.861614575032974 ], [ -73.772902319924384, 40.861208583278732 ] ] ], [ [ [ -73.774856816247421, 40.861983634334443 ], [ -73.774943211557499, 40.861391499889699 ], [ -73.775232065680285, 40.86119235649425 ], [ -73.774856816247421, 40.861983634334443 ] ] ], [ [ [ -73.770068972998004, 40.865525876183611 ], [ -73.76979148260493, 40.865128233564633 ], [ -73.770229316302732, 40.865138939396196 ], [ -73.770068972998004, 40.865525876183611 ] ] ], [ [ [ -73.766689658419239, 40.867097781624693 ], [ -73.767099074397834, 40.866704572748404 ], [ -73.767794493820233, 40.866781173765652 ], [ -73.767600720964992, 40.867496386541639 ], [ -73.766689658419239, 40.867097781624693 ] ] ], [ [ [ -73.772177864922881, 40.871981110689568 ], [ -73.770809753981936, 40.871549946848177 ], [ -73.769907106685423, 40.870476944470475 ], [ -73.772880426652293, 40.871245263430438 ], [ -73.772177864922881, 40.871981110689568 ] ] ], [ [ [ -73.774571389945578, 40.874332067524605 ], [ -73.774536405109544, 40.874710015438517 ], [ -73.77409538292126, 40.874896184480335 ], [ -73.774031815344301, 40.874394774956407 ], [ -73.774571389945578, 40.874332067524605 ] ] ], [ [ [ -73.781127674781558, 40.876652680508272 ], [ -73.781206496493908, 40.876285025460334 ], [ -73.78132704118002, 40.876361326546551 ], [ -73.781127674781558, 40.876652680508272 ] ] ] ] } },
{ "type": "Feature", "properties": { "LocationID": 185, "zone": "Pelham Parkway", "borough": "Bronx", "venues": 2, "cohort": "Low" }, "geometry": { "type": "Polygon", "coordinates": [ [ [ -73.849308933999893, 40.858717503000065 ], [ -73.836819184999882, 40.857276809000098 ], [ -73.83667557299988, 40.856652663000091 ], [ -73.834995525999929, 40.856571201000087 ], [ -73.838185611999833, 40.855564010000087 ], [ -73.840497673999906, 40.854184105000115 ], [ -73.844940537999818, 40.84821822100011 ], [ -73.844969540999898, 40.850097031000118 ], [ -73.844308469999902, 40.851190464000076 ], [ -73.84968869799998, 40.851058907000066 ], [ -73.853045268999935, 40.849547332000064 ], [ -73.854573882999915, 40.851508346000131 ], [ -73.860694566999825, 40.848753394000049 ], [ -73.86250923799993, 40.848362281000078 ], [ -73.863039380999965, 40.850611307000129 ], [ -73.86518787199995, 40.85016438600011 ], [ -73.868605155999887, 40.852068646000106 ], [ -73.869904216000037, 40.855773293000077 ], [ -73.868188305999894, 40.858063834000149 ], [ -73.856637745999905, 40.858119172000116 ], [ -73.849308933999893, 40.858717503000065 ] ] ] } },
{ "type": "Feature", "properties": { "LocationID": 186, "zone": "Penn Station/Madison Sq West", "borough": "Manhattan", "venues": 0, "cohort": "Low" }, "geometry": { "type": "Polygon", "coordinates": [ [ [ -73.987769058999945, 40.749787029000117 ], [ -73.991418585999938, 40.744802682000071 ], [ -73.997099028999941, 40.747205102000123 ], [ -73.993464176999851, 40.752190055000071 ], [ -73.987769058999945, 40.749787029000117 ] ] ] } },
{ "type": "Feature", "properties": { "LocationID": 187, "zone": "Port Richmond", "borough": "Staten Island", "venues": 3, "cohort": "Low" }, "geometry": { "type": "MultiPolygon", "coordinates": [ [ [ [ -74.134352695736212, 40.64188679740537 ], [ -74.131255811802617, 40.641596830764001 ], [ -74.131461997648216, 40.641310104075274 ], [ -74.130183700132051, 40.640723826083246 ], [ -74.12949057637357, 40.641354835196104 ], [ -74.129977402627205, 40.640729872855786 ], [ -74.129307131868401, 40.640337411211156 ], [ -74.128907290334581, 40.641194827586368 ], [ -74.128812018471237, 40.64022697750412 ], [ -74.1275267724088, 40.640155304716686 ], [ -74.127244818383943, 40.639766890857125 ], [ -74.126888726999894, 40.637210088000124 ], [ -74.128670472999943, 40.637348265000128 ], [ -74.128931293999969, 40.634577487000072 ], [ -74.130474289999853, 40.630885509000095 ], [ -74.13107460299986, 40.631147730000087 ], [ -74.133437311999941, 40.629074346000067 ], [ -74.134086982999918, 40.629541681000063 ], [ -74.135861083999956, 40.62806152800011 ], [ -74.136742377999923, 40.628662537000075 ], [ -74.138063937999917, 40.627568471000089 ], [ -74.138058494999925, 40.627068518000065 ], [ -74.135810082999967, 40.625064340000094 ], [ -74.138263581999922, 40.624243770000135 ], [ -74.138366668999865, 40.621737117000094 ], [ -74.13982184799994, 40.61629982500007 ], [ -74.146035620999982, 40.617012777000163 ], [ -74.146968641999877, 40.610151356000117 ], [ -74.150186664999964, 40.609497811000118 ], [ -74.153791166999937, 40.612255612000098 ], [ -74.152311703999942, 40.617162756000084 ], [ -74.147728303999912, 40.622136619000145 ], [ -74.146228124999922, 40.624925362000106 ], [ -74.145540719999929, 40.627832522000155 ], [ -74.145935445999939, 40.627824115000173 ], [ -74.146222027999954, 40.629106957000111 ], [ -74.147526189999923, 40.629389288000077 ], [ -74.144782289999938, 40.637953780000117 ], [ -74.143599982999959, 40.638514126000103 ], [ -74.14312802471521, 40.639680373063996 ], [ -74.142387951493205, 40.639641210830099 ], [ -74.142297669809651, 40.640305807093831 ], [ -74.141480474034495, 40.640092194295747 ], [ -74.140762536452741, 40.640589396911437 ], [ -74.134352695736212, 40.64188679740537 ] ] ], [ [ [ -74.126199962916459, 40.641264314303086 ], [ -74.125640268705965, 40.641418492082458 ], [ -74.126132765512267, 40.641264388028418 ], [ -74.125995424612199, 40.640231242814615 ], [ -74.126199962916459, 40.641264314303086 ] ] ], [ [ [ -74.12269555893829, 40.641353026836391 ], [ -74.12276203509289, 40.641426635297336 ], [ -74.122711030758552, 40.641433755252912 ], [ -74.12269555893829, 40.641353026836391 ] ] ], [ [ [ -74.121853295978212, 40.641580692279788 ], [ -74.121865617993251, 40.641555949827051 ], [ -74.121990838075391, 40.641554639499631 ], [ -74.121853295978212, 40.641580692279788 ] ] ], [ [ [ -74.121214702770871, 40.641396839993888 ], [ -74.121077274052126, 40.64160742058889 ], [ -74.121180395038337, 40.641383445189902 ], [ -74.121214702770871, 40.641396839993888 ] ] ], [ [ [ -74.12176052602824, 40.641574315062606 ], [ -74.12177911197513, 40.641592547117227 ], [ -74.12155886560592, 40.641621632250221 ], [ -74.12176052602824, 40.641574315062606 ] ] ], [ [ [ -74.121386906946711, 40.641485332526457 ], [ -74.121305290830009, 40.641600703130251 ], [ -74.121373329195521, 40.641476475121834 ], [ -74.121386906946711, 40.641485332526457 ] ] ], [ [ [ -74.121311948148332, 40.64145253116267 ], [ -74.121172462751588, 40.641669145572678 ], [ -74.121280747971682, 40.641432495993733 ], [ -74.121311948148332, 40.64145253116267 ] ] ] ] } },
{ "type": "Feature", "properties": { "LocationID": 188, "zone": "Prospect-Lefferts Gardens", "borough": "Brooklyn", "venues": 1, "cohort": "Low" }, "geometry": { "type": "Polygon", "coordinates": [ [ [ -73.957291726999955, 40.664302632000073 ], [ -73.957209354999961, 40.663517397000135 ], [ -73.942696289999887, 40.664055129000154 ], [ -73.942828921999919, 40.662847486000103 ], [ -73.930684654999851, 40.66362047700013 ], [ -73.926464242999828, 40.659814362000141 ], [ -73.927255053999943, 40.659337564000076 ], [ -73.928340175999864, 40.660060036000075 ], [ -73.927994651999882, 40.656802101000075 ], [ -73.950066648999879, 40.655422997000095 ], [ -73.949571131000056, 40.650807900000132 ], [ -73.958707898999904, 40.650387273000099 ], [ -73.959861031999807, 40.655634789000089 ], [ -73.96190028499997, 40.654870962000118 ], [ -73.963077241999827, 40.662130195000067 ], [ -73.962428941999946, 40.663125208000075 ], [ -73.960615447999857, 40.663302750000121 ], [ -73.960336828999814, 40.664108698000149 ], [ -73.957291726999955, 40.664302632000073 ] ] ] } },
{ "type": "Feature", "properties": { "LocationID": 189, "zone": "Prospect Heights", "borough": "Brooklyn", "venues": 0, "cohort": "Low" }, "geometry": { "type": "Polygon", "coordinates": [ [ [ -73.960074283000012, 40.674878071000158 ], [ -73.961318779999914, 40.671406676000082 ], [ -73.96892332199981, 40.672937553000096 ], [ -73.96874205, 40.674087122000103 ], [ -73.969693174999847, 40.675360854000118 ], [ -73.969497388999898, 40.675906380000185 ], [ -73.976180513999836, 40.678064321000143 ], [ -73.974691183999951, 40.680266616000111 ], [ -73.973755984999897, 40.683034020000093 ], [ -73.961346558999935, 40.680463524000103 ], [ -73.963182388999826, 40.675529504000089 ], [ -73.960074283000012, 40.674878071000158 ] ] ] } },
{ "type": "Feature", "properties": { "LocationID": 190, "zone": "Prospect Park", "borough": "Brooklyn", "venues": 0, "cohort": "Low" }, "geometry": { "type": "Polygon", "coordinates": [ [ [ -73.963077241999827, 40.662130195000067 ], [ -73.96190028499997, 40.654870962000118 ], [ -73.966213219999958, 40.653189405000099 ], [ -73.96465438699984, 40.650887728000122 ], [ -73.971396317000043, 40.648257786000066 ], [ -73.972109785999962, 40.65066414400011 ], [ -73.972657697999892, 40.650912040000073 ], [ -73.972328462999968, 40.651397929000076 ], [ -73.97436701299992, 40.658187904000116 ], [ -73.980227162999896, 40.661047975000088 ], [ -73.970412895000052, 40.672593724000095 ], [ -73.967935290999947, 40.673001884000094 ], [ -73.962587848999959, 40.671711597000105 ], [ -73.96095595499996, 40.663285055000124 ], [ -73.962428941999946, 40.663125208000075 ], [ -73.963077241999827, 40.662130195000067 ] ] ] } },
{ "type": "Feature", "properties": { "LocationID": 191, "zone": "Queens Village", "borough": "Queens", "venues": 0, "cohort": "Low" }, "geometry": { "type": "Polygon", "coordinates": [ [ [ -73.731472150999906, 40.727411795000116 ], [ -73.729905124999775, 40.723272495000167 ], [ -73.728364153999934, 40.723614352000048 ], [ -73.728162339106959, 40.723084139891505 ], [ -73.730326289840463, 40.722157296892526 ], [ -73.726971467915206, 40.71071450401692 ], [ -73.726777595169565, 40.703059291199601 ], [ -73.734264552999988, 40.70321954200012 ], [ -73.734304036999845, 40.702478131000113 ], [ -73.740776757999967, 40.702679837000133 ], [ -73.740503364999824, 40.703433556000114 ], [ -73.741092939999888, 40.703481063000105 ], [ -73.745908710000037, 40.702287274000106 ], [ -73.745001191000043, 40.700262213000087 ], [ -73.747730121999908, 40.699553137000123 ], [ -73.74618157999997, 40.696121926000103 ], [ -73.748633259999863, 40.695444761000104 ], [ -73.7501929579999, 40.698912082000071 ], [ -73.7493054709999, 40.699142313000124 ], [ -73.752050664999842, 40.705228028000136 ], [ -73.750470581999849, 40.705639931000107 ], [ -73.753708345999954, 40.713324636000131 ], [ -73.757256714999855, 40.71813860200011 ], [ -73.752334383999795, 40.720262461000125 ], [ -73.755771209999978, 40.723640216000113 ], [ -73.755086250999909, 40.724490060000043 ], [ -73.756697712999866, 40.72622871100009 ], [ -73.751842382999925, 40.728326502000122 ], [ -73.746721404000041, 40.73247715100009 ], [ -73.746491621999965, 40.731414589000103 ], [ -73.745556671999893, 40.730636898000135 ], [ -73.731472150999906, 40.727411795000116 ] ] ] } },
{ "type": "Feature", "properties": { "LocationID": 192, "zone": "Queensboro Hill", "borough": "Queens", "venues": 0, "cohort": "Low" }, "geometry": { "type": "Polygon", "coordinates": [ [ [ -73.824264937999928, 40.751832888000131 ], [ -73.821084275999979, 40.748558446000125 ], [ -73.817820258999987, 40.747385416000085 ], [ -73.815373173999902, 40.747218338000138 ], [ -73.814161719999873, 40.746138580000128 ], [ -73.807505992999907, 40.750136587000142 ], [ -73.802876664999829, 40.749765150000094 ], [ -73.803352141999895, 40.746431965000063 ], [ -73.794675687999799, 40.747211928000155 ], [ -73.794535074, 40.744507638000094 ], [ -73.79723084999992, 40.741695507000138 ], [ -73.797256708999925, 40.740213043000104 ], [ -73.796402187000041, 40.73828235800007 ], [ -73.815049987999927, 40.738943133000099 ], [ -73.814972082999958, 40.738560716000073 ], [ -73.816076767999803, 40.738857934000144 ], [ -73.816779595999861, 40.738379794000046 ], [ -73.824350110999902, 40.739753606000114 ], [ -73.827943602999895, 40.738489982000061 ], [ -73.82809152599998, 40.737083175000151 ], [ -73.829467519999923, 40.737024482000088 ], [ -73.830535512999944, 40.737520195000087 ], [ -73.831430255000043, 40.739135733000154 ], [ -73.83113122799989, 40.742338000000139 ], [ -73.835861318999889, 40.743227985000118 ], [ -73.834690425999923, 40.746902698000142 ], [ -73.833648971999821, 40.747646099000157 ], [ -73.831254797999989, 40.748106359000118 ], [ -73.830819428999945, 40.748995792000144 ], [ -73.827517925999842, 40.749874790000078 ], [ -73.825844409999988, 40.749348391000119 ], [ -73.825765571999852, 40.750969024000078 ], [ -73.824264937999928, 40.751832888000131 ] ] ] } },
{ "type": "Feature", "properties": { "LocationID": 193, "zone": "Queensbridge/Ravenswood", "borough": "Queens", "venues": 0, "cohort": "Low" }, "geometry": { "type": "Polygon", "coordinates": [ [ [ -73.934246095999853, 40.771029275000124 ], [ -73.935931770999829, 40.767783702000102 ], [ -73.938589768999975, 40.766817359000115 ], [ -73.93600532399995, 40.76588489500007 ], [ -73.937004785999861, 40.764239954000168 ], [ -73.933980921999947, 40.762825982000045 ], [ -73.944052652, 40.752313260000108 ], [ -73.950807638091561, 40.755263680057283 ], [ -73.941311749414396, 40.766918004769785 ], [ -73.939835592830136, 40.767988005939138 ], [ -73.938955024533385, 40.767958186217186 ], [ -73.938203834860502, 40.768727571864218 ], [ -73.935240168311921, 40.769679325463194 ], [ -73.934694990669882, 40.7704253385253 ], [ -73.935147154025941, 40.770541956058629 ], [ -73.934904812913089, 40.771270641093523 ], [ -73.934246095999853, 40.771029275000124 ] ] ] } },
{ "type": "Feature", "properties": { "LocationID": 194, "zone": "Randalls Island", "borough": "Manhattan", "venues": 0, "cohort": "Low" }, "geometry": { "type": "Polygon", "coordinates": [ [ [ -73.916398529140437, 40.797684842039153 ], [ -73.914438272332973, 40.79566551786403 ], [ -73.913783853705937, 40.793836285482257 ], [ -73.916854419600597, 40.790358447884863 ], [ -73.918562997749802, 40.789695333826067 ], [ -73.922188311576534, 40.78550927813945 ], [ -73.923064731393907, 40.783342884774441 ], [ -73.924480522804188, 40.782320490646093 ], [ -73.92571808678538, 40.78217655794478 ], [ -73.928101189936626, 40.780920320021252 ], [ -73.931053528039214, 40.782396593783425 ], [ -73.935023451172356, 40.783006382014513 ], [ -73.936070646584923, 40.784217215810287 ], [ -73.935712659988454, 40.785680489246445 ], [ -73.932406735639219, 40.789718503046686 ], [ -73.929724007909471, 40.791366178171721 ], [ -73.92807273587826, 40.790823391141728 ], [ -73.9261041024332, 40.790731607310171 ], [ -73.926160233779015, 40.791716073511068 ], [ -73.926568880179303, 40.791858736818796 ], [ -73.925608147810152, 40.791896958281662 ], [ -73.926739138861379, 40.791928751852495 ], [ -73.926565848079875, 40.790979501856775 ], [ -73.927868892205197, 40.790954838317411 ], [ -73.92713563764022, 40.791929306801691 ], [ -73.928267202980791, 40.79232852397422 ], [ -73.928319435991199, 40.793091266082925 ], [ -73.926936148450395, 40.795497160940691 ], [ -73.92726293295631, 40.798918645061278 ], [ -73.925698261893118, 40.801810871426781 ], [ -73.922633785948832, 40.801868738141316 ], [ -73.920314655212195, 40.799375459290218 ], [ -73.916398529140437, 40.797684842039153 ] ] ] } },
{ "type": "Feature", "properties": { "LocationID": 195, "zone": "Red Hook", "borough": "Brooklyn", "venues": 1, "cohort": "Low" }, "geometry": { "type": "Polygon", "coordinates": [ [ [ -74.00798157801087, 40.686275110061246 ], [ -74.00485241599992, 40.685668131000071 ], [ -74.005960410999876, 40.683362871000128 ], [ -74.001531943999964, 40.677270397000072 ], [ -74.000674091999898, 40.675555789000079 ], [ -74.001059736999864, 40.675555678000165 ], [ -73.998618879999896, 40.671830172000085 ], [ -74.000303378544345, 40.668716892248646 ], [ -74.001056641131797, 40.668945681717474 ], [ -74.001415271031618, 40.668359414347151 ], [ -74.002215068165384, 40.668578637441378 ], [ -74.002894838769436, 40.667348465949537 ], [ -74.005863661806799, 40.667993762585873 ], [ -74.006832360782511, 40.666049645526975 ], [ -74.00696707834247, 40.666052182356857 ], [ -74.004753886923311, 40.670721358945215 ], [ -74.005439265293518, 40.670921468238568 ], [ -74.007548216183835, 40.667051745733779 ], [ -74.007087242218134, 40.66859135853597 ], [ -74.009854118556319, 40.668523628335542 ], [ -74.011540175433268, 40.665085919756805 ], [ -74.015748728826537, 40.664568336291829 ], [ -74.016902673610687, 40.664846602339082 ], [ -74.017887191493955, 40.665850466285555 ], [ -74.018576050108649, 40.670392413870154 ], [ -74.019339468717774, 40.671624948422838 ], [ -74.017510370866944, 40.671034530984358 ], [ -74.016486655544867, 40.664930508954029 ], [ -74.016025517760056, 40.664863048788263 ], [ -74.015936985345505, 40.66547079172161 ], [ -74.012279678727921, 40.66573241415901 ], [ -74.010338459479257, 40.669078195448208 ], [ -74.011542880315631, 40.669784342750454 ], [ -74.011625275213561, 40.670581028276068 ], [ -74.014249269318753, 40.66972860473728 ], [ -74.011753505096991, 40.670657757578518 ], [ -74.014274072577379, 40.671379299182085 ], [ -74.015199805700703, 40.670754027664586 ], [ -74.013872737632354, 40.671880761760633 ], [ -74.014232894527822, 40.672130000513157 ], [ -74.015686254975151, 40.671038834929021 ], [ -74.012975877921889, 40.673327918721128 ], [ -74.013363782181344, 40.673591536934602 ], [ -74.015119186639623, 40.672156995969274 ], [ -74.016320999223069, 40.672908269563898 ], [ -74.014579467209487, 40.674414017071804 ], [ -74.014963921845762, 40.67467763029444 ], [ -74.018168392807922, 40.671939240601255 ], [ -74.018800947769193, 40.672250764848904 ], [ -74.017271384701274, 40.673608645805658 ], [ -74.018010773205361, 40.673913181052562 ], [ -74.017834475726872, 40.675258223014545 ], [ -74.018857769589204, 40.675102292409086 ], [ -74.017911982261779, 40.676510462802128 ], [ -74.01976925613225, 40.676613224917425 ], [ -74.019951978646716, 40.677103010450132 ], [ -74.019082573863258, 40.677139564047735 ], [ -74.019177439468905, 40.677826949007198 ], [ -74.018430406616091, 40.677908321865068 ], [ -74.018411031831562, 40.678407121278624 ], [ -74.019663126514985, 40.678388201270806 ], [ -74.01825267004557, 40.678552886726052 ], [ -74.018578827887737, 40.678983079472538 ], [ -74.019540115698931, 40.678968206238075 ], [ -74.019281281010066, 40.679648140297864 ], [ -74.01282000316418, 40.683622416248866 ], [ -74.012134816887908, 40.682905928025264 ], [ -74.014105496479758, 40.681712519375623 ], [ -74.013018354221003, 40.680412374014466 ], [ -74.009671085588792, 40.68326872771523 ], [ -74.010773123393761, 40.684358615541022 ], [ -74.011932599555223, 40.683887749077726 ], [ -74.00798157801087, 40.686275110061246 ] ] ] } },
{ "type": "Feature", "properties": { "LocationID": 196, "zone": "Rego Park", "borough": "Queens", "venues": 1, "cohort": "Low" }, "geometry": { "type": "Polygon", "coordinates": [ [ [ -73.858510978999988, 40.730286802000101 ], [ -73.857412406999913, 40.72832248000006 ], [ -73.858087656999899, 40.728568722000084 ], [ -73.859419879999905, 40.726464838000098 ], [ -73.857271081, 40.725681298000083 ], [ -73.858054168999928, 40.724445406000072 ], [ -73.86203833799982, 40.725956785000143 ], [ -73.85990796499992, 40.724346234000052 ], [ -73.858680975999903, 40.722612440000084 ], [ -73.857292872999849, 40.711467677000073 ], [ -73.859759329000013, 40.711845059000048 ], [ -73.860037898999963, 40.714932236000053 ], [ -73.869292704999935, 40.72443592900013 ], [ -73.871460741999869, 40.729326374000053 ], [ -73.875091541999922, 40.73067136300012 ], [ -73.858865557999877, 40.735939139000067 ], [ -73.856256650999924, 40.730959123000112 ], [ -73.858510978999988, 40.730286802000101 ] ] ] } },
{ "type": "Feature", "properties": { "LocationID": 197, "zone": "Richmond Hill", "borough": "Queens", "venues": 0, "cohort": "Low" }, "geometry": { "type": "Polygon", "coordinates": [ [ [ -73.836962377999825, 40.704212452000142 ], [ -73.836618821999892, 40.703420018000088 ], [ -73.834602449999963, 40.703927467000085 ], [ -73.833917096999883, 40.702347367000151 ], [ -73.832132041999941, 40.702794081000114 ], [ -73.831521095999989, 40.701389629000154 ], [ -73.822458903999944, 40.703655531000081 ], [ -73.816378244999925, 40.702451964000062 ], [ -73.810632982999962, 40.691947383000084 ], [ -73.825011288999974, 40.687952318000136 ], [ -73.825993473999873, 40.689953662000114 ], [ -73.828511367999923, 40.68923905600014 ], [ -73.82753021399995, 40.687239483000099 ], [ -73.838077690999967, 40.684238910000076 ], [ -73.836974862999909, 40.681988018000098 ], [ -73.840128560999815, 40.681146651000084 ], [ -73.844191508999941, 40.689474408000116 ], [ -73.845005331999886, 40.689243911000091 ], [ -73.849477634999914, 40.698195807000076 ], [ -73.845024729, 40.6993593770001 ], [ -73.836962377999825, 40.704212452000142 ] ] ] } },
{ "type": "Feature", "properties": { "LocationID": 198, "zone": "Ridgewood", "borough": "Queens", "venues": 1, "cohort": "Low" }, "geometry": { "type": "Polygon", "coordinates": [ [ [ -73.909659800999947, 40.717793155000109 ], [ -73.906390100999985, 40.717363692000099 ], [ -73.905375821999826, 40.712876581000046 ], [ -73.885075556999865, 40.712161055000109 ], [ -73.880062676999785, 40.712652574000131 ], [ -73.879076852999987, 40.710359390000121 ], [ -73.879434954999851, 40.710284419000089 ], [ -73.87926181200001, 40.709905347000102 ], [ -73.878727831999882, 40.710027535000059 ], [ -73.877611341999852, 40.707167705000131 ], [ -73.88088332699985, 40.706453977000102 ], [ -73.885532141999988, 40.706445683000048 ], [ -73.889119177999888, 40.705598877000106 ], [ -73.895003226999989, 40.699712377000047 ], [ -73.894849949999895, 40.698589623000096 ], [ -73.89578005099996, 40.698510962000078 ], [ -73.895584575999862, 40.697127642000076 ], [ -73.898381851999957, 40.696135998000116 ], [ -73.901232906999937, 40.691442279000171 ], [ -73.905795970999932, 40.694127155000075 ], [ -73.904260183999895, 40.695700371000086 ], [ -73.911808200999872, 40.699938003000071 ], [ -73.910678826999984, 40.701045969000113 ], [ -73.912904040999834, 40.702361892000063 ], [ -73.911807100999923, 40.70343495300007 ], [ -73.92189184699987, 40.709396096000035 ], [ -73.920745196999846, 40.7105296860001 ], [ -73.921546016999983, 40.711043284000041 ], [ -73.922232946999912, 40.712854425000096 ], [ -73.924040112999933, 40.714008313000107 ], [ -73.910778073999879, 40.713187600000055 ], [ -73.910158179, 40.713821600000124 ], [ -73.912830376999921, 40.715360908000058 ], [ -73.909659800999947, 40.717793155000109 ] ] ] } },
{ "type": "Feature", "properties": { "LocationID": 199, "zone": "Rikers Island", "borough": "Bronx", "venues": 0, "cohort": "Low" }, "geometry": { "type": "Polygon", "coordinates": [ [ [ -73.888851484963126, 40.798706328958943 ], [ -73.886651085245788, 40.798038196700055 ], [ -73.883716023646244, 40.79568983925958 ], [ -73.883661752616135, 40.795968291282364 ], [ -73.882096336874739, 40.795159861043281 ], [ -73.877975232167842, 40.79435979009461 ], [ -73.872218789710644, 40.791036861766599 ], [ -73.871211541434818, 40.790036121737316 ], [ -73.870785739760507, 40.787996465122902 ], [ -73.871630653866802, 40.786797905421658 ], [ -73.873427632933428, 40.785761829479931 ], [ -73.876289872763067, 40.785857779931533 ], [ -73.878306800788096, 40.785356620754428 ], [ -73.889052124216022, 40.787372560129178 ], [ -73.890301355494543, 40.789876727167517 ], [ -73.892128031730039, 40.790315482124591 ], [ -73.892822836109261, 40.792817081951647 ], [ -73.891792896865681, 40.796775245758838 ], [ -73.890795051269876, 40.798021837855835 ], [ -73.889212838980882, 40.79780120410431 ], [ -73.888352480981894, 40.798139359701111 ], [ -73.888851484963126, 40.798706328958943 ] ] ] } },
{ "type": "Feature", "properties": { "LocationID": 200, "zone": "Riverdale/North Riverdale/Fieldston", "borough": "Bronx", "venues": 2, "cohort": "Low" }, "geometry": { "type": "Polygon", "coordinates": [ [ [ -73.89641133500001, 40.904504521000121 ], [ -73.897157171999936, 40.899371827000039 ], [ -73.896431707999852, 40.893655279000086 ], [ -73.897878874999833, 40.890276101000111 ], [ -73.898539118999921, 40.890389074000097 ], [ -73.900903013999965, 40.888910549000094 ], [ -73.902859490999887, 40.889164744000077 ], [ -73.904136423999915, 40.887080709000102 ], [ -73.907388301999816, 40.887819692000065 ], [ -73.90900536, 40.889500141000035 ], [ -73.909759302999973, 40.889250028000099 ], [ -73.911730890999848, 40.888218713000136 ], [ -73.912812774999821, 40.886395187000076 ], [ -73.914892769999895, 40.884624771000105 ], [ -73.918761514999957, 40.885569684000153 ], [ -73.918695904999936, 40.88688520400008 ], [ -73.920586418886018, 40.887182678310033 ], [ -73.915014495860447, 40.903081299106589 ], [ -73.912649321728779, 40.908070811955547 ], [ -73.911491907037444, 40.912233769312209 ], [ -73.911654724021986, 40.913417851896881 ], [ -73.910332568244499, 40.915532777002774 ], [ -73.896633338816372, 40.911417374923239 ], [ -73.89641133500001, 40.904504521000121 ] ] ] } },
{ "type": "Feature", "properties": { "LocationID": 201, "zone": "Rockaway Park", "borough": "Queens", "venues": 0, "cohort": "Low" }, "geometry": { "type": "Polygon", "coordinates": [ [ [ -73.818499018000011, 40.58736235300011 ], [ -73.817883222999839, 40.58744846900013 ], [ -73.815445178999965, 40.583373492000135 ], [ -73.817510591999934, 40.582785271000127 ], [ -73.817307959161155, 40.582334758970191 ], [ -73.833869231721877, 40.57764989760912 ], [ -73.862868922886321, 40.566830571773323 ], [ -73.86662812000003, 40.573057649000113 ], [ -73.86361132999987, 40.573823058000151 ], [ -73.86396642099993, 40.575026787000063 ], [ -73.86288301945423, 40.576059761627512 ], [ -73.853055495851152, 40.581255267855198 ], [ -73.850443851491903, 40.582130243581581 ], [ -73.84521016865186, 40.581579826263876 ], [ -73.83929597982015, 40.581863545478392 ], [ -73.838553064511117, 40.582791714299439 ], [ -73.835841323344141, 40.582875249429378 ], [ -73.828524712612122, 40.584854220382667 ], [ -73.828036924045477, 40.586052538366523 ], [ -73.824801166234352, 40.587154615370139 ], [ -73.822936886315063, 40.587491649727674 ], [ -73.821459719917684, 40.586769924921434 ], [ -73.819129163815788, 40.588038892972783 ], [ -73.818499018000011, 40.58736235300011 ] ] ] } },
{ "type": "Feature", "properties": { "LocationID": 202, "zone": "Roosevelt Island", "borough": "Manhattan", "venues": 0, "cohort": "Low" }, "geometry": { "type": "Polygon", "coordinates": [ [ [ -73.940279858293252, 40.770670711009956 ], [ -73.952540793368811, 40.757095314537459 ], [ -73.957914524931809, 40.752109854525493 ], [ -73.96158304969282, 40.749414301053363 ], [ -73.959016166637326, 40.753595059478847 ], [ -73.952086322832599, 40.760862154202577 ], [ -73.94472478498723, 40.769786271767536 ], [ -73.942126746234038, 40.772034700754844 ], [ -73.940179598020478, 40.772959315797301 ], [ -73.940279858293252, 40.770670711009956 ] ] ] } },
{ "type": "Feature", "properties": { "LocationID": 203, "zone": "Rosedale", "borough": "Queens", "venues": 0, "cohort": "Low" }, "geometry": { "type": "Polygon", "coordinates": [ [ [ -73.727535003012292, 40.673930284146323 ], [ -73.728263852016639, 40.668072875816058 ], [ -73.72781392396702, 40.663223969239169 ], [ -73.728330718879732, 40.663043943865681 ], [ -73.725926877205936, 40.657731319176577 ], [ -73.725226081034961, 40.65200100007393 ], [ -73.730514573005152, 40.650310312003384 ], [ -73.73513501486147, 40.64973204023353 ], [ -73.741437060211652, 40.646889178160919 ], [ -73.742050849263734, 40.641474204763007 ], [ -73.741422793074733, 40.640503390876873 ], [ -73.742273872129488, 40.64012338122587 ], [ -73.739471216133992, 40.635706431914898 ], [ -73.739959575352799, 40.6351438091868 ], [ -73.742212525067757, 40.635015810579262 ], [ -73.742585398435978, 40.63545335666128 ], [ -73.740964876863657, 40.637304775030266 ], [ -73.741890403056118, 40.638122213540456 ], [ -73.743971284962186, 40.637880012615028 ], [ -73.743647465379155, 40.638988848348234 ], [ -73.744795581485107, 40.637075029076279 ], [ -73.746292190006614, 40.636437267982586 ], [ -73.746790746372966, 40.636778135546898 ], [ -73.74527138642911, 40.637915901245535 ], [ -73.745327703335988, 40.638372211969951 ], [ -73.747042260241045, 40.636932365240298 ], [ -73.746314678839568, 40.641394313090984 ], [ -73.748776747873094, 40.645118190982679 ], [ -73.749448869764862, 40.644933500237791 ], [ -73.75428169216147, 40.647885346006376 ], [ -73.754875025211717, 40.647680932847408 ], [ -73.754600067649235, 40.647200773031528 ], [ -73.755223868999948, 40.647444469000085 ], [ -73.754110866999881, 40.648697665000107 ], [ -73.764062900999932, 40.654356266000093 ], [ -73.763190004999856, 40.655898054000097 ], [ -73.761844297999971, 40.656536950000124 ], [ -73.761657328999959, 40.658238086000047 ], [ -73.756809594999851, 40.657093284000112 ], [ -73.748671946999792, 40.652678088000108 ], [ -73.743325467999881, 40.65253780400009 ], [ -73.743287140999925, 40.656134732000105 ], [ -73.744874202999938, 40.656144558000157 ], [ -73.74506037799982, 40.657407150000104 ], [ -73.748531771999936, 40.657575697000119 ], [ -73.747332308999859, 40.65912452100013 ], [ -73.746792600999953, 40.658907622000115 ], [ -73.74684750599981, 40.660795541000084 ], [ -73.742818846999867, 40.665305549000088 ], [ -73.739549583000027, 40.665256022000086 ], [ -73.738910229000012, 40.665954492000054 ], [ -73.738564695000022, 40.66639689800013 ], [ -73.741178172999909, 40.666402954000077 ], [ -73.737757943999853, 40.67005754700012 ], [ -73.733032233999893, 40.67649502600009 ], [ -73.728516567999847, 40.681210473000142 ], [ -73.727182724999949, 40.683597330000083 ], [ -73.725862641911746, 40.683241080974092 ], [ -73.725630051099444, 40.679587950890856 ], [ -73.727535003012292, 40.673930284146323 ] ] ] } },
{ "type": "Feature", "properties": { "LocationID": 204, "zone": "Rossville/Woodrow", "borough": "Staten Island", "venues": 0, "cohort": "Low" }, "geometry": { "type": "Polygon", "coordinates": [ [ [ -74.203148259999963, 40.556061785000047 ], [ -74.191743687999988, 40.531916697000064 ], [ -74.199097837999943, 40.528299645000139 ], [ -74.201526615999953, 40.526265206000126 ], [ -74.2075530649999, 40.525247349000111 ], [ -74.209196602, 40.525376580000085 ], [ -74.211425183999893, 40.524414102000108 ], [ -74.215672303999895, 40.523957628000105 ], [ -74.215743410999892, 40.526464006000069 ], [ -74.218006764999956, 40.532298590000124 ], [ -74.218315151999903, 40.53531207900015 ], [ -74.217769415999925, 40.541126630000136 ], [ -74.221315626999981, 40.550253074000118 ], [ -74.217783776999966, 40.553049188000145 ], [ -74.217843977999976, 40.554432718000079 ], [ -74.213501754999953, 40.555667618000079 ], [ -74.210507894000017, 40.557064182000133 ], [ -74.205854485, 40.557502457000119 ], [ -74.203148259999963, 40.556061785000047 ] ] ] } },
{ "type": "Feature", "properties": { "LocationID": 205, "zone": "Saint Albans", "borough": "Queens", "venues": 0, "cohort": "Low" }, "geometry": { "type": "Polygon", "coordinates": [ [ [ -73.766369252, 40.702563397000112 ], [ -73.761263592999967, 40.703598940000127 ], [ -73.760955466000041, 40.702909578000146 ], [ -73.752050664999842, 40.705228028000136 ], [ -73.7493054709999, 40.699142313000124 ], [ -73.7501929579999, 40.698912082000071 ], [ -73.748633259999863, 40.695444761000104 ], [ -73.745237475999957, 40.696374659000135 ], [ -73.743592860999897, 40.696215325000082 ], [ -73.744679555999852, 40.693412263000099 ], [ -73.750089911999908, 40.685923446000103 ], [ -73.75576169199995, 40.675885909000066 ], [ -73.756918817, 40.676528871000123 ], [ -73.762486003999967, 40.674194982000067 ], [ -73.763676775999954, 40.674745525000112 ], [ -73.763804847999964, 40.673769933000152 ], [ -73.774697301999865, 40.680486046000105 ], [ -73.772202752999874, 40.681610339000116 ], [ -73.7732870399999, 40.683454732000065 ], [ -73.774184148999836, 40.683237921000128 ], [ -73.776997675999965, 40.686282689000116 ], [ -73.779668505999979, 40.68537712300013 ], [ -73.781486756999954, 40.688697183000102 ], [ -73.782344527999953, 40.688407438000127 ], [ -73.783266249999883, 40.689994293000119 ], [ -73.780781554999919, 40.691029943000139 ], [ -73.77977295099997, 40.689281170000122 ], [ -73.77789337399993, 40.689917690000122 ], [ -73.780237237999899, 40.692972335000107 ], [ -73.777835933999839, 40.694321335000048 ], [ -73.77395659499993, 40.699805781000066 ], [ -73.772307686999966, 40.70057150700012 ], [ -73.775074622999824, 40.70523998400008 ], [ -73.77559218799982, 40.705329309000049 ], [ -73.774900932999898, 40.707066662000074 ], [ -73.768445464999843, 40.70963702700007 ], [ -73.766369252, 40.702563397000112 ] ] ] } },
{ "type": "Feature", "properties": { "LocationID": 206, "zone": "Saint George/New Brighton", "borough": "Staten Island", "venues": 3, "cohort": "Low" }, "geometry": { "type": "Polygon", "coordinates": [ [ [ -74.085707543782121, 40.648880553370631 ], [ -74.078995463332632, 40.648142554422627 ], [ -74.07650657152854, 40.646968818183545 ], [ -74.074452825636982, 40.645067488723434 ], [ -74.073591079192653, 40.644998928043229 ], [ -74.073856536847202, 40.645424816099833 ], [ -74.073338138569895, 40.645783116162491 ], [ -74.073690118065429, 40.645305725060176 ], [ -74.073025205072071, 40.645131238320317 ], [ -74.073055598817263, 40.644807917841142 ], [ -74.07342590747642, 40.645000568515485 ], [ -74.073121841835146, 40.644714799469085 ], [ -74.072587755538706, 40.644790863173839 ], [ -74.07269828799015, 40.644441273467514 ], [ -74.071658297597835, 40.64503374643521 ], [ -74.072291902818108, 40.644266047820587 ], [ -74.071482024326201, 40.643292625063751 ], [ -74.070937844714763, 40.643345963840822 ], [ -74.072109524446375, 40.642463216792969 ], [ -74.070329237153857, 40.64252612813258 ], [ -74.073238291835921, 40.642184736082612 ], [ -74.073144005860215, 40.641852974480337 ], [ -74.070193995592135, 40.642007502805484 ], [ -74.073086898193736, 40.64163681496985 ], [ -74.072890056096242, 40.640922672876222 ], [ -74.069983546539518, 40.641068943116949 ], [ -74.072850411949418, 40.640803688445303 ], [ -74.073090355787841, 40.638618999686045 ], [ -74.072388529502902, 40.638245265996908 ], [ -74.07258133886755, 40.637941874296182 ], [ -74.076839977999896, 40.637750260000075 ], [ -74.078652696999924, 40.638304025000089 ], [ -74.083733972999951, 40.63573714400011 ], [ -74.085878828999952, 40.636691590000098 ], [ -74.086905927999894, 40.635857243000082 ], [ -74.08870582299987, 40.636845206000068 ], [ -74.089703782999905, 40.635682501000126 ], [ -74.090906987999958, 40.635485729000102 ], [ -74.092425134999928, 40.63558181300008 ], [ -74.093389422999948, 40.636599555000103 ], [ -74.094093125999976, 40.639266914000167 ], [ -74.09767290799995, 40.638960679000093 ], [ -74.09787969199995, 40.640358055000078 ], [ -74.109748332999942, 40.637865833000149 ], [ -74.11499559699989, 40.637292226000135 ], [ -74.115191473999985, 40.638347681000049 ], [ -74.117657224999959, 40.638062467000104 ], [ -74.116143211999955, 40.628702264000069 ], [ -74.113262495999891, 40.623054425000149 ], [ -74.117906548999883, 40.624877461000082 ], [ -74.121256778999935, 40.627822750000107 ], [ -74.131309852999905, 40.626328343000168 ], [ -74.130141414999969, 40.629965209000133 ], [ -74.130602203999942, 40.631357827000059 ], [ -74.129000540999968, 40.634333594000147 ], [ -74.128670472999943, 40.637348265000128 ], [ -74.126888726999894, 40.637210088000124 ], [ -74.127053622026253, 40.640241737819672 ], [ -74.124155784224925, 40.640134716820228 ], [ -74.122572804895711, 40.640622340047237 ], [ -74.12269555893829, 40.641353026836391 ], [ -74.119934800889112, 40.641197604384104 ], [ -74.119956998757601, 40.64220945342926 ], [ -74.119097204937219, 40.641473466523642 ], [ -74.11940029532461, 40.642379378532944 ], [ -74.119003482003038, 40.641464614510227 ], [ -74.118616352362622, 40.641530365029148 ], [ -74.118836246169479, 40.642541864060583 ], [ -74.11840185083544, 40.641529800543033 ], [ -74.118048911563505, 40.642157461012076 ], [ -74.117170932846804, 40.641624271041955 ], [ -74.117507025232825, 40.642420408430304 ], [ -74.117137064033471, 40.641898064631256 ], [ -74.116721876638877, 40.642031756096799 ], [ -74.117224700825503, 40.643027359962787 ], [ -74.11666607646228, 40.642106766334159 ], [ -74.11630000082738, 40.642202665102502 ], [ -74.116670413826895, 40.643189824893057 ], [ -74.116142086357158, 40.64221645415055 ], [ -74.115719170422906, 40.642351819214227 ], [ -74.116226919054114, 40.643307105862249 ], [ -74.115350821829253, 40.642470540158314 ], [ -74.113796660860046, 40.643609515808087 ], [ -74.113950940684774, 40.644136591675384 ], [ -74.112888065109672, 40.644532444637775 ], [ -74.113890108243424, 40.643989669126903 ], [ -74.113330231926227, 40.643723497586564 ], [ -74.109739325644895, 40.645463728185021 ], [ -74.104123563017396, 40.645740432200377 ], [ -74.098800668858075, 40.645047034311062 ], [ -74.092988281876544, 40.645972780752672 ], [ -74.085707543782121, 40.648880553370631 ] ] ] } },
{ "type": "Feature", "properties": { "LocationID": 207, "zone": "Saint Michaels Cemetery/Woodside", "borough": "Queens", "venues": 0, "cohort": "Low" }, "geometry": { "type": "Polygon", "coordinates": [ [ [ -73.901376402999858, 40.759642038000081 ], [ -73.903569155999975, 40.765781789000116 ], [ -73.902179516999965, 40.767315842000166 ], [ -73.893496058999872, 40.765950930000123 ], [ -73.894538799999921, 40.765357267000098 ], [ -73.898661378999918, 40.759921017000167 ], [ -73.901376402999858, 40.759642038000081 ] ] ] } },
{ "type": "Feature", "properties": { "LocationID": 208, "zone": "Schuylerville/Edgewater Park", "borough": "Bronx", "venues": 1, "cohort": "Low" }, "geometry": { "type": "MultiPolygon", "coordinates": [ [ [ [ -73.826113006999961, 40.845338694000091 ], [ -73.825404825999769, 40.83565927500014 ], [ -73.826012526000028, 40.834020778000045 ], [ -73.825158839000068, 40.834614472000148 ], [ -73.824633465000034, 40.833855808000116 ], [ -73.815525009225041, 40.835976306926185 ], [ -73.816063395742233, 40.835772927473833 ], [ -73.815573970601008, 40.835525081831285 ], [ -73.816081883135936, 40.835361182400426 ], [ -73.815663581392442, 40.834490849307215 ], [ -73.8160119668146, 40.833980805210977 ], [ -73.814879373885901, 40.831030086491594 ], [ -73.814470336880305, 40.831141458252233 ], [ -73.814763876919557, 40.830816799993691 ], [ -73.813897833604869, 40.830907554158458 ], [ -73.814510165214529, 40.830614047051242 ], [ -73.813856719772559, 40.830561442922914 ], [ -73.814299592950377, 40.830350103702841 ], [ -73.81275469994516, 40.828248236251532 ], [ -73.809925159145962, 40.828179711992817 ], [ -73.810095781382429, 40.827819493091624 ], [ -73.811055781086083, 40.827984995683636 ], [ -73.810039400333082, 40.827778138786961 ], [ -73.812603388520586, 40.827835076749345 ], [ -73.813849748512482, 40.826803528750602 ], [ -73.813722076866185, 40.826271592515241 ], [ -73.812917761312221, 40.82635038912084 ], [ -73.813991115827918, 40.826069598431509 ], [ -73.813950540761397, 40.825729151443788 ], [ -73.813421021971948, 40.825925016768494 ], [ -73.813795235176613, 40.825298086001659 ], [ -73.812113505564355, 40.825552634659566 ], [ -73.813277355153062, 40.825161321707725 ], [ -73.813933835506305, 40.824137163116376 ], [ -73.813274173990138, 40.823966665819739 ], [ -73.812748349152344, 40.824777187102519 ], [ -73.811772848712053, 40.824339806172986 ], [ -73.809092346335277, 40.825873398164347 ], [ -73.807666047652333, 40.825896992059192 ], [ -73.806977711522009, 40.825388370897599 ], [ -73.806661660006213, 40.823419584237257 ], [ -73.805951691244459, 40.822882595349604 ], [ -73.805991598489328, 40.820823558490261 ], [ -73.804619312053518, 40.819027114213881 ], [ -73.803483206493027, 40.818276985466738 ], [ -73.802078928718743, 40.818556736968773 ], [ -73.800707626354935, 40.818045098798009 ], [ -73.797590327773221, 40.816507532070261 ], [ -73.797381125735257, 40.815763504895813 ], [ -73.799028163139994, 40.815541134938876 ], [ -73.800111468642797, 40.814024525560797 ], [ -73.801745612157987, 40.81286501791844 ], [ -73.80133906141198, 40.812393734392572 ], [ -73.801759321808206, 40.812861396987529 ], [ -73.803047753942522, 40.812448708239046 ], [ -73.803613901581144, 40.812521106621553 ], [ -73.804358103466996, 40.813608538674202 ], [ -73.803614558059451, 40.812972191191754 ], [ -73.803252944549882, 40.813196773550111 ], [ -73.804530816098335, 40.814254619924604 ], [ -73.803221762992848, 40.81337410994243 ], [ -73.805114655265115, 40.815635850028315 ], [ -73.806572472601715, 40.816606355392544 ], [ -73.805081034666969, 40.815197964012754 ], [ -73.804554405188654, 40.814629842237302 ], [ -73.804659428150416, 40.814544989122197 ], [ -73.806329325660187, 40.816137959320436 ], [ -73.806606031896578, 40.816664494041305 ], [ -73.806535724939366, 40.815891986386475 ], [ -73.807046001535085, 40.816533693875428 ], [ -73.806593284717721, 40.815616706154941 ], [ -73.805319025806526, 40.814781312998377 ], [ -73.805052136462535, 40.812894962434314 ], [ -73.802242453343467, 40.810197393660523 ], [ -73.80101172909842, 40.810713399647483 ], [ -73.801466700073277, 40.81014171796329 ], [ -73.798537659649497, 40.809587075529933 ], [ -73.792289073374235, 40.806849005579679 ], [ -73.791400598744858, 40.806997877913261 ], [ -73.79152359065651, 40.807489087909659 ], [ -73.790864757384057, 40.807341140440712 ], [ -73.790062563280529, 40.805408941834543 ], [ -73.791037175155765, 40.804263031702206 ], [ -73.793389822867198, 40.804204330036427 ], [ -73.795777693940011, 40.806162949029371 ], [ -73.796209034731845, 40.805968590462037 ], [ -73.797919677692519, 40.806694227553379 ], [ -73.801952383216786, 40.809002826887784 ], [ -73.802959217481174, 40.809077083729697 ], [ -73.803926734172038, 40.808527970811902 ], [ -73.8099202908178, 40.812929152261944 ], [ -73.81185065747438, 40.812939400040392 ], [ -73.813892753673642, 40.813587197838217 ], [ -73.814430673124349, 40.813518375715844 ], [ -73.814499941160079, 40.812908287604657 ], [ -73.81447727191015, 40.813518541841354 ], [ -73.816200568962913, 40.813847476479509 ], [ -73.820555215173243, 40.81301765507704 ], [ -73.820244361220361, 40.812430677574163 ], [ -73.821065120708099, 40.812203592467576 ], [ -73.820323555158936, 40.812439652195131 ], [ -73.821129698049219, 40.812449756866975 ], [ -73.820441796241511, 40.812657577836362 ], [ -73.82058709143999, 40.813019446608294 ], [ -73.824063874324963, 40.812169261526428 ], [ -73.82505782162761, 40.811829918389492 ], [ -73.824809053599921, 40.811439281600116 ], [ -73.825243504678255, 40.811761340240231 ], [ -73.824879389380726, 40.811272983828388 ], [ -73.82526664318074, 40.811752347898633 ], [ -73.82523137433175, 40.811209789799122 ], [ -73.825650702980923, 40.811592290916202 ], [ -73.825357668595487, 40.811027643923985 ], [ -73.825672290847749, 40.811584743730542 ], [ -73.825537104615478, 40.811015524280798 ], [ -73.825812557188911, 40.811533704520478 ], [ -73.82579755905094, 40.81120533563994 ], [ -73.828218375139812, 40.811424592136049 ], [ -73.830179153302382, 40.810834549489648 ], [ -73.832166170488804, 40.808502277670321 ], [ -73.831615744776997, 40.804938255996774 ], [ -73.83431545195694, 40.805162656923571 ], [ -73.837436121129244, 40.806202642591742 ], [ -73.840431995204611, 40.81254112811866 ], [ -73.839629016849017, 40.814009717774802 ], [ -73.839743559218647, 40.816406071751558 ], [ -73.836960702999917, 40.816340541000102 ], [ -73.836142394999854, 40.819198903000078 ], [ -73.836618196999922, 40.827114149000124 ], [ -73.837090613999905, 40.828967147000164 ], [ -73.84228428387955, 40.82864660499154 ], [ -73.842330774772662, 40.82907396245389 ], [ -73.841886437744279, 40.830713176534609 ], [ -73.838852323847391, 40.83369066784843 ], [ -73.839567002999871, 40.840547228000055 ], [ -73.839364527999948, 40.840877067000179 ], [ -73.837713748999917, 40.840406310000077 ], [ -73.836889251999963, 40.843374788000112 ], [ -73.830431863999848, 40.843857984000145 ], [ -73.826113006999961, 40.845338694000091 ] ] ], [ [ [ -73.839794885810718, 40.835619207246495 ], [ -73.839412203108594, 40.834600065107622 ], [ -73.83959266810578, 40.834560475823466 ], [ -73.839794885810718, 40.835619207246495 ] ] ], [ [ [ -73.839616725613737, 40.835667752627529 ], [ -73.839608504001518, 40.835708050842413 ], [ -73.839600985454339, 40.835670718698772 ], [ -73.839616725613737, 40.835667752627529 ] ] ] ] } },
{ "type": "Feature", "properties": { "LocationID": 209, "zone": "Seaport", "borough": "Manhattan", "venues": 0, "cohort": "Low" }, "geometry": { "type": "Polygon", "coordinates": [ [ [ -74.004998050999959, 40.712011897000075 ], [ -74.003661182999977, 40.711487283000132 ], [ -73.999194511544076, 40.707947376175916 ], [ -74.001186852628351, 40.706859825771964 ], [ -74.001406666919536, 40.70617938802085 ], [ -74.000582970479797, 40.705433933649083 ], [ -74.001436611793977, 40.70487217770544 ], [ -74.002569650797241, 40.705523579761937 ], [ -74.005056727999886, 40.708788769000137 ], [ -74.00906264699988, 40.710886704000096 ], [ -74.008600853999923, 40.711392240000144 ], [ -74.004998050999959, 40.712011897000075 ] ] ] } },
{ "type": "Feature", "properties": { "LocationID": 210, "zone": "Sheepshead Bay", "borough": "Brooklyn", "venues": 0, "cohort": "Low" }, "geometry": { "type": "Polygon", "coordinates": [ [ [ -73.92956858299992, 40.596820265000133 ], [ -73.918055718657428, 40.58643685311641 ], [ -73.919190331723499, 40.585962494147886 ], [ -73.920821569418877, 40.585995774206488 ], [ -73.92090603836381, 40.585590581533786 ], [ -73.922353373773049, 40.586023936562505 ], [ -73.925203615142408, 40.585806271155569 ], [ -73.927207741888992, 40.587722759186882 ], [ -73.927682877473188, 40.587361600134201 ], [ -73.927356809288895, 40.588022176276354 ], [ -73.927916257410487, 40.587548736392193 ], [ -73.928079068178491, 40.587702460523381 ], [ -73.927404501516463, 40.58820650449001 ], [ -73.927901757409899, 40.587953409280082 ], [ -73.928021852764289, 40.588068756351078 ], [ -73.927454677909765, 40.588299564074234 ], [ -73.927761436391023, 40.588660609759017 ], [ -73.923952948500897, 40.591139850525202 ], [ -73.9246012993856, 40.591199325003373 ], [ -73.928630614156361, 40.588572636420921 ], [ -73.928440904936608, 40.589030428142195 ], [ -73.929134403826396, 40.58887924168215 ], [ -73.928846790914278, 40.589232123876002 ], [ -73.929981878661934, 40.589515997878806 ], [ -73.929361283543457, 40.589250662982714 ], [ -73.929766157733113, 40.589292069447858 ], [ -73.930034274505573, 40.589425996500935 ], [ -73.930577057182418, 40.589890641203368 ], [ -73.930103259887446, 40.589606105071603 ], [ -73.930725787298258, 40.591089860265313 ], [ -73.929712820366078, 40.593120048248288 ], [ -73.930016509520811, 40.594094536062308 ], [ -73.930081594531387, 40.593595462871477 ], [ -73.930432461296078, 40.594402674950096 ], [ -73.931763874000197, 40.59428409876304 ], [ -73.930781313796132, 40.594498955277004 ], [ -73.932604205568438, 40.594929544525151 ], [ -73.931399979863784, 40.591804890562329 ], [ -73.931009893431593, 40.591931042481193 ], [ -73.931559394416141, 40.591292964070959 ], [ -73.931212948589547, 40.589531308119433 ], [ -73.930685680598131, 40.588821954227036 ], [ -73.930091382791986, 40.588988862379225 ], [ -73.930399675974883, 40.588465520415546 ], [ -73.929728463801922, 40.588613915829889 ], [ -73.930385452562618, 40.588441616079074 ], [ -73.929722326467243, 40.58756008290402 ], [ -73.931349178240652, 40.587328167229678 ], [ -73.931251912671314, 40.586849825214415 ], [ -73.928573939364568, 40.587061502371576 ], [ -73.928157006956127, 40.585864523066277 ], [ -73.927369557858881, 40.586006585316596 ], [ -73.927586418298844, 40.586254135332538 ], [ -73.927516219956033, 40.58639826671569 ], [ -73.927304338238756, 40.58586592842007 ], [ -73.926380418810638, 40.585295756348039 ], [ -73.926548209633339, 40.585575315387821 ], [ -73.925528608745836, 40.584978376572877 ], [ -73.926275295422315, 40.585352647442178 ], [ -73.92583335908428, 40.584953077110825 ], [ -73.927120818999938, 40.584879357000091 ], [ -73.9344471859999, 40.586652075000146 ], [ -73.948662305999974, 40.584893856000122 ], [ -73.951238656000044, 40.584924633000085 ], [ -73.953573660999822, 40.585309188000082 ], [ -73.953878607000036, 40.585721246000119 ], [ -73.960258258999957, 40.585029308000131 ], [ -73.960349535999882, 40.587306286000121 ], [ -73.956193136999858, 40.587762269000152 ], [ -73.957003303999969, 40.592002256000086 ], [ -73.95607720399984, 40.592101432000135 ], [ -73.956927197, 40.596612076000049 ], [ -73.942484732999915, 40.598200365000046 ], [ -73.942889540999843, 40.600318650000141 ], [ -73.934471588999983, 40.601231512000112 ], [ -73.935032745999962, 40.601733790000054 ], [ -73.933551171999795, 40.602687281000094 ], [ -73.928131396999987, 40.597777928000063 ], [ -73.92956858299992, 40.596820265000133 ] ] ] } },
{ "type": "Feature", "properties": { "LocationID": 211, "zone": "SoHo", "borough": "Manhattan", "venues": 1, "cohort": "Low" }, "geometry": { "type": "Polygon", "coordinates": [ [ [ -73.996771757999895, 40.7254319440001 ], [ -74.001884062999935, 40.719397571000101 ], [ -74.005391866999886, 40.72203736600013 ], [ -74.003730175, 40.726250059000186 ], [ -74.002148914999964, 40.728035367000118 ], [ -73.996771757999895, 40.7254319440001 ] ] ] } },
{ "type": "Feature", "properties": { "LocationID": 212, "zone": "Soundview/Bruckner", "borough": "Bronx", "venues": 0, "cohort": "Low" }, "geometry": { "type": "Polygon", "coordinates": [ [ [ -73.884219765999873, 40.82299645800007 ], [ -73.884613359999975, 40.825276503000104 ], [ -73.883784140999921, 40.828274292000131 ], [ -73.877299304999951, 40.828742774000091 ], [ -73.86085019699982, 40.833613538000044 ], [ -73.857391212999985, 40.832297372000042 ], [ -73.856151129000025, 40.826770046000064 ], [ -73.884219765999873, 40.82299645800007 ] ] ] } },
{ "type": "Feature", "properties": { "LocationID": 213, "zone": "Soundview/Castle Hill", "borough": "Bronx", "venues": 0, "cohort": "Low" }, "geometry": { "type": "MultiPolygon", "coordinates": [ [ [ [ -73.842895275039027, 40.828569176061031 ], [ -73.840017529956995, 40.822190243125675 ], [ -73.839998604074225, 40.819934946813284 ], [ -73.841986848340497, 40.818774373908283 ], [ -73.846173028720429, 40.810676664430595 ], [ -73.847196845096406, 40.810580487614409 ], [ -73.848214865155825, 40.812462909498464 ], [ -73.851144722606904, 40.814396548876175 ], [ -73.852911775018541, 40.814500996711715 ], [ -73.852612625192648, 40.813962582840375 ], [ -73.853368578688048, 40.813593903136528 ], [ -73.855380302436942, 40.81428888208297 ], [ -73.853467740585231, 40.813477711608897 ], [ -73.851199977251738, 40.813553144376357 ], [ -73.849032941806726, 40.812118910078709 ], [ -73.850042416129014, 40.80921540848783 ], [ -73.849550769349364, 40.808720867511099 ], [ -73.849966968028184, 40.808578018843768 ], [ -73.849611664203806, 40.80812418505144 ], [ -73.848760077459843, 40.808337457793257 ], [ -73.849522182567355, 40.808055277720392 ], [ -73.848416409616405, 40.80736877579551 ], [ -73.8483795372141, 40.806360186334743 ], [ -73.847488226419003, 40.805448909149376 ], [ -73.848647846062093, 40.804699371480588 ], [ -73.849977227091614, 40.805059594982097 ], [ -73.850198390364014, 40.804510024974149 ], [ -73.855610037777339, 40.804470590944078 ], [ -73.856614854501998, 40.804796923950533 ], [ -73.85866549456955, 40.806833088596271 ], [ -73.858389962288086, 40.808258809149024 ], [ -73.858951412217706, 40.810271417586755 ], [ -73.860126952355898, 40.809605499891447 ], [ -73.85935625734362, 40.808988034286649 ], [ -73.859388754267869, 40.808166141207252 ], [ -73.860652225142914, 40.809636681692012 ], [ -73.867656462844565, 40.810583761937295 ], [ -73.870778048859307, 40.814486895487967 ], [ -73.876519960336196, 40.816131063424343 ], [ -73.876634599818473, 40.815711508049759 ], [ -73.878062832999902, 40.816182632000142 ], [ -73.88244779599998, 40.819268323000131 ], [ -73.884398548999897, 40.822965576000058 ], [ -73.856356774999924, 40.82675208500013 ], [ -73.855136396999967, 40.822436189000051 ], [ -73.842898588000025, 40.824083059000046 ], [ -73.843906249999989, 40.828407829000128 ], [ -73.842895275039027, 40.828569176061031 ] ] ], [ [ [ -73.836960702999917, 40.816340541000102 ], [ -73.839743559218647, 40.816406071751558 ], [ -73.840092723157255, 40.816942339762541 ], [ -73.840053237233377, 40.817921288113858 ], [ -73.838683477007223, 40.819591381519565 ], [ -73.839063989238554, 40.819802432341845 ], [ -73.838882316467334, 40.822140489856217 ], [ -73.84228428387955, 40.828646604491553 ], [ -73.837090613999905, 40.828967147000164 ], [ -73.836125989999843, 40.82349743200011 ], [ -73.836142394999854, 40.819198903000078 ], [ -73.836960702999917, 40.816340541000102 ] ] ] ] } },
{ "type": "Feature", "properties": { "LocationID": 214, "zone": "South Beach/Dongan Hills", "borough": "Staten Island", "venues": 2, "cohort": "Low" }, "geometry": { "type": "Polygon", "coordinates": [ [ [ -74.085875118999965, 40.595890121000068 ], [ -74.083768622999983, 40.595520957000133 ], [ -74.081733429999915, 40.592156286000069 ], [ -74.078466937999906, 40.593300012000093 ], [ -74.078881916999919, 40.593942792000092 ], [ -74.070439760999918, 40.596734747000092 ], [ -74.067284106999921, 40.590986203000078 ], [ -74.065776828999972, 40.590021391000107 ], [ -74.064360037212481, 40.588267891174993 ], [ -74.064778330329844, 40.588488310725872 ], [ -74.067222768169856, 40.58673445026286 ], [ -74.070211542894654, 40.583981357711707 ], [ -74.071448375956109, 40.582434067964698 ], [ -74.070657815378055, 40.581625625038015 ], [ -74.071776384311917, 40.581876535164206 ], [ -74.07499413073505, 40.579236557416507 ], [ -74.07336118472098, 40.578275488289336 ], [ -74.07508288192615, 40.579160158755712 ], [ -74.075798195407117, 40.578309250650804 ], [ -74.075346225823935, 40.577887969571925 ], [ -74.076015969778908, 40.578244912290387 ], [ -74.079263212569131, 40.575671292205961 ], [ -74.078679339389112, 40.57508182522362 ], [ -74.07933640538252, 40.57562720401701 ], [ -74.080178674420438, 40.575180418259741 ], [ -74.084957158191926, 40.571259840021277 ], [ -74.085976474999924, 40.572236971000073 ], [ -74.100390834999956, 40.579688666000123 ], [ -74.098440008999972, 40.581241706000107 ], [ -74.105257754999982, 40.585921436000056 ], [ -74.100882516999945, 40.590179216000109 ], [ -74.100830522999942, 40.592632306000077 ], [ -74.099795889999967, 40.593871366000108 ], [ -74.093754537999985, 40.596744890000103 ], [ -74.089836558999878, 40.600774095000176 ], [ -74.082187292999876, 40.601941008000075 ], [ -74.081257858999891, 40.600678848000037 ], [ -74.081303437999978, 40.599387656000154 ], [ -74.082483033999921, 40.598329808000145 ], [ -74.085326500999912, 40.59700832200015 ], [ -74.085875118999965, 40.595890121000068 ] ] ] } },
{ "type": "Feature", "properties": { "LocationID": 215, "zone": "South Jamaica", "borough": "Queens", "venues": 0, "cohort": "Low" }, "geometry": { "type": "Polygon", "coordinates": [ [ [ -73.780344912000032, 40.705412417000041 ], [ -73.773956594999859, 40.699805782000105 ], [ -73.777835933999839, 40.694321335000048 ], [ -73.780237237999899, 40.692972335000107 ], [ -73.77789337399993, 40.689917690000122 ], [ -73.77977295099997, 40.689281170000122 ], [ -73.780781554999919, 40.691029943000139 ], [ -73.793908417, 40.686304691000075 ], [ -73.795614867999873, 40.688656891000093 ], [ -73.79995042799996, 40.686827719000092 ], [ -73.798982090999942, 40.684858738000059 ], [ -73.805768401999913, 40.682932391000122 ], [ -73.810632982999962, 40.691947383000084 ], [ -73.808902169000035, 40.692564349000129 ], [ -73.806424793999838, 40.690873858000103 ], [ -73.797861933999968, 40.69799340400013 ], [ -73.792605067999872, 40.700432100000114 ], [ -73.791869165999913, 40.701366137000079 ], [ -73.792391702999879, 40.702166530000106 ], [ -73.782565825999953, 40.705424864000079 ], [ -73.780344912000032, 40.705412417000041 ] ] ] } },
{ "type": "Feature", "properties": { "LocationID": 216, "zone": "South Ozone Park", "borough": "Queens", "venues": 0, "cohort": "Low" }, "geometry": { "type": "Polygon", "coordinates": [ [ [ -73.810632982999962, 40.691947383000084 ], [ -73.801428367999875, 40.673666834000066 ], [ -73.801179090999938, 40.669100265000161 ], [ -73.80203207699995, 40.665248025000132 ], [ -73.8084501619999, 40.664461301000095 ], [ -73.81176694899986, 40.662934536000151 ], [ -73.814969224999857, 40.662472668000085 ], [ -73.826873539000019, 40.663704107000093 ], [ -73.832705339, 40.665405773000067 ], [ -73.840128560999815, 40.681146651000084 ], [ -73.836974862999909, 40.681988018000098 ], [ -73.838077690999967, 40.684238910000076 ], [ -73.82753021399995, 40.687239483000099 ], [ -73.828511367999923, 40.68923905600014 ], [ -73.825993473999873, 40.689953662000114 ], [ -73.825011288999974, 40.687952318000136 ], [ -73.810632982999962, 40.691947383000084 ] ] ] } },
{ "type": "Feature", "properties": { "LocationID": 217, "zone": "South Williamsburg", "borough": "Brooklyn", "venues": 0, "cohort": "Low" }, "geometry": { "type": "Polygon", "coordinates": [ [ [ -73.957904307999883, 40.708427173000125 ], [ -73.951910556999792, 40.706360079000113 ], [ -73.947052052999908, 40.703663949000067 ], [ -73.951288193999886, 40.700922365000082 ], [ -73.953811969000029, 40.703180980000106 ], [ -73.957457363999922, 40.700822603000127 ], [ -73.957019931999909, 40.698973914000135 ], [ -73.962839636999931, 40.698038668000137 ], [ -73.962179781999978, 40.700220710000096 ], [ -73.967209619999849, 40.704255709000115 ], [ -73.968389336999948, 40.706829187000089 ], [ -73.963278738, 40.707729299000142 ], [ -73.958455768, 40.707251847000101 ], [ -73.957904307999883, 40.708427173000125 ] ] ] } },
{ "type": "Feature", "properties": { "LocationID": 218, "zone": "Springfield Gardens North", "borough": "Queens", "venues": 0, "cohort": "Low" }, "geometry": { "type": "Polygon", "coordinates": [ [ [ -73.774697301999865, 40.680486046000105 ], [ -73.763804847999964, 40.673769933000152 ], [ -73.763676775999954, 40.674745525000112 ], [ -73.762486003999967, 40.674194982000067 ], [ -73.760314639999933, 40.675109971000047 ], [ -73.758571988999861, 40.672637331000054 ], [ -73.756362393000018, 40.672429237000216 ], [ -73.756437343999806, 40.669666379000098 ], [ -73.757631295999914, 40.666451157000118 ], [ -73.773424627999916, 40.668027619000071 ], [ -73.789409993999868, 40.666841159000157 ], [ -73.788086473999854, 40.673009627000106 ], [ -73.785737308999927, 40.672385035000083 ], [ -73.783762439999876, 40.675315686000125 ], [ -73.777229236, 40.679652721000103 ], [ -73.774697301999865, 40.680486046000105 ] ] ] } },
{ "type": "Feature", "properties": { "LocationID": 219, "zone": "Springfield Gardens South", "borough": "Queens", "venues": 0, "cohort": "Low" }, "geometry": { "type": "Polygon", "coordinates": [ [ [ -73.773424627999916, 40.668027619000071 ], [ -73.756021733999788, 40.666391716000085 ], [ -73.738564695000022, 40.66639689800013 ], [ -73.739549583000027, 40.665256022000086 ], [ -73.742818846000063, 40.665305549000045 ], [ -73.744053138999888, 40.663658071000143 ], [ -73.744509225999792, 40.66382127800005 ], [ -73.746847504999849, 40.66079554100007 ], [ -73.746792600999953, 40.658907622000115 ], [ -73.747332308999859, 40.65912452100013 ], [ -73.748531771999936, 40.657575697000119 ], [ -73.745060378999881, 40.657407150000068 ], [ -73.744874202999938, 40.656144558000157 ], [ -73.743287140999925, 40.656134732000105 ], [ -73.743325468999927, 40.652537804000112 ], [ -73.748671946999792, 40.652678088000108 ], [ -73.756809594999851, 40.657093284000112 ], [ -73.761657328999959, 40.658238086000047 ], [ -73.761844297999971, 40.656536950000124 ], [ -73.763190004999856, 40.655898054000097 ], [ -73.764062900999932, 40.654356266000093 ], [ -73.774189235999927, 40.659860524000109 ], [ -73.783218334999972, 40.66316628400012 ], [ -73.79582296400001, 40.664953256000111 ], [ -73.80203207699995, 40.665248025000132 ], [ -73.801555653000037, 40.66675336400008 ], [ -73.789409993999911, 40.666841158000132 ], [ -73.773424627999916, 40.668027619000071 ] ] ] } },
{ "type": "Feature", "properties": { "LocationID": 220, "zone": "Spuyten Duyvil/Kingsbridge", "borough": "Bronx", "venues": 5, "cohort": "Medium" }, "geometry": { "type": "Polygon", "coordinates": [ [ [ -73.897878874999833, 40.890276101000111 ], [ -73.899725885999885, 40.886514887000054 ], [ -73.896615465999858, 40.88595525600013 ], [ -73.903694547999919, 40.878501618000101 ], [ -73.906081305999876, 40.873239629000089 ], [ -73.907464896999954, 40.873547354000024 ], [ -73.906818730999902, 40.876619588000132 ], [ -73.910331935999977, 40.879038047000073 ], [ -73.911489131999843, 40.879018859000105 ], [ -73.91205829999997, 40.878119320000096 ], [ -73.915786093200836, 40.875717182480521 ], [ -73.917756693648315, 40.875663627930287 ], [ -73.919783812664235, 40.8764214360531 ], [ -73.92273788293744, 40.878905445214123 ], [ -73.92490327486523, 40.878888367926727 ], [ -73.920586418886018, 40.887182678310033 ], [ -73.918695904999822, 40.88688520300007 ], [ -73.918761514999943, 40.885569685000085 ], [ -73.914892769999895, 40.884624771000105 ], [ -73.912812774999821, 40.886395187000076 ], [ -73.911730890999848, 40.888218713000136 ], [ -73.90900536, 40.889500141000035 ], [ -73.907388301999816, 40.887819692000065 ], [ -73.904136423999915, 40.887080709000102 ], [ -73.902859490999887, 40.889164744000077 ], [ -73.900903013999965, 40.888910549000094 ], [ -73.898348963, 40.890444997000088 ], [ -73.897878874999833, 40.890276101000111 ] ] ] } },
{ "type": "Feature", "properties": { "LocationID": 221, "zone": "Stapleton", "borough": "Staten Island", "venues": 4, "cohort": "Low" }, "geometry": { "type": "Polygon", "coordinates": [ [ [ -74.075305500999917, 40.637729959000147 ], [ -74.07258133886755, 40.637941874296182 ], [ -74.073483538017157, 40.637787357935892 ], [ -74.073487373035576, 40.637233529236397 ], [ -74.07053959705199, 40.637471404624456 ], [ -74.070527198318672, 40.637132058705824 ], [ -74.073415626328227, 40.636893950965728 ], [ -74.072094838075031, 40.636647277624846 ], [ -74.073358220455845, 40.636536094165365 ], [ -74.072984746123296, 40.63030897898161 ], [ -74.068021735439459, 40.628787585185613 ], [ -74.072911779365484, 40.62999637940672 ], [ -74.072255009557779, 40.62460875019412 ], [ -74.069755430883234, 40.621208139872579 ], [ -74.066493352963775, 40.618897601595371 ], [ -74.065960652717763, 40.619359015593943 ], [ -74.066199079548639, 40.618722481288955 ], [ -74.06544586069478, 40.61920262828945 ], [ -74.066682079829192, 40.618067495938725 ], [ -74.0649618928053, 40.617772399570597 ], [ -74.064257217515873, 40.618171687585736 ], [ -74.065099084072131, 40.617510956125656 ], [ -74.064436620050316, 40.6170624146027 ], [ -74.063908922403527, 40.617328825149286 ], [ -74.064327458580451, 40.616988503022306 ], [ -74.061307095502769, 40.61419225076579 ], [ -74.060336807920095, 40.611901880219911 ], [ -74.059854443286184, 40.612102958608325 ], [ -74.059999197116312, 40.612783899618805 ], [ -74.059769307381771, 40.612056647139561 ], [ -74.060272248099409, 40.61181963993937 ], [ -74.059270762163081, 40.611493132537241 ], [ -74.059085843087004, 40.610633677254661 ], [ -74.056858123902316, 40.608056357772753 ], [ -74.065170912999903, 40.604213508000079 ], [ -74.063505656999951, 40.602150055000109 ], [ -74.073999652999987, 40.605725567000071 ], [ -74.081554700999902, 40.606290297000065 ], [ -74.075025699, 40.616378740000115 ], [ -74.0714060829999, 40.61943137900014 ], [ -74.071165687999951, 40.620698786000098 ], [ -74.072535516999892, 40.622464022000081 ], [ -74.080000949999942, 40.618552952000144 ], [ -74.087209827999956, 40.613306973000078 ], [ -74.087823418999903, 40.615087935000084 ], [ -74.086267565999961, 40.617832011000139 ], [ -74.084962117999908, 40.62462523300016 ], [ -74.084154198999983, 40.626267115000097 ], [ -74.082988088999926, 40.62735007300008 ], [ -74.080843714999972, 40.627379491000077 ], [ -74.07972492199994, 40.628950688000067 ], [ -74.08173135299991, 40.630012226000105 ], [ -74.081406153999978, 40.630301236000129 ], [ -74.08574928999991, 40.633955557000071 ], [ -74.084436475999908, 40.63540524800009 ], [ -74.078788310999954, 40.638268559000096 ], [ -74.075305500999917, 40.637729959000147 ] ] ] } },
{ "type": "Feature", "properties": { "LocationID": 222, "zone": "Starrett City", "borough": "Brooklyn", "venues": 0, "cohort": "Low" }, "geometry": { "type": "MultiPolygon", "coordinates": [ [ [ [ -73.882213648999937, 40.654518638000155 ], [ -73.876103980000039, 40.646214789000112 ], [ -73.874580810999916, 40.645610106000134 ], [ -73.878415894069249, 40.638912189353505 ], [ -73.880483869226254, 40.6409780345477 ], [ -73.880736235463289, 40.641565958475951 ], [ -73.880292480685767, 40.641404915733354 ], [ -73.880067141324247, 40.642003446626951 ], [ -73.881393062306159, 40.642347339979324 ], [ -73.882148325625607, 40.643743727840786 ], [ -73.883419992030113, 40.644523815649634 ], [ -73.885577621244408, 40.644040950146334 ], [ -73.887434447084217, 40.645936681773982 ], [ -73.887640721667253, 40.647802390007485 ], [ -73.888636384340913, 40.64802449261586 ], [ -73.890067800730549, 40.649323635640656 ], [ -73.890347346937702, 40.649033605778271 ], [ -73.891251471999951, 40.650025597000116 ], [ -73.890005891999891, 40.651148697000131 ], [ -73.882213648999937, 40.654518638000155 ] ] ], [ [ [ -73.888291831215142, 40.646718719035846 ], [ -73.888641376206792, 40.647079553158193 ], [ -73.888516375685285, 40.647360691522103 ], [ -73.888200507266475, 40.647140869529245 ], [ -73.888291831215142, 40.646718719035846 ] ] ] ] } },
{ "type": "Feature", "properties": { "LocationID": 223, "zone": "Steinway", "borough": "Queens", "venues": 0, "cohort": "Low" }, "geometry": { "type": "Polygon", "coordinates": [ [ [ -73.909858629257741, 40.790945493782097 ], [ -73.900326297438156, 40.78900766282591 ], [ -73.895929629755102, 40.785648944313976 ], [ -73.895829143770598, 40.785221527383648 ], [ -73.898748976383985, 40.782781155766237 ], [ -73.901145775521073, 40.782711106090737 ], [ -73.902178153159909, 40.781780561863641 ], [ -73.902579296723459, 40.780289120835761 ], [ -73.901291276189198, 40.781858419270556 ], [ -73.898654378440327, 40.781995420320925 ], [ -73.894377779341269, 40.784243203484415 ], [ -73.8960637773842, 40.783157201805416 ], [ -73.89477429053531, 40.782253592494435 ], [ -73.895421979716716, 40.781717771016496 ], [ -73.895357505675193, 40.781657657133564 ], [ -73.894600917745947, 40.782253158981625 ], [ -73.895348504673748, 40.781649265484596 ], [ -73.895284679113004, 40.781541249255007 ], [ -73.894164690838025, 40.782472046441548 ], [ -73.893060906920539, 40.781848289707312 ], [ -73.892307502036459, 40.782466041573912 ], [ -73.892749178764078, 40.782965706685026 ], [ -73.891654591237156, 40.782194781530841 ], [ -73.892241910974278, 40.78241079906126 ], [ -73.893009861801929, 40.781798023562338 ], [ -73.891650052278393, 40.780843379675787 ], [ -73.892536367935051, 40.779553065880833 ], [ -73.891668597028442, 40.779492539410057 ], [ -73.8911958970439, 40.778563287887231 ], [ -73.892510645423357, 40.777392869272916 ], [ -73.891416059011931, 40.776338956117321 ], [ -73.891832449022459, 40.774880199944505 ], [ -73.890341959999958, 40.773237605000162 ], [ -73.889976727194409, 40.773723610074143 ], [ -73.88945486901865, 40.773532951063757 ], [ -73.888725512999798, 40.768916239000141 ], [ -73.887706617999854, 40.766838598000135 ], [ -73.890890436999968, 40.765858198000124 ], [ -73.891835357999867, 40.766227080000128 ], [ -73.893496058999872, 40.765950930000123 ], [ -73.917591204999965, 40.769900871000132 ], [ -73.918116864999917, 40.770028486000086 ], [ -73.91770217299991, 40.770393112000107 ], [ -73.923981429, 40.774615113000131 ], [ -73.923025715, 40.775384310000078 ], [ -73.923757612999978, 40.77654701200008 ], [ -73.917965813999928, 40.781256292000123 ], [ -73.919964587964955, 40.78263506876845 ], [ -73.917171186464259, 40.784193484371599 ], [ -73.916832770164135, 40.78519139248764 ], [ -73.915260139360939, 40.786192216641702 ], [ -73.915587101397563, 40.786429631166037 ], [ -73.912599859115005, 40.789376329634145 ], [ -73.912229524264333, 40.789179279463823 ], [ -73.909858629257741, 40.790945493782097 ] ] ] } },
{ "type": "Feature", "properties": { "LocationID": 224, "zone": "Stuy Town/Peter Cooper Village", "borough": "Manhattan", "venues": 0, "cohort": "Low" }, "geometry": { "type": "Polygon", "coordinates": [ [ [ -73.978498455999954, 40.736790957000075 ], [ -73.974437009792965, 40.735316356064835 ], [ -73.973413217308519, 40.73128241642884 ], [ -73.971518826280217, 40.729351361740299 ], [ -73.971626972858616, 40.726628452998625 ], [ -73.982556292999845, 40.731350134000067 ], [ -73.978498455999954, 40.736790957000075 ] ] ] } },
{ "type": "Feature", "properties": { "LocationID": 225, "zone": "Stuyvesant Heights", "borough": "Brooklyn", "venues": 4, "cohort": "Low" }, "geometry": { "type": "Polygon", "coordinates": [ [ [ -73.91804607, 40.687213248000084 ], [ -73.916301198999903, 40.678577112000113 ], [ -73.921835000999963, 40.678945559000105 ], [ -73.922813742999949, 40.68341443000012 ], [ -73.929008839999852, 40.682702905000106 ], [ -73.929161306999916, 40.683436324000112 ], [ -73.935008216999918, 40.682763768000051 ], [ -73.934350664999926, 40.679563408000107 ], [ -73.94032794, 40.679889975000073 ], [ -73.943949472999961, 40.698221279000123 ], [ -73.938177185999862, 40.698640223000069 ], [ -73.91804607, 40.687213248000084 ] ] ] } },
{ "type": "Feature", "properties": { "LocationID": 226, "zone": "Sunnyside", "borough": "Queens", "venues": 0, "cohort": "Low" }, "geometry": { "type": "Polygon", "coordinates": [ [ [ -73.909443319999895, 40.750755231000085 ], [ -73.910158606999943, 40.748501968000113 ], [ -73.911642027999832, 40.748684576000095 ], [ -73.911875040999917, 40.748220796000119 ], [ -73.912448537999893, 40.745920402000039 ], [ -73.911247222999805, 40.745783993000074 ], [ -73.911941297999903, 40.742382949000124 ], [ -73.913793886999798, 40.742514492000176 ], [ -73.914434831999884, 40.740531053000083 ], [ -73.915674695999883, 40.740784930000096 ], [ -73.917177379999941, 40.736897871000082 ], [ -73.916515227999867, 40.736757346000026 ], [ -73.916897418999909, 40.735444708000081 ], [ -73.917592508000013, 40.735239441000033 ], [ -73.919038251999865, 40.732005966000067 ], [ -73.917342506, 40.731382826000115 ], [ -73.917966966999956, 40.728500771000093 ], [ -73.915072337999888, 40.72797082000011 ], [ -73.915052180999979, 40.728601181000101 ], [ -73.912050212999944, 40.728506363000115 ], [ -73.911747341999884, 40.729912033000112 ], [ -73.907122530999899, 40.72742472800013 ], [ -73.912571876999834, 40.723239635000084 ], [ -73.913848282999837, 40.722898412000085 ], [ -73.91132095099978, 40.719624230000157 ], [ -73.922327739784478, 40.716592644061272 ], [ -73.923938673293478, 40.719042756787125 ], [ -73.924243649210013, 40.721429498758738 ], [ -73.925152072719214, 40.722335339821001 ], [ -73.924422987548496, 40.72358997598635 ], [ -73.922143309612764, 40.723707557018962 ], [ -73.920733560941216, 40.723309812770601 ], [ -73.92037064235663, 40.723681113821236 ], [ -73.92490316165177, 40.724506575671661 ], [ -73.929234858761603, 40.728260165761242 ], [ -73.934531763756752, 40.729104806535162 ], [ -73.938044785071611, 40.730509967846245 ], [ -73.939110545748036, 40.731379806525695 ], [ -73.941624726364523, 40.735841442338362 ], [ -73.945942154139715, 40.737507121439819 ], [ -73.94140886345744, 40.739299570853369 ], [ -73.938696645999983, 40.738140817000065 ], [ -73.937261106999927, 40.745176491000095 ], [ -73.944195615999831, 40.742882146000106 ], [ -73.94401030399996, 40.743639454000096 ], [ -73.939520571999978, 40.745983779000099 ], [ -73.936636818999816, 40.748204094000073 ], [ -73.937396537999916, 40.74891644000008 ], [ -73.933832693999932, 40.751604702000101 ], [ -73.932276231999793, 40.751953886000173 ], [ -73.925627437999893, 40.752137244000096 ], [ -73.917631927999878, 40.753857848000109 ], [ -73.914464508, 40.753676412000125 ], [ -73.910354929999841, 40.752749909000059 ], [ -73.909443319999895, 40.750755231000085 ] ] ] } },
{ "type": "Feature", "properties": { "LocationID": 227, "zone": "Sunset Park East", "borough": "Brooklyn", "venues": 0, "cohort": "Low" }, "geometry": { "type": "Polygon", "coordinates": [ [ [ -73.98905872499985, 40.644119241000134 ], [ -73.995510336999899, 40.639809667000137 ], [ -73.999175646999888, 40.642025442000133 ], [ -74.007356366999957, 40.634163627000106 ], [ -74.005564903999925, 40.633083176000113 ], [ -74.010003407999946, 40.630113089000112 ], [ -74.015602049999927, 40.633516978000095 ], [ -74.016020101, 40.633317114000164 ], [ -74.016835401, 40.635355429000178 ], [ -74.013960885999893, 40.638153267000163 ], [ -74.016167114999931, 40.639482441000126 ], [ -74.002144746999946, 40.652956107000136 ], [ -73.997794660999816, 40.65028889000012 ], [ -73.998306022999856, 40.64974001500012 ], [ -73.98905872499985, 40.644119241000134 ] ] ] } },
{ "type": "Feature", "properties": { "LocationID": 228, "zone": "Sunset Park West", "borough": "Brooklyn", "venues": 0, "cohort": "Low" }, "geometry": { "type": "Polygon", "coordinates": [ [ [ -73.998618879999896, 40.671830172000085 ], [ -73.994903500999882, 40.666785435000115 ], [ -73.996926898999845, 40.664374915000117 ], [ -73.990635453999971, 40.660579089000137 ], [ -73.988716511, 40.662404938000151 ], [ -73.987250688999964, 40.660378956000137 ], [ -73.990188415, 40.657600818000105 ], [ -73.992383394999862, 40.658899016000113 ], [ -73.992964019999818, 40.658337409000097 ], [ -73.995168901999989, 40.659669522000172 ], [ -74.016167114999931, 40.639482441000126 ], [ -74.013960885999893, 40.638153267000163 ], [ -74.016835401, 40.635355429000178 ], [ -74.021410383999921, 40.638584903000051 ], [ -74.021760408999967, 40.639824346000076 ], [ -74.021080513999976, 40.64149093700015 ], [ -74.024754375999976, 40.638121418000082 ], [ -74.026952446999928, 40.639446065000186 ], [ -74.026262673999895, 40.640094381000054 ], [ -74.02890829899998, 40.641173411000096 ], [ -74.029059688999936, 40.641726673000122 ], [ -74.032665589989577, 40.643720344890255 ], [ -74.032310705982468, 40.64357458661793 ], [ -74.032541737956649, 40.643825484854673 ], [ -74.031897084943338, 40.643889349369978 ], [ -74.030518308634129, 40.64527442520918 ], [ -74.029080908857765, 40.644403596930481 ], [ -74.029154189945189, 40.64458144541981 ], [ -74.02886241127031, 40.644866023723161 ], [ -74.029086542892401, 40.644583001799873 ], [ -74.028501162505947, 40.64417756470278 ], [ -74.028190530493106, 40.644414330206509 ], [ -74.028205695450083, 40.644015982890565 ], [ -74.026049484003153, 40.646261350326306 ], [ -74.029740782110679, 40.648486026210591 ], [ -74.029389904866193, 40.648804055114127 ], [ -74.025717588048067, 40.646615492291126 ], [ -74.025162026067164, 40.647138748494335 ], [ -74.024839574067812, 40.646944424765593 ], [ -74.026296888582237, 40.648168926521237 ], [ -74.024883054911314, 40.64741052302444 ], [ -74.024145660505638, 40.647615101260065 ], [ -74.025129119552346, 40.648323181457393 ], [ -74.02553864578033, 40.649782159348248 ], [ -74.024844363634443, 40.650599638057258 ], [ -74.026051331967935, 40.650994300743321 ], [ -74.025529715436491, 40.651478550693007 ], [ -74.02477160495674, 40.650687707435573 ], [ -74.024240213475338, 40.651133516313521 ], [ -74.025416040285933, 40.651933806855304 ], [ -74.024177529733961, 40.651191773212403 ], [ -74.022851417959842, 40.651169195161891 ], [ -74.02536890150509, 40.65272143692755 ], [ -74.021541383192144, 40.650671622911396 ], [ -74.021052303922048, 40.651098282927919 ], [ -74.022337346668294, 40.651910605381822 ], [ -74.020898628708338, 40.651247275218473 ], [ -74.023807039031212, 40.653044728511667 ], [ -74.021959000905923, 40.652222781970899 ], [ -74.021186700278847, 40.652839836895502 ], [ -74.023204647271413, 40.65409611681816 ], [ -74.021629462954877, 40.653645165216233 ], [ -74.021149634844832, 40.654210755211764 ], [ -74.02164486415387, 40.65487898338268 ], [ -74.018622383085699, 40.653491349023163 ], [ -74.018118978764747, 40.653885271105551 ], [ -74.020051824542918, 40.655335948874608 ], [ -74.017874072238158, 40.654061502330997 ], [ -74.017153195810209, 40.654775104362344 ], [ -74.019705964102215, 40.656581163751227 ], [ -74.017267159365929, 40.655194187986723 ], [ -74.016394375337725, 40.655620642850941 ], [ -74.019108438031182, 40.657368884303686 ], [ -74.018605694609988, 40.657845874023032 ], [ -74.015853700568229, 40.65621324055553 ], [ -74.015436322696459, 40.656632396759875 ], [ -74.017865731096677, 40.658308447298722 ], [ -74.015047382218498, 40.656950386693609 ], [ -74.014421304845484, 40.657608021951589 ], [ -74.017458030878984, 40.659450197386903 ], [ -74.015541653889969, 40.660758355476318 ], [ -74.011838620565428, 40.658912837274912 ], [ -74.011107504102995, 40.659706274580813 ], [ -74.014022476780241, 40.661529747440234 ], [ -74.013155549388102, 40.66198159772614 ], [ -74.008599569682829, 40.659520923098476 ], [ -74.007458581638843, 40.660558476210063 ], [ -74.010372012972297, 40.662398880232679 ], [ -74.00955074142027, 40.663267694130596 ], [ -74.008683715912966, 40.663372012840441 ], [ -74.006161411363209, 40.66184506899075 ], [ -74.005685947568978, 40.662274740360665 ], [ -74.004283582501145, 40.661444894101486 ], [ -74.006226982479248, 40.662787827861173 ], [ -74.005923605030219, 40.663108250739242 ], [ -74.003808154708807, 40.661907945728402 ], [ -74.00348801100651, 40.662240556128694 ], [ -74.005997486826928, 40.663258610828805 ], [ -74.005613486817538, 40.663458390254952 ], [ -74.007721335067032, 40.664718633019994 ], [ -74.007125326467303, 40.664915218474448 ], [ -74.006524696001165, 40.664547227663093 ], [ -74.006882153073107, 40.66434037294313 ], [ -74.005841576324798, 40.66413802067477 ], [ -74.006046085189737, 40.663840005635748 ], [ -74.005757810454767, 40.66392275680181 ], [ -74.0056414075448, 40.664531491896035 ], [ -74.005650259595797, 40.663900337844026 ], [ -74.003628625085611, 40.662734847534821 ], [ -74.003403485956255, 40.662985726598528 ], [ -74.005281321773481, 40.664657003524248 ], [ -74.004861937926478, 40.66506482193838 ], [ -74.000834011084436, 40.663006442691909 ], [ -73.999531526099162, 40.664397485937108 ], [ -74.002924635163822, 40.666462312163517 ], [ -74.001619500210865, 40.666766279174659 ], [ -74.000687748687653, 40.667545951899008 ], [ -73.999981493391232, 40.667450274908902 ], [ -73.999026009983837, 40.668442972127131 ], [ -73.998618879999896, 40.671830172000085 ] ] ] } },
{ "type": "Feature", "properties": { "LocationID": 229, "zone": "Sutton Place/Turtle Bay North", "borough": "Manhattan", "venues": 0, "cohort": "Low" }, "geometry": { "type": "Polygon", "coordinates": [ [ [ -73.958777908113348, 40.758270920924559 ], [ -73.96482214210387, 40.751596325791311 ], [ -73.967067339, 40.752620675000131 ], [ -73.966615818000022, 40.753243425000115 ], [ -73.971217044999904, 40.755193324000132 ], [ -73.966583383999904, 40.761550935000066 ], [ -73.958777908113348, 40.758270920924559 ] ] ] } },
{ "type": "Feature", "properties": { "LocationID": 230, "zone": "Times Sq/Theatre District", "borough": "Manhattan", "venues": 2, "cohort": "Low" }, "geometry": { "type": "Polygon", "coordinates": [ [ [ -73.978601693999892, 40.762396072000158 ], [ -73.984117547999986, 40.754842053000132 ], [ -73.989790853999949, 40.757233132000096 ], [ -73.984282300999865, 40.76479181500013 ], [ -73.978601693999892, 40.762396072000158 ] ] ] } },
{ "type": "Feature", "properties": { "LocationID": 231, "zone": "TriBeCa/Civic Center", "borough": "Manhattan", "venues": 2, "cohort": "Low" }, "geometry": { "type": "Polygon", "coordinates": [ [ [ -74.01102457999994, 40.725793862000138 ], [ -73.999956209, 40.718017095000071 ], [ -74.004857680999962, 40.712452541000097 ], [ -74.00834760999993, 40.711358546000056 ], [ -74.013753884999971, 40.713690555000078 ], [ -74.012441091999889, 40.719057673000073 ], [ -74.013030681132079, 40.719131455909753 ], [ -74.013389069034346, 40.720042607273363 ], [ -74.014572314380828, 40.720274137742386 ], [ -74.012965585268248, 40.720328675587311 ], [ -74.013080101456268, 40.721545807195433 ], [ -74.012538758072509, 40.721503176576554 ], [ -74.011964320245511, 40.724329864120079 ], [ -74.011354282999946, 40.724277183000076 ], [ -74.01102457999994, 40.725793862000138 ] ] ] } },
{ "type": "Feature", "properties": { "LocationID": 232, "zone": "Two Bridges/Seward Park", "borough": "Manhattan", "venues": 0, "cohort": "Low" }, "geometry": { "type": "Polygon", "coordinates": [ [ [ -73.976355251999948, 40.719132884000032 ], [ -73.97347975524508, 40.718861429113097 ], [ -73.976123688387958, 40.712460325398588 ], [ -73.977820916382456, 40.710645444907229 ], [ -73.981276842109835, 40.710217251191196 ], [ -73.981237344620908, 40.709823343318654 ], [ -73.988390640232609, 40.709126949162815 ], [ -73.988736817075306, 40.709970741845325 ], [ -73.991908242710309, 40.70953292664354 ], [ -73.992562421999892, 40.714388077000145 ], [ -73.990220126999887, 40.714404940000101 ], [ -73.989154637999789, 40.716708647000075 ], [ -73.988366262999875, 40.716445702000108 ], [ -73.98675136699994, 40.719592846000168 ], [ -73.985073423, 40.719083294000086 ], [ -73.983823872999807, 40.721472872000078 ], [ -73.976355251999948, 40.719132884000032 ] ] ] } },
{ "type": "Feature", "properties": { "LocationID": 233, "zone": "UN/Turtle Bay South", "borough": "Manhattan", "venues": 0, "cohort": "Low" }, "geometry": { "type": "MultiPolygon", "coordinates": [ [ [ [ -73.964133829334855, 40.746812796165607 ], [ -73.964583184269415, 40.746454400673514 ], [ -73.964159802884367, 40.746865547359754 ], [ -73.964133829334855, 40.746812796165607 ] ] ], [ [ [ -73.967067338999925, 40.752620676000113 ], [ -73.96482214210387, 40.751596325791311 ], [ -73.970940629604158, 40.744471444025663 ], [ -73.970703174655796, 40.743990495411317 ], [ -73.971181935760598, 40.744103232708035 ], [ -73.971233015201918, 40.743414663960287 ], [ -73.971679212004062, 40.743054464030088 ], [ -73.973508350000031, 40.743782034000091 ], [ -73.97121971999988, 40.746921541000134 ], [ -73.975834666999901, 40.748863146000161 ], [ -73.971217044999904, 40.755193324000132 ], [ -73.966615818000022, 40.753243425000115 ], [ -73.967067338999925, 40.752620676000113 ] ] ] ] } },
{ "type": "Feature", "properties": { "LocationID": 234, "zone": "Union Sq", "borough": "Manhattan", "venues": 0, "cohort": "Low" }, "geometry": { "type": "Polygon", "coordinates": [ [ [ -73.984074852999939, 40.743324718000082 ], [ -73.98990295999991, 40.734434790000101 ], [ -73.996839938999983, 40.737360889000144 ], [ -73.990517612999852, 40.746038638000115 ], [ -73.984074852999939, 40.743324718000082 ] ] ] } },
{ "type": "Feature", "properties": { "LocationID": 235, "zone": "University Heights/Morris Heights", "borough": "Bronx", "venues": 0, "cohort": "Low" }, "geometry": { "type": "Polygon", "coordinates": [ [ [ -73.909478629999882, 40.86180812900006 ], [ -73.913284370000028, 40.859618601000122 ], [ -73.910567992999887, 40.858620593000147 ], [ -73.909761658999884, 40.857182612000088 ], [ -73.907773205999845, 40.859607538000041 ], [ -73.906797348999831, 40.859373589000072 ], [ -73.904868471999933, 40.858693225000088 ], [ -73.905659534999884, 40.857398734000157 ], [ -73.904683713999873, 40.857060302000093 ], [ -73.914161841999928, 40.845179188000117 ], [ -73.92478318799985, 40.844752664000069 ], [ -73.928082093868369, 40.845391596916912 ], [ -73.921515437055234, 40.854510063891482 ], [ -73.920800702893246, 40.855380814394721 ], [ -73.920300272134241, 40.85524637134175 ], [ -73.920526531328434, 40.855686668401994 ], [ -73.91956620889232, 40.856840183843964 ], [ -73.914228240499128, 40.862490790359821 ], [ -73.910755957999868, 40.861651484000092 ], [ -73.909039508999896, 40.86267886400011 ], [ -73.909478629999882, 40.86180812900006 ] ] ] } },
{ "type": "Feature", "properties": { "LocationID": 236, "zone": "Upper East Side North", "borough": "Manhattan", "venues": 0, "cohort": "Low" }, "geometry": { "type": "Polygon", "coordinates": [ [ [ -73.949331705999924, 40.785193127000142 ], [ -73.958255348999984, 40.772965337000116 ], [ -73.964687357999935, 40.775677082000129 ], [ -73.955777358999896, 40.787913924000144 ], [ -73.949331705999924, 40.785193127000142 ] ] ] } },
{ "type": "Feature", "properties": { "LocationID": 237, "zone": "Upper East Side South", "borough": "Manhattan", "venues": 0, "cohort": "Low" }, "geometry": { "type": "Polygon", "coordinates": [ [ [ -73.958255348999984, 40.772965337000116 ], [ -73.966583383999904, 40.761550935000066 ], [ -73.973014871999951, 40.764278879000095 ], [ -73.964687357999935, 40.775677082000129 ], [ -73.958255348999984, 40.772965337000116 ] ] ] } },
{ "type": "Feature", "properties": { "LocationID": 238, "zone": "Upper West Side North", "borough": "Manhattan", "venues": 5, "cohort": "Medium" }, "geometry": { "type": "Polygon", "coordinates": [ [ [ -73.964175985999887, 40.792362045000083 ], [ -73.969335732999909, 40.785293280000118 ], [ -73.981886459232442, 40.79051658046771 ], [ -73.976399519652645, 40.798273210846432 ], [ -73.969415438999988, 40.795360779000148 ], [ -73.969870632999957, 40.79473520500008 ], [ -73.964175985999887, 40.792362045000083 ] ] ] } },
{ "type": "Feature", "properties": { "LocationID": 239, "zone": "Upper West Side South", "borough": "Manhattan", "venues": 16, "cohort": "High" }, "geometry": { "type": "Polygon", "coordinates": [ [ [ -73.981886459232442, 40.79051658046771 ], [ -73.969335732999909, 40.785293280000118 ], [ -73.974997440000053, 40.777532546000096 ], [ -73.985071842999886, 40.781779681000131 ], [ -73.985679360999967, 40.780312633000165 ], [ -73.988127461343396, 40.781401796723848 ], [ -73.985465811970315, 40.785360700575644 ], [ -73.986172704965341, 40.786068452258839 ], [ -73.987119013942447, 40.785210319004307 ], [ -73.986128422485805, 40.786239001331289 ], [ -73.985429321269322, 40.785413942184768 ], [ -73.985081137731896, 40.785921935110657 ], [ -73.98576566029756, 40.786196274858909 ], [ -73.985016964065025, 40.786014237195921 ], [ -73.98465507883023, 40.786534741808133 ], [ -73.985949561556467, 40.786487113966722 ], [ -73.98461942858404, 40.786586016349972 ], [ -73.981886459232442, 40.79051658046771 ] ] ] } },
{ "type": "Feature", "properties": { "LocationID": 240, "zone": "Van Cortlandt Park", "borough": "Bronx", "venues": 0, "cohort": "Low" }, "geometry": { "type": "Polygon", "coordinates": [ [ [ -73.874820415999849, 40.89844543800011 ], [ -73.877119740999902, 40.89546866400017 ], [ -73.870486725999868, 40.896640211000111 ], [ -73.864916324999967, 40.895749495000082 ], [ -73.861359278999842, 40.894662319000119 ], [ -73.869434713000047, 40.878129199000135 ], [ -73.870943675000021, 40.878510767000165 ], [ -73.870241000999854, 40.880229353000132 ], [ -73.874945897999908, 40.879947669000082 ], [ -73.874676015, 40.881562852000144 ], [ -73.878125943999919, 40.882153826000099 ], [ -73.87760676499984, 40.88452304400009 ], [ -73.878035623999963, 40.887118322000077 ], [ -73.881244224999918, 40.882709633000125 ], [ -73.882748333999984, 40.883397387000137 ], [ -73.884216963999947, 40.883197728000091 ], [ -73.886834865999845, 40.884342026000134 ], [ -73.899725884999825, 40.886514887000139 ], [ -73.896431707999852, 40.893655279000086 ], [ -73.897157171999936, 40.899371827000039 ], [ -73.896357859999966, 40.903200132000116 ], [ -73.896633338316477, 40.911417374923339 ], [ -73.867890437068056, 40.902986954076304 ], [ -73.870103695999887, 40.9007419470001 ], [ -73.874820415999849, 40.89844543800011 ] ] ] } },
{ "type": "Feature", "properties": { "LocationID": 241, "zone": "Van Cortlandt Village", "borough": "Bronx", "venues": 1, "cohort": "Low" }, "geometry": { "type": "Polygon", "coordinates": [ [ [ -73.896615465999858, 40.88595525600013 ], [ -73.887051425999843, 40.884349576000112 ], [ -73.887165051999844, 40.882576511000046 ], [ -73.88595071699983, 40.880507412000121 ], [ -73.885675179999865, 40.878872511000068 ], [ -73.887735775999928, 40.87703388200007 ], [ -73.88937163799983, 40.873382298000131 ], [ -73.887851962999861, 40.872114176000082 ], [ -73.891574000999881, 40.869684253000145 ], [ -73.894381302999932, 40.866068851000158 ], [ -73.897403232999807, 40.867474190000088 ], [ -73.89656060499982, 40.868565200000106 ], [ -73.89891854299988, 40.869658574000105 ], [ -73.899603003999857, 40.868728208000121 ], [ -73.899424361999877, 40.867880838000133 ], [ -73.90235804799984, 40.868696121000085 ], [ -73.904420031999948, 40.870361276000082 ], [ -73.904520704999925, 40.872495211000079 ], [ -73.906081305999876, 40.873239629000089 ], [ -73.903694547999919, 40.878501618000101 ], [ -73.898550598999989, 40.884374727000157 ], [ -73.896615465999858, 40.88595525600013 ] ] ] } },
{ "type": "Feature", "properties": { "LocationID": 242, "zone": "Van Nest/Morris Park", "borough": "Bronx", "venues": 3, "cohort": "Low" }, "geometry": { "type": "Polygon", "coordinates": [ [ [ -73.835559001999925, 40.851964013000135 ], [ -73.83771374799997, 40.840406310000077 ], [ -73.839364527999948, 40.840877067000179 ], [ -73.842041446999971, 40.840645897000122 ], [ -73.844581291999859, 40.838535508000113 ], [ -73.850522780999867, 40.842789489000047 ], [ -73.863472323999943, 40.841305933000072 ], [ -73.869207668999948, 40.839600046000108 ], [ -73.873597135999873, 40.839798555000129 ], [ -73.870995181000012, 40.843111392000132 ], [ -73.868042003999975, 40.844813839000061 ], [ -73.868637216999872, 40.845309843000116 ], [ -73.868926528, 40.84688174100009 ], [ -73.868354659999909, 40.847080233000078 ], [ -73.867859929999838, 40.848864931000065 ], [ -73.869209445999942, 40.849238373000105 ], [ -73.868234660999946, 40.850913737000049 ], [ -73.868605155999887, 40.852068646000106 ], [ -73.86518787199995, 40.85016438600011 ], [ -73.863039380999965, 40.850611307000129 ], [ -73.86250923799993, 40.848362281000078 ], [ -73.860694565999935, 40.848753394000127 ], [ -73.854573882999915, 40.851508346000131 ], [ -73.853045268999935, 40.849547332000064 ], [ -73.84968869799998, 40.851058907000066 ], [ -73.844308469999902, 40.851190464000076 ], [ -73.844969540999898, 40.850097031000118 ], [ -73.844940537999818, 40.84821822100011 ], [ -73.840497673999906, 40.854184105000115 ], [ -73.838185611999833, 40.855564010000087 ], [ -73.834995525999929, 40.856571201000087 ], [ -73.83667557299988, 40.856652663000091 ], [ -73.836819184999882, 40.857276809000098 ], [ -73.829874887, 40.859740420000094 ], [ -73.828473466999938, 40.860731353000105 ], [ -73.832835022999859, 40.8560358450001 ], [ -73.831291576999874, 40.855434105000136 ], [ -73.834639701999919, 40.853817994000103 ], [ -73.835559001999925, 40.851964013000135 ] ] ] } },
{ "type": "Feature", "properties": { "LocationID": 243, "zone": "Washington Heights North", "borough": "Manhattan", "venues": 2, "cohort": "Low" }, "geometry": { "type": "Polygon", "coordinates": [ [ [ -73.932198551075601, 40.86984487087188 ], [ -73.931414373999957, 40.86896192800009 ], [ -73.927269150999848, 40.865534560000135 ], [ -73.924741533999921, 40.861593638000073 ], [ -73.925286626999906, 40.860125797000151 ], [ -73.927099515999842, 40.858275521000103 ], [ -73.92691117499983, 40.857508761000155 ], [ -73.926175268999899, 40.858154096000142 ], [ -73.925189249999931, 40.858027537000126 ], [ -73.924670946999981, 40.856810889000116 ], [ -73.927695657999962, 40.852487782000075 ], [ -73.927033156999812, 40.852200775000071 ], [ -73.927476805999845, 40.850694370000099 ], [ -73.929707315999948, 40.848122612000054 ], [ -73.930621078999806, 40.848480977000101 ], [ -73.931393553999868, 40.847428231000052 ], [ -73.936396831000039, 40.84954119500005 ], [ -73.935753942999938, 40.850168203000059 ], [ -73.941262202999823, 40.851391962000086 ], [ -73.942038717999836, 40.851931029000099 ], [ -73.943178060999969, 40.849799943000107 ], [ -73.946926264524208, 40.850528055834381 ], [ -73.943479785456162, 40.85228188294726 ], [ -73.941869964266729, 40.853867739442954 ], [ -73.932519100229442, 40.867410578207732 ], [ -73.93235370807281, 40.869755255296745 ], [ -73.932133366030499, 40.869415975441228 ], [ -73.932198551075601, 40.86984487087188 ] ] ] } },
{ "type": "Feature", "properties": { "LocationID": 244, "zone": "Washington Heights South", "borough": "Manhattan", "venues": 2, "cohort": "Low" }, "geometry": { "type": "Polygon", "coordinates": [ [ [ -73.942038717999836, 40.851931029000099 ], [ -73.935753942999938, 40.850168203000059 ], [ -73.936396831000039, 40.84954119500005 ], [ -73.931393553999868, 40.847428231000052 ], [ -73.93556697199989, 40.841712528000144 ], [ -73.935055087999842, 40.83933323600008 ], [ -73.936383168999924, 40.837850125000067 ], [ -73.938042357999933, 40.834288545000099 ], [ -73.940246008000031, 40.831842121000108 ], [ -73.940346432999831, 40.830457842000101 ], [ -73.950155210482933, 40.834396759408101 ], [ -73.948560545204927, 40.839564885664416 ], [ -73.946124164217721, 40.843892496557302 ], [ -73.946964417595893, 40.850465525818386 ], [ -73.943178060999841, 40.849799944000118 ], [ -73.942038717999836, 40.851931029000099 ] ] ] } },
{ "type": "Feature", "properties": { "LocationID": 245, "zone": "West Brighton", "borough": "Staten Island", "venues": 1, "cohort": "Low" }, "geometry": { "type": "Polygon", "coordinates": [ [ [ -74.09787969199995, 40.640358055000078 ], [ -74.09767290799995, 40.638960679000093 ], [ -74.094093125999976, 40.639266914000167 ], [ -74.093389422999948, 40.636599555000103 ], [ -74.092425134999928, 40.63558181300008 ], [ -74.089703782999905, 40.635682501000126 ], [ -74.08870582299987, 40.636845206000068 ], [ -74.086905927999894, 40.635857243000082 ], [ -74.085878828999952, 40.636691590000098 ], [ -74.083733972999951, 40.63573714400011 ], [ -74.089340456999963, 40.629923285000125 ], [ -74.092239713999945, 40.625742916000085 ], [ -74.103509252999942, 40.616416075000124 ], [ -74.106089395999973, 40.618984195000131 ], [ -74.110943928999944, 40.621194489000082 ], [ -74.113262495999891, 40.623054425000149 ], [ -74.116143211999955, 40.628702264000069 ], [ -74.117657224999974, 40.638062466000157 ], [ -74.115191473999985, 40.638347681000049 ], [ -74.11499559699989, 40.637292226000135 ], [ -74.109748332999942, 40.637865833000149 ], [ -74.09787969199995, 40.640358055000078 ] ] ] } },
{ "type": "Feature", "properties": { "LocationID": 246, "zone": "West Chelsea/Hudson Yards", "borough": "Manhattan", "venues": 0, "cohort": "Low" }, "geometry": { "type": "Polygon", "coordinates": [ [ [ -74.004399762035135, 40.762671359099073 ], [ -74.002200820732639, 40.761728432226612 ], [ -74.00153309083484, 40.762644598063943 ], [ -74.001277962999907, 40.762075825000061 ], [ -73.995474501999922, 40.7596268570001 ], [ -74.008204018999876, 40.742147518000074 ], [ -74.00916608208486, 40.742416591231816 ], [ -74.009584643457089, 40.743263520483289 ], [ -74.012137269361716, 40.743531927059472 ], [ -74.012020850064033, 40.743939770209138 ], [ -74.009512017673572, 40.743676093760456 ], [ -74.00890032962846, 40.743917927096277 ], [ -74.008727800588801, 40.744858232910154 ], [ -74.009916608134446, 40.745327255007197 ], [ -74.009872110854758, 40.744916502126031 ], [ -74.010167905353924, 40.744942329709851 ], [ -74.009973950219106, 40.745323135109444 ], [ -74.010469200118564, 40.745386766029121 ], [ -74.010419372093949, 40.744976824673749 ], [ -74.010764197806807, 40.745005032021005 ], [ -74.010531065376995, 40.745382050389608 ], [ -74.011103598048777, 40.745447670244175 ], [ -74.011044591508195, 40.745046212402229 ], [ -74.011387699741874, 40.745073112682867 ], [ -74.011154191769052, 40.745446378084083 ], [ -74.011739585528147, 40.745519918190389 ], [ -74.011836428724081, 40.745125963678916 ], [ -74.011678855055919, 40.745979461816134 ], [ -74.009463898559616, 40.745750143659656 ], [ -74.009365504957756, 40.746337200862314 ], [ -74.011528218555597, 40.746575224764122 ], [ -74.011504112355283, 40.746990802505358 ], [ -74.009243145925879, 40.746762790753955 ], [ -74.009137362599205, 40.747359762803171 ], [ -74.0113567533772, 40.747592418346947 ], [ -74.011331744416992, 40.748000575342118 ], [ -74.009058479013518, 40.747785645333053 ], [ -74.00894606502311, 40.748411893168843 ], [ -74.011215621304046, 40.748696821176019 ], [ -74.011108911829851, 40.749049876422319 ], [ -74.009948179380245, 40.74893198800595 ], [ -74.009560049786842, 40.749935041791744 ], [ -74.010808158008984, 40.750319311368209 ], [ -74.00925340917918, 40.749985206224686 ], [ -74.008532569250136, 40.7518836093045 ], [ -74.009340892452684, 40.752355609545759 ], [ -74.008426364472257, 40.752157850239406 ], [ -74.009990558197401, 40.752816187149271 ], [ -74.009970587970116, 40.752933564153338 ], [ -74.008353528388426, 40.752350739342447 ], [ -74.007744786056321, 40.754336542719599 ], [ -74.004803925601777, 40.75780984316485 ], [ -74.005278947978866, 40.758028554928394 ], [ -74.005031051366345, 40.758357016473276 ], [ -74.007003589040153, 40.759231870341246 ], [ -74.006475883719489, 40.75989360126821 ], [ -74.00450483093914, 40.759084996552836 ], [ -74.00390742032765, 40.759375692183724 ], [ -74.004318894250702, 40.759910685763643 ], [ -74.003668914535297, 40.759705969576849 ], [ -74.00392854933564, 40.760003019720578 ], [ -74.002335281300574, 40.761543727001758 ], [ -74.004399762035135, 40.762671359099073 ] ] ] } },
{ "type": "Feature", "properties": { "LocationID": 247, "zone": "West Concourse", "borough": "Bronx", "venues": 1, "cohort": "Low" }, "geometry": { "type": "Polygon", "coordinates": [ [ [ -73.91193751499992, 40.843202388000108 ], [ -73.913831258999849, 40.838639045000079 ], [ -73.919860893999854, 40.831947227000136 ], [ -73.924996548999871, 40.822202701000116 ], [ -73.926343456999973, 40.820578552000072 ], [ -73.928856420999921, 40.814879866000105 ], [ -73.930278126999838, 40.813248025000163 ], [ -73.932426320009441, 40.814117518979792 ], [ -73.933072510840688, 40.828156152018295 ], [ -73.930339330999942, 40.828495555000146 ], [ -73.928500738999873, 40.829352350000164 ], [ -73.925375400999826, 40.83262809600015 ], [ -73.923990494999913, 40.835052298000086 ], [ -73.919016684000056, 40.838381093000052 ], [ -73.916183443999913, 40.842334900000118 ], [ -73.917949651999876, 40.842229571000161 ], [ -73.917292249999917, 40.8451099400001 ], [ -73.91193751499992, 40.843202388000108 ] ] ] } },
{ "type": "Feature", "properties": { "LocationID": 248, "zone": "West Farms/Bronx River", "borough": "Bronx", "venues": 0, "cohort": "Low" }, "geometry": { "type": "Polygon", "coordinates": [ [ [ -73.864480117999946, 40.841087797000142 ], [ -73.862711143999931, 40.832991509000145 ], [ -73.877299304999951, 40.828742774000091 ], [ -73.883784140999921, 40.828274292000131 ], [ -73.883900948000033, 40.829802816000061 ], [ -73.880051884999872, 40.834702059000094 ], [ -73.879252394999924, 40.834424790000099 ], [ -73.877565245999961, 40.83581875200008 ], [ -73.874822281999855, 40.836859480000051 ], [ -73.874908511, 40.837359610000192 ], [ -73.873795901999927, 40.837445133000102 ], [ -73.872772046999813, 40.839751282000151 ], [ -73.86920766899992, 40.83960004700009 ], [ -73.864480117999946, 40.841087797000142 ] ] ] } },
{ "type": "Feature", "properties": { "LocationID": 249, "zone": "West Village", "borough": "Manhattan", "venues": 3, "cohort": "Low" }, "geometry": { "type": "Polygon", "coordinates": [ [ [ -73.996839938999983, 40.737360889000144 ], [ -74.002817265999923, 40.728363129000151 ], [ -74.007090207999909, 40.72877225300013 ], [ -74.00515808199998, 40.740858081000106 ], [ -73.996839938999983, 40.737360889000144 ] ] ] } },
{ "type": "Feature", "properties": { "LocationID": 250, "zone": "Westchester Village/Unionport", "borough": "Bronx", "venues": 1, "cohort": "Low" }, "geometry": { "type": "Polygon", "coordinates": [ [ [ -73.850522780999867, 40.842789489000047 ], [ -73.844581291999859, 40.838535508000113 ], [ -73.842041446999971, 40.840645897000122 ], [ -73.839364527999948, 40.840877067000179 ], [ -73.839720144577612, 40.839565405993227 ], [ -73.840302825371921, 40.839524313945141 ], [ -73.839591084761352, 40.834041688045446 ], [ -73.842758842937684, 40.830818484143016 ], [ -73.842895275039027, 40.828569176561025 ], [ -73.843906249999961, 40.828407830000145 ], [ -73.842898588000025, 40.824083059000046 ], [ -73.855136397999814, 40.822436189000051 ], [ -73.857391212999985, 40.832297372000042 ], [ -73.860338458999948, 40.833253166000148 ], [ -73.851684596999974, 40.834201052000068 ], [ -73.853335249999859, 40.842470155000065 ], [ -73.850522780999867, 40.842789489000047 ] ] ] } },
{ "type": "Feature", "properties": { "LocationID": 251, "zone": "Westerleigh", "borough": "Staten Island", "venues": 2, "cohort": "Low" }, "geometry": { "type": "Polygon", "coordinates": [ [ [ -74.131074602999945, 40.631147729000155 ], [ -74.130141414999969, 40.629965209000133 ], [ -74.131309852999905, 40.626328343000168 ], [ -74.121256778999935, 40.627822750000107 ], [ -74.117906548999883, 40.624877461000082 ], [ -74.113262495999891, 40.623054425000149 ], [ -74.110943928999944, 40.621194489000082 ], [ -74.105525987999954, 40.618592330000119 ], [ -74.102094342999919, 40.614600491000118 ], [ -74.0977696879999, 40.610623593000099 ], [ -74.108901461999935, 40.610251585000135 ], [ -74.115668337999907, 40.611175385000102 ], [ -74.124526187999962, 40.609022319000118 ], [ -74.132104596999909, 40.608152924000123 ], [ -74.132150511999981, 40.608551964000142 ], [ -74.144711005999966, 40.608034297000167 ], [ -74.149543435999959, 40.609627173000064 ], [ -74.146968641999877, 40.610151356000117 ], [ -74.146035620999982, 40.617012777000163 ], [ -74.13982184799994, 40.61629982500007 ], [ -74.138366668999865, 40.621737117000094 ], [ -74.138263581999922, 40.624243770000135 ], [ -74.135810082999967, 40.625064340000094 ], [ -74.138058494999925, 40.627068518000065 ], [ -74.138063937999917, 40.627568471000089 ], [ -74.136742377999923, 40.628662537000075 ], [ -74.135861083999956, 40.62806152800011 ], [ -74.134086982999918, 40.629541681000063 ], [ -74.133437312999916, 40.629074346000088 ], [ -74.131074602999945, 40.631147729000155 ] ] ] } },
{ "type": "Feature", "properties": { "LocationID": 252, "zone": "Whitestone", "borough": "Queens", "venues": 0, "cohort": "Low" }, "geometry": { "type": "Polygon", "coordinates": [ [ [ -73.820499199953048, 40.801011467819279 ], [ -73.813679076331979, 40.797545787911112 ], [ -73.813699637252583, 40.797079415665266 ], [ -73.813420504158557, 40.797693020410847 ], [ -73.813493503685606, 40.797058380377912 ], [ -73.81305279469926, 40.797455018851025 ], [ -73.812883864524792, 40.797166565227194 ], [ -73.812241844720802, 40.798125827927976 ], [ -73.811609382023065, 40.797372409443682 ], [ -73.806363314525598, 40.796393605437913 ], [ -73.806231350123682, 40.79681747758297 ], [ -73.806330767146733, 40.796392740436161 ], [ -73.805299629893739, 40.796156683585906 ], [ -73.804348259354001, 40.796214090992969 ], [ -73.80427353614904, 40.796641261328617 ], [ -73.804311386999231, 40.796212876160205 ], [ -73.803349963629614, 40.796713026430147 ], [ -73.802260388400612, 40.796262209355582 ], [ -73.800256629358415, 40.796260149266786 ], [ -73.800083502033871, 40.796627567474829 ], [ -73.800182353881127, 40.796266913697018 ], [ -73.797898326869159, 40.795559221922026 ], [ -73.797669940088767, 40.795993822381966 ], [ -73.797582954713462, 40.795967202154984 ], [ -73.797870149144046, 40.795552013146668 ], [ -73.796735676600846, 40.795208943420882 ], [ -73.796434387375101, 40.795736430359312 ], [ -73.796705875622166, 40.795197625951978 ], [ -73.794430858775684, 40.79481254334425 ], [ -73.794975231564337, 40.79187618141907 ], [ -73.793758374168959, 40.789073302118581 ], [ -73.793386285659835, 40.789581230952784 ], [ -73.793620072760163, 40.788996637750053 ], [ -73.792861567295688, 40.788789647719334 ], [ -73.79179280401884, 40.78935161654946 ], [ -73.790582989999876, 40.788192910000099 ], [ -73.795824630999974, 40.786130588000098 ], [ -73.802427915999772, 40.786068274000122 ], [ -73.803790228999887, 40.775610112000116 ], [ -73.81485850699984, 40.77648592300006 ], [ -73.814529977999754, 40.77888817500012 ], [ -73.823312868999864, 40.77957866000007 ], [ -73.822241276999989, 40.781693879000116 ], [ -73.838699212999956, 40.781676957000087 ], [ -73.838244290999938, 40.787785916000146 ], [ -73.840081574999971, 40.78785153100015 ], [ -73.83992306199994, 40.790649902000105 ], [ -73.839005240999938, 40.790617322000152 ], [ -73.838956760999835, 40.791438431000159 ], [ -73.840815325999941, 40.791504885000101 ], [ -73.840678283000059, 40.793907892000142 ], [ -73.83922303099996, 40.793043046000101 ], [ -73.836632889116856, 40.792516375769459 ], [ -73.836531873247154, 40.791743432405852 ], [ -73.837647050752622, 40.79102861194778 ], [ -73.837503588835787, 40.790461660725597 ], [ -73.836818149570547, 40.790469906359981 ], [ -73.837481914032367, 40.790434497922035 ], [ -73.837280244460757, 40.789009520772858 ], [ -73.837134329895122, 40.789564033014486 ], [ -73.835680220690207, 40.789574917568487 ], [ -73.834135665212628, 40.78906613655154 ], [ -73.833795481098946, 40.788517169043857 ], [ -73.83251063648018, 40.788624476626957 ], [ -73.831436288893869, 40.789181356548781 ], [ -73.832148720009101, 40.790033244853362 ], [ -73.831660809278659, 40.791102591159891 ], [ -73.828366576485834, 40.792395419557536 ], [ -73.829228575339386, 40.79301934041105 ], [ -73.828291552995566, 40.792514245960781 ], [ -73.827848755719202, 40.793087673214337 ], [ -73.828013723559209, 40.794932408770244 ], [ -73.829459915343605, 40.796823367591621 ], [ -73.827417688311883, 40.796789018829195 ], [ -73.826738561666872, 40.797796245453149 ], [ -73.825064966994432, 40.797375776568479 ], [ -73.823433234508016, 40.798406514408043 ], [ -73.823679836938666, 40.798769946499711 ], [ -73.823408723098751, 40.798417814296137 ], [ -73.823305524975808, 40.798962866120704 ], [ -73.823002629705698, 40.798642289724157 ], [ -73.822599356172788, 40.798901842475907 ], [ -73.822777278828298, 40.799320221379197 ], [ -73.822519164558685, 40.79898773568943 ], [ -73.822621745567645, 40.799407808072338 ], [ -73.822387547366276, 40.799112891573763 ], [ -73.820499199953048, 40.801011467819279 ] ] ] } },
{ "type": "Feature", "properties": { "LocationID": 253, "zone": "Willets Point", "borough": "Queens", "venues": 0, "cohort": "Low" }, "geometry": { "type": "Polygon", "coordinates": [ [ [ -73.839083543999891, 40.765256913000123 ], [ -73.837904295999934, 40.764587797000104 ], [ -73.836916943999952, 40.762766680000105 ], [ -73.836791072999858, 40.761166671000126 ], [ -73.838673218999872, 40.757019979000148 ], [ -73.843243813999763, 40.755336804000152 ], [ -73.846709337149861, 40.761345269319953 ], [ -73.843687876641326, 40.763612726083878 ], [ -73.843069612696567, 40.763592569153971 ], [ -73.842728193964859, 40.76462854893186 ], [ -73.840526354792587, 40.765387990202868 ], [ -73.839083543999891, 40.765256913000123 ] ] ] } },
{ "type": "Feature", "properties": { "LocationID": 254, "zone": "Williamsbridge/Olinville", "borough": "Bronx", "venues": 0, "cohort": "Low" }, "geometry": { "type": "Polygon", "coordinates": [ [ [ -73.852483058000033, 40.879463705000092 ], [ -73.85091896099982, 40.877893441000047 ], [ -73.852548540999877, 40.877091587000116 ], [ -73.851722360999858, 40.876843371000142 ], [ -73.850689556999882, 40.875486678000101 ], [ -73.85363638799987, 40.87330059900016 ], [ -73.856512923999929, 40.874217793000149 ], [ -73.856613824999926, 40.871250167000092 ], [ -73.870561924999876, 40.871510778000129 ], [ -73.870199448999855, 40.876311355000063 ], [ -73.866052312999841, 40.884287044000125 ], [ -73.866206614999911, 40.885378614000125 ], [ -73.860710982, 40.895370544000144 ], [ -73.856956193999864, 40.894167938000116 ], [ -73.857362817000038, 40.893411439000054 ], [ -73.845905685999981, 40.889741369000049 ], [ -73.852483058000033, 40.879463705000092 ] ] ] } },
{ "type": "Feature", "properties": { "LocationID": 255, "zone": "Williamsburg (North Side)", "borough": "Brooklyn", "venues": 6, "cohort": "Medium" }, "geometry": { "type": "Polygon", "coordinates": [ [ [ -73.961760703753924, 40.72522879205556 ], [ -73.957719891999943, 40.724284957000101 ], [ -73.954776629000037, 40.72245950500016 ], [ -73.951646322999977, 40.723485857000128 ], [ -73.950645942999969, 40.721705693000075 ], [ -73.949078167999858, 40.722540287000115 ], [ -73.948416385999948, 40.718455533000153 ], [ -73.947213417999862, 40.718560986000078 ], [ -73.953484721999828, 40.714070208000059 ], [ -73.954339042000015, 40.714071702000098 ], [ -73.955475960999919, 40.712265426000094 ], [ -73.967363916667026, 40.71648367952767 ], [ -73.966596903326916, 40.717967980887842 ], [ -73.967296525213314, 40.718311814173752 ], [ -73.966527925816777, 40.718032524197788 ], [ -73.9658789353266, 40.718755077686559 ], [ -73.966629933609028, 40.719132427861119 ], [ -73.96654344630538, 40.719222942469628 ], [ -73.96552577399207, 40.718900892712767 ], [ -73.965374310617193, 40.720093633067108 ], [ -73.964356061313552, 40.720163003598898 ], [ -73.964682836412834, 40.720470457360143 ], [ -73.964087691478696, 40.720755529522464 ], [ -73.965049145493523, 40.721357344252013 ], [ -73.963997937244727, 40.720938438072949 ], [ -73.962981244912328, 40.722031676395446 ], [ -73.961760703753924, 40.72522879205556 ] ] ] } },
{ "type": "Feature", "properties": { "LocationID": 256, "zone": "Williamsburg (South Side)", "borough": "Brooklyn", "venues": 5, "cohort": "Medium" }, "geometry": { "type": "Polygon", "coordinates": [ [ [ -73.967363916667054, 40.716483679027725 ], [ -73.955475960999919, 40.712265426000094 ], [ -73.954339042000015, 40.714071702000098 ], [ -73.949372318999849, 40.714066878000068 ], [ -73.94865533499987, 40.709724983000072 ], [ -73.950874926999958, 40.709513115000128 ], [ -73.950236937999961, 40.705473247000135 ], [ -73.957904307999883, 40.708427173000125 ], [ -73.958455768, 40.707251847000101 ], [ -73.963278738, 40.707729299000142 ], [ -73.968389336999948, 40.706829187000089 ], [ -73.969292963742433, 40.70709333104795 ], [ -73.969848648235313, 40.708003041687846 ], [ -73.969556795896906, 40.710296071319981 ], [ -73.970009532225205, 40.710453937627797 ], [ -73.968469733470215, 40.712824709346336 ], [ -73.968842290502707, 40.713223925021801 ], [ -73.967363916667054, 40.716483679027725 ] ] ] } },
{ "type": "Feature", "properties": { "LocationID": 257, "zone": "Windsor Terrace", "borough": "Brooklyn", "venues": 0, "cohort": "Low" }, "geometry": { "type": "Polygon", "coordinates": [ [ [ -73.982230342, 40.662141492000138 ], [ -73.975157380999974, 40.658722794000113 ], [ -73.974119534999815, 40.657693752000107 ], [ -73.972328462999968, 40.651397929000076 ], [ -73.972673035999918, 40.650963728000136 ], [ -73.972109785999805, 40.650664143000093 ], [ -73.970841136999937, 40.64637857100012 ], [ -73.974642245, 40.644813219000099 ], [ -73.974827416999872, 40.645663421000151 ], [ -73.977773806000016, 40.64534187700017 ], [ -73.978190743999917, 40.647525992000119 ], [ -73.980291154999946, 40.647297161000068 ], [ -73.981795686999959, 40.655246097000102 ], [ -73.988431352999768, 40.659251212000164 ], [ -73.986884644999904, 40.660366389000096 ], [ -73.985086793999983, 40.659013288000075 ], [ -73.982230342, 40.662141492000138 ] ] ] } },
{ "type": "Feature", "properties": { "LocationID": 258, "zone": "Woodhaven", "borough": "Queens", "venues": 1, "cohort": "Low" }, "geometry": { "type": "Polygon", "coordinates": [ [ [ -73.845041948999906, 40.689318947000139 ], [ -73.844191508999941, 40.689474408000116 ], [ -73.841196056999806, 40.683351366000089 ], [ -73.847868175999849, 40.681486832000118 ], [ -73.851978645999907, 40.682564211000049 ], [ -73.850990892999874, 40.680568367000063 ], [ -73.85392389199987, 40.679686156000066 ], [ -73.85819836099995, 40.679430849000077 ], [ -73.858785768999866, 40.680630463000085 ], [ -73.86334943599995, 40.679351640000078 ], [ -73.864100967000027, 40.682372850000085 ], [ -73.866026668999964, 40.681918052000093 ], [ -73.868684543999962, 40.694034692000116 ], [ -73.868424898000015, 40.694718120000111 ], [ -73.852772386999987, 40.697557112000069 ], [ -73.852711308999901, 40.698414962000165 ], [ -73.854434556999891, 40.700602952000146 ], [ -73.850708423000015, 40.700203125000073 ], [ -73.849138372999761, 40.698282741000149 ], [ -73.845041948999906, 40.689318947000139 ] ] ] } },
{ "type": "Feature", "properties": { "LocationID": 259, "zone": "Woodlawn/Wakefield", "borough": "Bronx", "venues": 0, "cohort": "Low" }, "geometry": { "type": "Polygon", "coordinates": [ [ [ -73.851071161918981, 40.910371520111148 ], [ -73.853475223667161, 40.907530293514412 ], [ -73.850920593814152, 40.906616494244993 ], [ -73.850173175429191, 40.907507865825465 ], [ -73.84481886992495, 40.90552994983755 ], [ -73.844892649046287, 40.904190866898254 ], [ -73.841386892692057, 40.9041727417667 ], [ -73.840679663620847, 40.901517031231606 ], [ -73.839194866902716, 40.899350692215705 ], [ -73.839648128064908, 40.897330535170447 ], [ -73.838391991617513, 40.894067008024194 ], [ -73.837379561611073, 40.893924741304545 ], [ -73.835548539999948, 40.8891335040001 ], [ -73.847049579999947, 40.887671816000093 ], [ -73.845905685999981, 40.889741369000049 ], [ -73.857362817000038, 40.893411439000054 ], [ -73.856956193999864, 40.894167938000116 ], [ -73.860710982, 40.895370544000144 ], [ -73.861359278999842, 40.894662319000119 ], [ -73.864916324999967, 40.895749495000082 ], [ -73.870486725999868, 40.896640211000111 ], [ -73.877119740999902, 40.89546866400017 ], [ -73.874820415999849, 40.89844543800011 ], [ -73.870103695999887, 40.9007419470001 ], [ -73.867890437068056, 40.902986954076304 ], [ -73.859467787503689, 40.900517209133575 ], [ -73.859376965125051, 40.901565218082368 ], [ -73.8588640130816, 40.901711695025035 ], [ -73.859578829741139, 40.902440842885909 ], [ -73.858160000024185, 40.902305710101473 ], [ -73.857110904899727, 40.903649532848149 ], [ -73.857177660879771, 40.905286541830876 ], [ -73.856010233446199, 40.90530598381369 ], [ -73.856810136192763, 40.906155828163165 ], [ -73.854237766934418, 40.907032868127303 ], [ -73.853741036153636, 40.907787916367951 ], [ -73.8547107831982, 40.908006309471638 ], [ -73.854589405441175, 40.908939499149305 ], [ -73.852956184607052, 40.910353044089767 ], [ -73.852274516082346, 40.909854099321713 ], [ -73.851071161918981, 40.910371520111148 ] ] ] } },
{ "type": "Feature", "properties": { "LocationID": 260, "zone": "Woodside", "borough": "Queens", "venues": 0, "cohort": "Low" }, "geometry": { "type": "Polygon", "coordinates": [ [ [ -73.903569155999975, 40.765781789000116 ], [ -73.901470530999944, 40.759633050000105 ], [ -73.898661377999986, 40.759921017000096 ], [ -73.899677474999919, 40.75829686400013 ], [ -73.899768620999978, 40.756664237000138 ], [ -73.89480782, 40.746062465000151 ], [ -73.894912089999906, 40.744281231000144 ], [ -73.900578253999853, 40.739492896000073 ], [ -73.906729504999944, 40.736913485000095 ], [ -73.909260029999885, 40.73640318000006 ], [ -73.910688763999971, 40.733471081000154 ], [ -73.906289034999872, 40.732400752000068 ], [ -73.905169488999832, 40.735859643000055 ], [ -73.90107970900003, 40.733914634000058 ], [ -73.905180578999989, 40.728956577000154 ], [ -73.907122530999899, 40.72742472800013 ], [ -73.911747341999884, 40.729912033000112 ], [ -73.912050212999944, 40.728506363000115 ], [ -73.915052180999851, 40.728601180000105 ], [ -73.915072337999888, 40.72797082000011 ], [ -73.917966966999956, 40.728500771000093 ], [ -73.917342506, 40.731382826000115 ], [ -73.919038251999865, 40.732005966000067 ], [ -73.917592508000013, 40.735239441000033 ], [ -73.916897418999909, 40.735444708000081 ], [ -73.916515227999867, 40.736757346000026 ], [ -73.917177379999785, 40.736897870000135 ], [ -73.916511905999954, 40.738944758000073 ], [ -73.915674695999954, 40.740784929000071 ], [ -73.914434831999884, 40.740531053000083 ], [ -73.913793886999798, 40.742514492000176 ], [ -73.911941297999903, 40.742382949000124 ], [ -73.911247222999805, 40.745783993000074 ], [ -73.912448537999893, 40.745920402000039 ], [ -73.911909790999928, 40.748105395000067 ], [ -73.911642027999832, 40.748684576000095 ], [ -73.910158606999943, 40.748501968000113 ], [ -73.909451827999831, 40.750655507000133 ], [ -73.910674748999966, 40.752995077000087 ], [ -73.909012590999922, 40.75427981500016 ], [ -73.906315050999879, 40.759843876000119 ], [ -73.907794054999869, 40.760517800000116 ], [ -73.903569155999975, 40.765781789000116 ] ] ] } },
{ "type": "Feature", "properties": { "LocationID": 261, "zone": "World Trade Center", "borough": "Manhattan", "venues": 0, "cohort": "Low" }, "geometry": { "type": "Polygon", "coordinates": [ [ [ -74.013253963999929, 40.70587051400009 ], [ -74.013269794999971, 40.70455349600018 ], [ -74.016686130999986, 40.704799338000107 ], [ -74.013753884999971, 40.713690555000078 ], [ -74.008600853999923, 40.711392240000144 ], [ -74.013253963999929, 40.70587051400009 ] ] ] } },
{ "type": "Feature", "properties": { "LocationID": 262, "zone": "Yorkville East", "borough": "Manhattan", "venues": 0, "cohort": "Low" }, "geometry": { "type": "MultiPolygon", "coordinates": [ [ [ [ -73.943760052999906, 40.782828932000086 ], [ -73.94360047475412, 40.780159099466324 ], [ -73.943213862652172, 40.779317588660234 ], [ -73.942716005450862, 40.77954416947631 ], [ -73.942893408187885, 40.778614093246375 ], [ -73.942002667222738, 40.776185317382904 ], [ -73.94366431814754, 40.773840764679576 ], [ -73.947489754781714, 40.770115154009737 ], [ -73.952685149999937, 40.772339405000125 ], [ -73.944722644999857, 40.783247572000064 ], [ -73.943760052999906, 40.782828932000086 ] ] ], [ [ [ -73.937901336239506, 40.780749996172737 ], [ -73.937646318214789, 40.781001215893049 ], [ -73.93759894622616, 40.780467840861604 ], [ -73.938612008219451, 40.780338955869112 ], [ -73.939530157932538, 40.779527620260652 ], [ -73.938300979516455, 40.781362084365171 ], [ -73.937901336239506, 40.780749996172737 ] ] ] ] } },
{ "type": "Feature", "properties": { "LocationID": 263, "zone": "Yorkville West", "borough": "Manhattan", "venues": 0, "cohort": "Low" }, "geometry": { "type": "Polygon", "coordinates": [ [ [ -73.944722644999857, 40.783247572000064 ], [ -73.952685149999937, 40.772339405000125 ], [ -73.957294099999856, 40.774283555000096 ], [ -73.949331705999924, 40.785193127000142 ], [ -73.944722644999857, 40.783247572000064 ] ] ] } }
]
}
